Time,Voltage,Current,Temperature,SOC,SOH
0.0,12.100075,1.947899,28.001017,1.0,0.9
0.001,12.101485,1.986729,28.001043,0.9995,0.9
0.002,12.09347,2.001162,28.00061,0.998999,0.9
0.003,12.094158,1.980481,28.001351,0.998499,0.9
0.004,12.080912,2.087421,28.002673,0.997999,0.9
0.005,12.093868,2.039609,28.002469,0.997499,0.9
0.006,12.083428,1.9981,28.00264,0.996998,0.9
0.007,12.084577,2.049114,28.003946,0.996498,0.9
0.008,12.070248,1.989718,28.004298,0.995998,0.9
0.009,12.084573,2.028163,28.005045,0.995498,0.9
0.01,12.068618,1.972462,28.007806,0.994997,0.9
0.011,12.083792,2.124687,28.009492,0.994497,0.9
0.012,12.080466,2.080311,28.00901,0.993997,0.9
0.013,12.077342,2.082284,28.010952,0.993497,0.9
0.014,12.0948,1.976267,28.012122,0.992996,0.9
0.015,12.070101,2.121227,28.012325,0.992496,0.9
0.016,12.070589,2.046574,28.013144,0.991996,0.9
0.017,12.07045,2.11988,28.013851,0.991496,0.9
0.018,12.060365,2.081877,28.014466,0.990995,0.9
0.019,12.076952,2.075599,28.01571,0.990495,0.9
0.02,12.056423,2.157124,28.015926,0.989995,0.9
0.021,12.052079,2.191493,28.016891,0.989495,0.9
0.022,12.053504,2.237303,28.018364,0.988994,0.9
0.023,12.037896,2.31432,28.019987,0.988494,0.9
0.024,12.043365,2.203517,28.019505,0.987994,0.9
0.025,12.038276,2.295971,28.019564,0.987494,0.9
0.026,12.034841,2.304908,28.019629,0.986993,0.9
0.027,12.041757,2.296003,28.021081,0.986493,0.9
0.028,12.041363,2.364839,28.021403,0.985993,0.9
0.029,12.034441,2.278596,28.022518,0.985493,0.9
0.03,12.03534,2.404215,28.023162,0.984992,0.9
0.031,12.021579,2.425346,28.023293,0.984492,0.9
0.032,12.03635,2.467132,28.024092,0.983992,0.9
0.033,12.041993,2.479052,28.02336,0.983492,0.9
0.034,12.043664,2.449765,28.023347,0.982991,0.9
0.035,12.017769,2.479824,28.02598,0.982491,0.9
0.036,12.019606,2.560049,28.026092,0.981991,0.9
0.037,12.021508,2.58871,28.028601,0.981491,0.9
0.038,12.029265,2.553536,28.030092,0.98099,0.9
0.039,12.004769,2.652877,28.030183,0.98049,0.9
0.04,12.013926,2.657669,28.031137,0.97999,0.9
0.041,11.99909,2.774126,28.031731,0.97949,0.9
0.042,12.009687,2.694558,28.032028,0.978989,0.9
0.043,11.995588,2.706971,28.031642,0.978489,0.9
0.044,11.991119,2.852008,28.032588,0.977989,0.9
0.045,11.980399,2.902971,28.034665,0.977489,0.9
0.046,11.970482,2.822667,28.036875,0.976988,0.9
0.047,12.006433,2.807809,28.037895,0.976488,0.9
0.048,11.967929,3.006711,28.038897,0.975988,0.9
0.049,11.986147,3.022046,28.040315,0.975488,0.9
0.05,11.974521,3.027286,28.041075,0.974987,0.9
0.051,11.967559,3.066542,28.042734,0.974487,0.9
0.052,11.974377,3.066694,28.043464,0.973987,0.9
0.053,11.981921,3.031354,28.042911,0.973487,0.9
0.054,11.970393,3.19947,28.043755,0.972986,0.9
0.055,11.94923,3.380173,28.044024,0.972486,0.9
0.056,11.943645,3.359479,28.045645,0.971986,0.9
0.057,11.948234,3.355734,28.047007,0.971486,0.9
0.058,11.972816,3.342489,28.049849,0.970985,0.9
0.059,11.946035,3.438768,28.050471,0.970485,0.9
0.06,11.947535,3.37592,28.052318,0.969985,0.9
0.061,11.93452,3.36343,28.053674,0.969485,0.9
0.062,11.9385,3.490516,28.054625,0.968984,0.9
0.063,11.941635,3.587237,28.054695,0.968484,0.9
0.064,11.944215,3.611949,28.055649,0.967984,0.9
0.065,11.932287,3.609763,28.056965,0.967484,0.9
0.066,11.912259,3.748751,28.059028,0.966983,0.9
0.067,11.918437,3.714533,28.06035,0.966483,0.9
0.068,11.909955,3.844934,28.06056,0.965983,0.9
0.069,11.914042,3.769785,28.061173,0.965483,0.9
0.07,11.896264,3.889212,28.06249,0.964982,0.9
0.071,11.903483,3.867288,28.062918,0.964482,0.9
0.072,11.902176,3.947361,28.064098,0.963982,0.9
0.073,11.883152,4.016651,28.064814,0.963482,0.9
0.074,11.885196,4.0163,28.066766,0.962981,0.9
0.075,11.880657,4.162351,28.070173,0.962481,0.9
0.076,11.875992,4.189266,28.071889,0.961981,0.9
0.077,11.878376,4.27853,28.072983,0.961481,0.9
0.078,11.872846,4.269375,28.075094,0.96098,0.9
0.079,11.871518,4.338656,28.077171,0.96048,0.9
0.08,11.873287,4.308505,28.077855,0.95998,0.9
0.081,11.875949,4.314977,28.082605,0.95948,0.9
0.082,11.871789,4.427707,28.084049,0.958979,0.9
0.083,11.835946,4.470599,28.086035,0.958479,0.9
0.084,11.845958,4.539569,28.087898,0.957979,0.9
0.085,11.839197,4.593123,28.090646,0.957479,0.9
0.086,11.861032,4.484638,28.092479,0.956978,0.9
0.087,11.846965,4.631556,28.092299,0.956478,0.9
0.088,11.842724,4.606608,28.093502,0.955978,0.9
0.089,11.844903,4.648966,28.09493,0.955478,0.9
0.09,11.826708,4.757649,28.096859,0.954977,0.9
0.091,11.819784,4.820371,28.099579,0.954477,0.9
0.092,11.827482,4.806022,28.10186,0.953977,0.9
0.093,11.82519,4.812901,28.103875,0.953477,0.9
0.094,11.807442,4.952436,28.107183,0.952976,0.9
0.095,11.82028,4.948373,28.111578,0.952476,0.9
0.096,11.805973,4.935556,28.113347,0.951976,0.9
0.097,11.807854,5.067421,28.115341,0.951476,0.9
0.098,11.807633,5.150067,28.119255,0.950975,0.9
0.099,11.807591,5.185705,28.121408,0.950475,0.9
0.1,11.789527,5.151272,28.124659,0.949975,0.9
0.101,11.798357,5.238018,28.127152,0.949475,0.9
0.102,11.787869,5.33626,28.129709,0.948974,0.9
0.103,11.798714,5.308208,28.132613,0.948474,0.9
0.104,11.785103,5.351183,28.136129,0.947974,0.9
0.105,11.783167,5.399565,28.139645,0.947474,0.9
0.106,11.78894,5.440641,28.141983,0.946973,0.9
0.107,11.769282,5.483904,28.144223,0.946473,0.9
0.108,11.761611,5.487916,28.147471,0.945973,0.9
0.109,11.767946,5.545758,28.150502,0.945473,0.9
0.11,11.756279,5.57541,28.153264,0.944972,0.9
0.111,11.752413,5.562318,28.154559,0.944472,0.9
0.112,11.763412,5.700627,28.156213,0.943972,0.9
0.113,11.743266,5.693362,28.159063,0.943472,0.9
0.114,11.745858,5.706011,28.163402,0.942971,0.9
0.115,11.729383,5.879581,28.167856,0.942471,0.9
0.116,11.741904,5.808428,28.170548,0.941971,0.9
0.117,11.749212,5.716776,28.174088,0.941471,0.9
0.118,11.743097,5.851969,28.178139,0.94097,0.9
0.119,11.740427,5.877628,28.181826,0.94047,0.9
0.12,11.741924,5.912731,28.185528,0.93997,0.9
0.121,11.740025,5.860561,28.189993,0.93947,0.9
0.122,11.735615,5.96325,28.193177,0.938969,0.9
0.123,11.733271,5.997346,28.196603,0.938469,0.9
0.124,11.721949,6.004987,28.201204,0.937969,0.9
0.125,11.729296,5.993036,28.206009,0.937469,0.9
0.126,11.697364,6.147137,28.211093,0.936968,0.9
0.127,11.709353,6.111513,28.214649,0.936468,0.9
0.128,11.714318,6.116874,28.218682,0.935968,0.9
0.129,11.687488,6.159239,28.222025,0.935468,0.9
0.13,11.684508,6.188024,28.226768,0.934967,0.9
0.131,11.698803,6.183757,28.230727,0.934467,0.9
0.132,11.692272,6.164111,28.23541,0.933967,0.9
0.133,11.6904,6.276955,28.240326,0.933467,0.9
0.134,11.675575,6.314075,28.245272,0.932966,0.9
0.135,11.700099,6.282111,28.250383,0.932466,0.9
0.136,11.692351,6.306782,28.255119,0.931966,0.9
0.137,11.686922,6.384104,28.258919,0.931466,0.9
0.138,11.682211,6.315468,28.263032,0.930965,0.9
0.139,11.678852,6.495605,28.269713,0.930465,0.9
0.14,11.674155,6.429382,28.274281,0.929965,0.9
0.141,11.678495,6.385978,28.278908,0.929465,0.9
0.142,11.673665,6.579318,28.283135,0.928964,0.9
0.143,11.674777,6.399638,28.287259,0.928464,0.9
0.144,11.681864,6.402476,28.291092,0.927964,0.9
0.145,11.6702,6.340866,28.29611,0.927464,0.9
0.146,11.673741,6.427835,28.298979,0.926963,0.9
0.147,11.664131,6.374769,28.30355,0.926463,0.9
0.148,11.663351,6.432753,28.307675,0.925963,0.9
0.149,11.67681,6.415442,28.313659,0.925463,0.9
0.15,11.66938,6.516582,28.318299,0.924962,0.9
0.151,11.662816,6.491734,28.322771,0.924462,0.9
0.152,11.649308,6.5303,28.328098,0.923962,0.9
0.153,11.649855,6.575979,28.331669,0.923462,0.9
0.154,11.655969,6.556382,28.336468,0.922961,0.9
0.155,11.658187,6.475651,28.340911,0.922461,0.9
0.156,11.655154,6.510865,28.344916,0.921961,0.9
0.157,11.642736,6.465439,28.348805,0.921461,0.9
0.158,11.655658,6.486286,28.35408,0.92096,0.9
0.159,11.655066,6.36178,28.358701,0.92046,0.9
0.16,11.647048,6.484936,28.363233,0.91996,0.9
0.161,11.647915,6.480664,28.366101,0.91946,0.9
0.162,11.644342,6.45146,28.369903,0.918959,0.9
0.163,11.65026,6.443368,28.373432,0.918459,0.9
0.164,11.632175,6.563204,28.377603,0.917959,0.9
0.165,11.635051,6.427144,28.382296,0.917459,0.9
0.166,11.643574,6.414215,28.387393,0.916958,0.9
0.167,11.629214,6.402967,28.393087,0.916458,0.9
0.168,11.645687,6.377288,28.395997,0.915958,0.9
0.169,11.642012,6.451272,28.399769,0.915458,0.9
0.17,11.634371,6.352178,28.403287,0.914957,0.9
0.171,11.612205,6.378278,28.406203,0.914457,0.9
0.172,11.636261,6.363279,28.409608,0.913957,0.9
0.173,11.628127,6.405661,28.414382,0.913457,0.9
0.174,11.633264,6.430026,28.41931,0.912956,0.9
0.175,11.641683,6.320224,28.422244,0.912456,0.9
0.176,11.636658,6.331622,28.426211,0.911956,0.9
0.177,11.62377,6.332605,28.43114,0.911456,0.9
0.178,11.625732,6.250713,28.436152,0.910955,0.9
0.179,11.63057,6.350163,28.440065,0.910455,0.9
0.18,11.625452,6.212314,28.44364,0.909955,0.9
0.181,11.613635,6.225386,28.448051,0.909455,0.9
0.182,11.623981,6.137886,28.451416,0.908954,0.9
0.183,11.630577,6.216645,28.455391,0.908454,0.9
0.184,11.632592,6.126865,28.460548,0.907954,0.9
0.185,11.635197,6.158551,28.462367,0.907454,0.9
0.186,11.636331,6.139644,28.466769,0.906953,0.9
0.187,11.622191,6.131192,28.47087,0.906453,0.9
0.188,11.625886,6.13509,28.476528,0.905953,0.9
0.189,11.635412,6.000076,28.480041,0.905453,0.9
0.19,11.635385,5.950516,28.483598,0.904952,0.9
0.191,11.619896,5.944686,28.487467,0.904452,0.9
0.192,11.630583,5.97374,28.492205,0.903952,0.9
0.193,11.623985,5.953702,28.498459,0.903452,0.9
0.194,11.62405,6.005056,28.502363,0.902951,0.9
0.195,11.641898,5.774236,28.505516,0.902451,0.9
0.196,11.619038,5.869669,28.50966,0.901951,0.9
0.197,11.61432,5.725052,28.514632,0.901451,0.9
0.198,11.623087,5.681561,28.516917,0.90095,0.9
0.199,11.61369,5.741136,28.518766,0.90045,0.9
0.2,11.631985,5.65275,28.523831,0.89995,0.9
0.201,11.631034,5.713063,28.526324,0.89945,0.9
0.202,11.631482,5.635758,28.529954,0.898949,0.9
0.203,11.6309,5.625033,28.533753,0.898449,0.9
0.204,11.620252,5.582643,28.535707,0.897949,0.9
0.205,11.645717,5.498752,28.539726,0.897449,0.9
0.206,11.636261,5.49871,28.54252,0.896948,0.9
0.207,11.640278,5.476305,28.545927,0.896448,0.9
0.208,11.635698,5.394091,28.549138,0.895948,0.9
0.209,11.641241,5.350248,28.552716,0.895448,0.9
0.21,11.646088,5.351795,28.556062,0.894947,0.9
0.211,11.630347,5.346397,28.560277,0.894447,0.9
0.212,11.636077,5.302362,28.563636,0.893947,0.9
0.213,11.646582,5.234105,28.56635,0.893447,0.9
0.214,11.637776,5.174225,28.569867,0.892946,0.9
0.215,11.657391,5.171528,28.572589,0.892446,0.9
0.216,11.649955,5.03217,28.575361,0.891946,0.9
0.217,11.64082,5.076152,28.577999,0.891446,0.9
0.218,11.646362,5.056535,28.57992,0.890945,0.9
0.219,11.65664,4.972172,28.583687,0.890445,0.9
0.22,11.644565,4.953118,28.583723,0.889945,0.9
0.221,11.641384,4.895151,28.585008,0.889445,0.9
0.222,11.655005,4.78457,28.58589,0.888944,0.9
0.223,11.650871,4.782365,28.590279,0.888444,0.9
0.224,11.643233,4.766089,28.593927,0.887944,0.9
0.225,11.648415,4.74552,28.595764,0.887444,0.9
0.226,11.660095,4.734808,28.599668,0.886943,0.9
0.227,11.65562,4.584871,28.601656,0.886443,0.9
0.228,11.642688,4.538738,28.602991,0.885943,0.9
0.229,11.664987,4.614076,28.604363,0.885443,0.9
0.23,11.665908,4.337972,28.608311,0.884942,0.9
0.231,11.645297,4.468208,28.610044,0.884442,0.9
0.232,11.66945,4.322886,28.612373,0.883942,0.9
0.233,11.660787,4.367525,28.612955,0.883442,0.9
0.234,11.668598,4.301465,28.613532,0.882941,0.9
0.235,11.654138,4.329542,28.614076,0.882441,0.9
0.236,11.671098,4.249508,28.615446,0.881941,0.9
0.237,11.664124,4.229315,28.617115,0.881441,0.9
0.238,11.664212,4.189806,28.617418,0.88094,0.9
0.239,11.664627,4.037931,28.620158,0.88044,0.9
0.24,11.680537,4.03997,28.62281,0.87994,0.9
0.241,11.652331,3.98242,28.624382,0.87944,0.9
0.242,11.667808,3.974553,28.626478,0.878939,0.9
0.243,11.677527,3.887646,28.627046,0.878439,0.9
0.244,11.656762,3.934703,28.628785,0.877939,0.9
0.245,11.670471,3.864205,28.629404,0.877439,0.9
0.246,11.660255,3.737051,28.629562,0.876938,0.9
0.247,11.684272,3.671479,28.63278,0.876438,0.9
0.248,11.674581,3.721658,28.634937,0.875938,0.9
0.249,11.668038,3.643894,28.63614,0.875438,0.9
0.25,11.677893,3.52525,28.639438,0.874937,0.9
0.251,11.670964,3.560258,28.641346,0.874437,0.9
0.252,11.66711,3.497212,28.641762,0.873937,0.9
0.253,11.667943,3.554516,28.641704,0.873437,0.9
0.254,11.67677,3.475772,28.642259,0.872936,0.9
0.255,11.681336,3.425426,28.642298,0.872436,0.9
0.256,11.672783,3.406994,28.641849,0.871936,0.9
0.257,11.677213,3.237337,28.6432,0.871436,0.9
0.258,11.675327,3.313485,28.642641,0.870935,0.9
0.259,11.686731,3.297138,28.644002,0.870435,0.9
0.26,11.678884,3.172393,28.643159,0.869935,0.9
0.261,11.67151,3.135432,28.644435,0.869435,0.9
0.262,11.697376,3.081988,28.646801,0.868934,0.9
0.263,11.680516,3.025567,28.648051,0.868434,0.9
0.264,11.688534,3.057575,28.648956,0.867934,0.9
0.265,11.686138,2.897075,28.64947,0.867434,0.9
0.266,11.691145,2.973628,28.651379,0.866933,0.9
0.267,11.68178,2.953766,28.652459,0.866433,0.9
0.268,11.696382,2.858615,28.652915,0.865933,0.9
0.269,11.670817,2.855002,28.653551,0.865433,0.9
0.27,11.683015,2.875516,28.653942,0.864932,0.9
0.271,11.674419,2.86405,28.653917,0.864432,0.9
0.272,11.701259,2.679714,28.652832,0.863932,0.9
0.273,11.684112,2.71278,28.65363,0.863432,0.9
0.274,11.681348,2.747662,28.654054,0.862931,0.9
0.275,11.695292,2.587701,28.654709,0.862431,0.9
0.276,11.698218,2.627363,28.655691,0.861931,0.9
0.277,11.686108,2.523844,28.658777,0.861431,0.9
0.278,11.681382,2.608426,28.658443,0.86093,0.9
0.279,11.698382,2.450117,28.658798,0.86043,0.9
0.28,11.691721,2.475886,28.660208,0.85993,0.9
0.281,11.717074,2.426614,28.659635,0.85943,0.9
0.282,11.685102,2.468502,28.660296,0.858929,0.9
0.283,11.692993,2.506667,28.65919,0.858429,0.9
0.284,11.681001,2.392009,28.659078,0.857929,0.9
0.285,11.680793,2.301127,28.660082,0.857429,0.9
0.286,11.684715,2.377408,28.660233,0.856928,0.9
0.287,11.680364,2.347846,28.658406,0.856428,0.9
0.288,11.691668,2.359854,28.659054,0.855928,0.9
0.289,11.69109,2.318173,28.66003,0.855428,0.9
0.29,11.674404,2.314658,28.65952,0.854927,0.9
0.291,11.687078,2.274141,28.660478,0.854427,0.9
0.292,11.700544,2.236657,28.660267,0.853927,0.9
0.293,11.676465,2.252777,28.660054,0.853427,0.9
0.294,11.696699,2.111046,28.6595,0.852926,0.9
0.295,11.709227,2.132041,28.658185,0.852426,0.9
0.296,11.68878,2.146295,28.658786,0.851926,0.9
0.297,11.677248,2.226146,28.660002,0.851426,0.9
0.298,11.695556,2.060589,28.659866,0.850925,0.9
0.299,11.683186,2.148263,28.661084,0.850425,0.9
0.3,11.675857,2.05041,28.6608,0.849925,0.9
0.301,11.675096,2.099603,28.661513,0.849425,0.9
0.302,11.663866,2.095085,28.661701,0.848924,0.9
0.303,11.688344,2.024946,28.664099,0.848424,0.9
0.304,11.693247,2.026692,28.664939,0.847924,0.9
0.305,11.67986,2.012101,28.665287,0.847424,0.9
0.306,11.659531,2.076117,28.665953,0.846923,0.9
0.307,11.678196,2.092166,28.66643,0.846423,0.9
0.308,11.671611,2.034579,28.666918,0.845923,0.9
0.309,11.670359,2.041,28.66599,0.845423,0.9
0.31,11.680986,1.929939,28.666492,0.844922,0.9
0.311,11.663242,2.046401,28.665818,0.844422,0.9
0.312,11.670617,2.042615,28.665846,0.843922,0.9
0.313,11.663071,1.993885,28.667073,0.843422,0.9
0.314,11.668079,2.010111,28.668199,0.842921,0.9
0.315,11.680511,1.970699,28.667342,0.842421,0.9
0.316,11.677897,1.990163,28.667759,0.841921,0.9
0.317,11.663798,1.990135,28.669331,0.841421,0.9
0.318,11.659923,1.975044,28.670454,0.84092,0.9
0.319,11.652326,1.99496,28.670824,0.84042,0.9
0.32,11.661477,1.968634,28.670868,0.83992,0.9
0.321,11.652029,2.015163,28.672096,0.83942,0.9
0.322,11.653216,2.041627,28.671909,0.838919,0.9
0.323,11.651311,2.013577,28.672025,0.838419,0.9
0.324,11.642854,2.077356,28.672334,0.837919,0.9
0.325,11.656513,2.046995,28.673773,0.837419,0.9
0.326,11.654743,2.086335,28.674809,0.836918,0.9
0.327,11.658227,2.07708,28.67473,0.836418,0.9
0.328,11.637391,2.113966,28.674225,0.835918,0.9
0.329,11.638679,2.156099,28.676222,0.835418,0.9
0.33,11.637887,2.170961,28.676826,0.834917,0.9
0.331,11.631307,2.248157,28.675289,0.834417,0.9
0.332,11.638849,2.205629,28.676304,0.833917,0.9
0.333,11.632786,2.156767,28.677067,0.833417,0.9
0.334,11.638903,2.177105,28.678923,0.832916,0.9
0.335,11.633696,2.1467,28.678077,0.832416,0.9
0.336,11.61858,2.281022,28.678701,0.831916,0.9
0.337,11.614228,2.28517,28.679424,0.831416,0.9
0.338,11.624516,2.193206,28.680212,0.830915,0.9
0.339,11.629602,2.165192,28.679594,0.830415,0.9
0.34,11.614689,2.275879,28.678835,0.829915,0.9
0.341,11.612741,2.334192,28.678073,0.829415,0.9
0.342,11.627994,2.412883,28.678278,0.828914,0.9
0.343,11.604055,2.328694,28.678705,0.828414,0.9
0.344,11.596989,2.415574,28.680032,0.827914,0.9
0.345,11.605076,2.410743,28.680535,0.827414,0.9
0.346,11.607514,2.364398,28.682145,0.826913,0.9
0.347,11.59282,2.543425,28.680895,0.826413,0.9
0.348,11.592576,2.496739,28.682241,0.825913,0.9
0.349,11.589041,2.457083,28.681961,0.825413,0.9
0.35,11.587682,2.535837,28.681816,0.824912,0.9
0.351,11.594903,2.633502,28.680177,0.824412,0.9
0.352,11.599502,2.623731,28.681034,0.823912,0.9
0.353,11.5765,2.598407,28.682952,0.823412,0.9
0.354,11.585387,2.650537,28.683497,0.822911,0.9
0.355,11.583936,2.682367,28.686604,0.822411,0.9
0.356,11.575396,2.765566,28.688922,0.821911,0.9
0.357,11.567917,2.758628,28.688468,0.821411,0.9
0.358,11.554119,2.841533,28.690361,0.82091,0.9
0.359,11.564591,2.813715,28.690978,0.82041,0.9
0.36,11.568212,2.961367,28.692489,0.81991,0.9
0.361,11.564189,2.894749,28.694654,0.81941,0.9
0.362,11.558648,2.87841,28.696114,0.818909,0.9
0.363,11.546033,2.972312,28.695926,0.818409,0.9
0.364,11.53537,3.052518,28.697603,0.817909,0.9
0.365,11.528717,3.081017,28.698039,0.817409,0.9
0.366,11.525501,3.175465,28.69836,0.816908,0.9
0.367,11.540897,3.142357,28.699223,0.816408,0.9
0.368,11.542953,3.111666,28.70268,0.815908,0.9
0.369,11.533689,3.208071,28.702927,0.815408,0.9
0.37,11.53023,3.325494,28.704854,0.814907,0.9
0.371,11.526314,3.347581,28.706095,0.814407,0.9
0.372,11.520759,3.24015,28.706535,0.813907,0.9
0.373,11.516509,3.367814,28.708055,0.813407,0.9
0.374,11.517909,3.359845,28.709225,0.812906,0.9
0.375,11.505322,3.517,28.710898,0.812406,0.9
0.376,11.508672,3.492665,28.712867,0.811906,0.9
0.377,11.500588,3.568005,28.714615,0.811406,0.9
0.378,11.48712,3.600824,28.714903,0.810905,0.9
0.379,11.504319,3.614907,28.717431,0.810405,0.9
0.38,11.470638,3.729967,28.719472,0.809905,0.9
0.381,11.483745,3.772527,28.721434,0.809405,0.9
0.382,11.481616,3.800399,28.723114,0.808904,0.9
0.383,11.476923,3.771552,28.722646,0.808404,0.9
0.384,11.479438,3.841476,28.723073,0.807904,0.9
0.385,11.460123,3.863271,28.726831,0.807404,0.9
0.386,11.458103,4.008384,28.730972,0.806903,0.9
0.387,11.466059,4.056074,28.732615,0.806403,0.9
0.388,11.461783,4.075634,28.733005,0.805903,0.9
0.389,11.451999,4.099578,28.734778,0.805403,0.9
0.39,11.45815,4.172334,28.735381,0.804902,0.9
0.391,11.446688,4.131764,28.73815,0.804402,0.9
0.392,11.43605,4.194141,28.740302,0.803902,0.9
0.393,11.444617,4.157494,28.744401,0.803402,0.9
0.394,11.427171,4.33129,28.746453,0.802901,0.9
0.395,11.422593,4.316485,28.748012,0.802401,0.9
0.396,11.440306,4.358316,28.751897,0.801901,0.9
0.397,11.420848,4.437478,28.754299,0.801401,0.9
0.398,11.420074,4.451754,28.756421,0.8009,0.9
0.399,11.408599,4.495834,28.758845,0.8004,0.9
0.4,11.403541,4.598631,28.761508,0.7999,0.9
0.401,11.405364,4.609725,28.761939,0.7994,0.9
0.402,11.400725,4.700647,28.764019,0.798899,0.9
0.403,11.410385,4.739701,28.765858,0.798399,0.9
0.404,11.410208,4.763354,28.768526,0.797899,0.9
0.405,11.408854,4.78441,28.769608,0.797399,0.9
0.406,11.385365,4.856401,28.772672,0.796898,0.9
0.407,11.356642,4.909448,28.776211,0.796398,0.9
0.408,11.393714,4.944503,28.777762,0.795898,0.9
0.409,11.385968,4.958203,28.780202,0.795398,0.9
0.41,11.354481,5.010545,28.782598,0.794897,0.9
0.411,11.374174,5.123708,28.785369,0.794397,0.9
0.412,11.369039,5.047165,28.786301,0.793897,0.9
0.413,11.367346,5.18525,28.788842,0.793397,0.9
0.414,11.365313,5.240949,28.792548,0.792896,0.9
0.415,11.369388,5.292568,28.795029,0.792396,0.9
0.416,11.350074,5.23922,28.79693,0.791896,0.9
0.417,11.350568,5.2268,28.799611,0.791396,0.9
0.418,11.346092,5.283209,28.802286,0.790895,0.9
0.419,11.340172,5.360371,28.804884,0.790395,0.9
0.42,11.333503,5.438369,28.806704,0.789895,0.9
0.421,11.330249,5.457355,28.810141,0.789395,0.9
0.422,11.340066,5.421683,28.813198,0.788894,0.9
0.423,11.313766,5.561945,28.814569,0.788394,0.9
0.424,11.317483,5.564761,28.817246,0.787894,0.9
0.425,11.320891,5.676843,28.819623,0.787394,0.9
0.426,11.31837,5.650758,28.82299,0.786893,0.9
0.427,11.316181,5.801037,28.824742,0.786393,0.9
0.428,11.301914,5.840792,28.828361,0.785893,0.9
0.429,11.312943,5.669349,28.830864,0.785393,0.9
0.43,11.303971,5.755127,28.83548,0.784892,0.9
0.431,11.318041,5.816944,28.838781,0.784392,0.9
0.432,11.301163,5.848115,28.84346,0.783892,0.9
0.433,11.289687,5.932716,28.846371,0.783392,0.9
0.434,11.291127,5.889378,28.848345,0.782891,0.9
0.435,11.295513,5.93844,28.852267,0.782391,0.9
0.436,11.292637,5.955466,28.8577,0.781891,0.9
0.437,11.281181,6.009755,28.862011,0.781391,0.9
0.438,11.284683,6.081848,28.866885,0.78089,0.9
0.439,11.28307,6.025992,28.872872,0.78039,0.9
0.44,11.269114,6.098077,28.876229,0.77989,0.9
0.441,11.269482,6.191691,28.880958,0.77939,0.9
0.442,11.265625,6.100894,28.88375,0.778889,0.9
0.443,11.284645,6.17013,28.888042,0.778389,0.9
0.444,11.263337,6.20127,28.891262,0.777889,0.9
0.445,11.256861,6.164526,28.894891,0.777389,0.9
0.446,11.263762,6.186404,28.900617,0.776888,0.9
0.447,11.253702,6.308044,28.904015,0.776388,0.9
0.448,11.237961,6.28676,28.908441,0.775888,0.9
0.449,11.259058,6.203048,28.913482,0.775388,0.9
0.45,11.259328,6.339509,28.917435,0.774887,0.9
0.451,11.24841,6.328572,28.922101,0.774387,0.9
0.452,11.249168,6.269302,28.926306,0.773887,0.9
0.453,11.236766,6.367001,28.931713,0.773387,0.9
0.454,11.245092,6.366973,28.934767,0.772886,0.9
0.455,11.239486,6.346049,28.940598,0.772386,0.9
0.456,11.248299,6.431386,28.943954,0.771886,0.9
0.457,11.235649,6.508918,28.94939,0.771386,0.9
0.458,11.225897,6.3484,28.952944,0.770885,0.9
0.459,11.236313,6.455597,28.957384,0.770385,0.9
0.46,11.241205,6.396089,28.962111,0.769885,0.9
0.461,11.216703,6.395499,28.965847,0.769385,0.9
0.462,11.228237,6.417945,28.97045,0.768884,0.9
0.463,11.22853,6.449767,28.974774,0.768384,0.9
0.464,11.221706,6.415561,28.979143,0.767884,0.9
0.465,11.22498,6.431841,28.985905,0.767384,0.9
0.466,11.220009,6.563034,28.991856,0.766883,0.9
0.467,11.218263,6.517847,28.996342,0.766383,0.9
0.468,11.217919,6.551629,28.999602,0.765883,0.9
0.469,11.230333,6.464614,29.003855,0.765383,0.9
0.47,11.206225,6.513463,29.009479,0.764882,0.9
0.471,11.208938,6.524853,29.01445,0.764382,0.9
0.472,11.206443,6.488185,29.01762,0.763882,0.9
0.473,11.215979,6.525425,29.022462,0.763382,0.9
0.474,11.208335,6.466002,29.028584,0.762881,0.9
0.475,11.18866,6.525805,29.032561,0.762381,0.9
0.476,11.219886,6.400725,29.036819,0.761881,0.9
0.477,11.202974,6.5199,29.040614,0.761381,0.9
0.478,11.188874,6.552569,29.043434,0.76088,0.9
0.479,11.205667,6.516699,29.048093,0.76038,0.9
0.48,11.189323,6.512507,29.051779,0.75988,0.9
0.481,11.187649,6.439931,29.057516,0.75938,0.9
0.482,11.188998,6.447543,29.060266,0.758879,0.9
0.483,11.200119,6.408046,29.063595,0.758379,0.9
0.484,11.192643,6.438768,29.068546,0.757879,0.9
0.485,11.185384,6.344939,29.073664,0.757379,0.9
0.486,11.214814,6.36751,29.076721,0.756878,0.9
0.487,11.201806,6.449955,29.080458,0.756378,0.9
0.488,11.189393,6.405126,29.08573,0.755878,0.9
0.489,11.196767,6.328639,29.089296,0.755378,0.9
0.49,11.193202,6.451064,29.093475,0.754877,0.9
0.491,11.183084,6.389443,29.097992,0.754377,0.9
0.492,11.193921,6.309399,29.102523,0.753877,0.9
0.493,11.200611,6.244389,29.105807,0.753377,0.9
0.494,11.195669,6.304273,29.111549,0.752876,0.9
0.495,11.175103,6.321416,29.117173,0.752376,0.9
0.496,11.179221,6.251987,29.120007,0.751876,0.9
0.497,11.17623,6.105275,29.122757,0.751376,0.9
0.498,11.192783,6.081982,29.125882,0.750875,0.9
0.499,11.197498,6.198988,29.129608,0.750375,0.9
0.5,11.185294,6.054199,29.133133,0.749875,0.9
0.501,11.167478,6.207477,29.138022,0.749375,0.9
0.502,11.192642,6.159378,29.140683,0.748874,0.9
0.503,11.18019,6.049299,29.143257,0.748374,0.9
0.504,11.184653,6.072105,29.14687,0.747874,0.9
0.505,11.181798,5.937242,29.149641,0.747374,0.9
0.506,11.204732,5.960781,29.151818,0.746873,0.9
0.507,11.187206,6.027231,29.15476,0.746373,0.9
0.508,11.167574,5.966416,29.156739,0.745873,0.9
0.509,11.190757,5.827727,29.160594,0.745373,0.9
0.51,11.189878,5.847413,29.163154,0.744872,0.9
0.511,11.17838,5.972698,29.164413,0.744372,0.9
0.512,11.180686,5.830104,29.167018,0.743872,0.9
0.513,11.192987,5.772872,29.17046,0.743372,0.9
0.514,11.181988,5.758526,29.175321,0.742871,0.9
0.515,11.177583,5.715991,29.179422,0.742371,0.9
0.516,11.181939,5.655748,29.181385,0.741871,0.9
0.517,11.205787,5.532851,29.185,0.741371,0.9
0.518,11.204501,5.576755,29.190693,0.74087,0.9
0.519,11.191732,5.596448,29.194275,0.74037,0.9
0.52,11.188565,5.568363,29.195482,0.73987,0.9
0.521,11.188942,5.454448,29.197924,0.73937,0.9
0.522,11.169949,5.465456,29.198968,0.738869,0.9
0.523,11.192951,5.406461,29.202087,0.738369,0.9
0.524,11.196762,5.336618,29.204651,0.737869,0.9
0.525,11.167896,5.356883,29.20762,0.737369,0.9
0.526,11.180505,5.287751,29.20832,0.736868,0.9
0.527,11.185061,5.236306,29.210295,0.736368,0.9
0.528,11.196716,5.228469,29.214036,0.735868,0.9
0.529,11.193963,5.274827,29.218484,0.735368,0.9
0.53,11.183989,5.086102,29.219598,0.734867,0.9
0.531,11.207939,4.98757,29.22455,0.734367,0.9
0.532,11.181201,4.9995,29.227092,0.733867,0.9
0.533,11.190481,4.976423,29.2305,0.733367,0.9
0.534,11.203216,4.915608,29.233456,0.732866,0.9
0.535,11.197401,4.907056,29.235938,0.732366,0.9
0.536,11.204808,4.819606,29.238809,0.731866,0.9
0.537,11.198048,4.752499,29.240885,0.731366,0.9
0.538,11.196227,4.743086,29.243248,0.730865,0.9
0.539,11.182626,4.75767,29.24584,0.730365,0.9
0.54,11.191469,4.738168,29.249423,0.729865,0.9
0.541,11.195137,4.672985,29.250515,0.729365,0.9
0.542,11.202071,4.599567,29.251991,0.728864,0.9
0.543,11.209816,4.657469,29.253611,0.728364,0.9
0.544,11.207879,4.525329,29.256463,0.727864,0.9
0.545,11.220891,4.455208,29.260169,0.727364,0.9
0.546,11.213647,4.416951,29.262969,0.726863,0.9
0.547,11.208582,4.373103,29.26549,0.726363,0.9
0.548,11.223151,4.339978,29.26781,0.725863,0.9
0.549,11.198073,4.376788,29.269329,0.725363,0.9
0.55,11.212676,4.211193,29.27083,0.724862,0.9
0.551,11.228245,4.110604,29.272575,0.724362,0.9
0.552,11.214691,4.140589,29.274343,0.723862,0.9
0.553,11.20397,4.086188,29.276424,0.723362,0.9
0.554,11.218423,4.066293,29.277109,0.722861,0.9
0.555,11.194106,4.032595,29.280986,0.722361,0.9
0.556,11.210429,4.012111,29.284998,0.721861,0.9
0.557,11.206641,3.913643,29.284869,0.721361,0.9
0.558,11.229954,3.821525,29.286636,0.72086,0.9
0.559,11.22783,3.909054,29.289807,0.72036,0.9
0.56,11.222143,3.761732,29.29027,0.71986,0.9
0.561,11.209754,3.785248,29.292305,0.71936,0.9
0.562,11.229073,3.656014,29.291802,0.718859,0.9
0.563,11.215404,3.643488,29.292204,0.718359,0.9
0.564,11.210714,3.616281,29.292304,0.717859,0.9
0.565,11.233222,3.537685,29.29293,0.717359,0.9
0.566,11.220303,3.519539,29.293526,0.716858,0.9
0.567,11.231761,3.51892,29.295503,0.716358,0.9
0.568,11.228956,3.54991,29.297456,0.715858,0.9
0.569,11.228392,3.351302,29.299046,0.715358,0.9
0.57,11.237024,3.402669,29.299754,0.714857,0.9
0.571,11.22542,3.375172,29.301641,0.714357,0.9
0.572,11.248587,3.189856,29.303553,0.713857,0.9
0.573,11.237585,3.218833,29.305392,0.713357,0.9
0.574,11.22508,3.282914,29.305603,0.712856,0.9
0.575,11.228191,3.189223,29.30828,0.712356,0.9
0.576,11.236092,3.108471,29.308726,0.711856,0.9
0.577,11.233509,3.095013,29.308513,0.711356,0.9
0.578,11.221851,3.055323,29.310433,0.710855,0.9
0.579,11.22558,3.075628,29.312283,0.710355,0.9
0.58,11.240038,2.966125,29.313459,0.709855,0.9
0.581,11.226696,2.91176,29.315748,0.709355,0.9
0.582,11.23192,2.968018,29.316124,0.708854,0.9
0.583,11.233123,2.879336,29.315738,0.708354,0.9
0.584,11.235012,2.861152,29.316278,0.707854,0.9
0.585,11.239249,2.762237,29.317064,0.707354,0.9
0.586,11.238702,2.785424,29.318636,0.706853,0.9
0.587,11.244018,2.625683,29.320193,0.706353,0.9
0.588,11.246838,2.718225,29.320229,0.705853,0.9
0.589,11.229469,2.681239,29.322987,0.705353,0.9
0.59,11.236854,2.605764,29.324347,0.704852,0.9
0.591,11.229594,2.560453,29.326626,0.704352,0.9
0.592,11.238971,2.628591,29.32696,0.703852,0.9
0.593,11.223752,2.582054,29.326142,0.703352,0.9
0.594,11.238599,2.450104,29.32717,0.702851,0.9
0.595,11.236491,2.451318,29.327358,0.702351,0.9
0.596,11.235484,2.485803,29.327627,0.701851,0.9
0.597,11.238134,2.352318,29.327856,0.701351,0.9
0.598,11.240289,2.309295,29.32824,0.70085,0.9
0.599,11.241382,2.333316,29.329945,0.70035,0.9
0.6,11.23021,2.459301,29.329805,0.69985,0.9
0.601,11.243236,2.284477,29.328487,0.69935,0.9
0.602,11.226121,2.370989,29.329895,0.698849,0.9
0.603,11.248919,2.214438,29.330872,0.698349,0.9
0.604,11.237101,2.255787,29.331129,0.697849,0.9
0.605,11.221305,2.255812,29.331958,0.697349,0.9
0.606,11.226168,2.228597,29.332344,0.696848,0.9
0.607,11.228298,2.248517,29.33376,0.696348,0.9
0.608,11.237618,2.194828,29.333479,0.695848,0.9
0.609,11.228939,2.2302,29.333531,0.695348,0.9
0.61,11.231929,2.191767,29.33385,0.694847,0.9
0.611,11.231302,2.18855,29.334833,0.694347,0.9
0.612,11.225394,2.115291,29.335122,0.693847,0.9
0.613,11.242133,2.050133,29.334774,0.693347,0.9
0.614,11.225784,2.155356,29.334832,0.692846,0.9
0.615,11.241194,2.129012,29.335697,0.692346,0.9
0.616,11.229871,2.094205,29.335777,0.691846,0.9
0.617,11.223112,2.087441,29.336637,0.691346,0.9
0.618,11.239716,1.975914,29.336396,0.690845,0.9
0.619,11.231107,1.990037,29.336899,0.690345,0.9
0.62,11.221062,2.011804,29.336364,0.689845,0.9
0.621,11.223108,2.05432,29.337641,0.689345,0.9
0.622,11.221882,2.044927,29.337428,0.688844,0.9
0.623,11.210942,2.093664,29.33819,0.688344,0.9
0.624,11.224072,2.074393,29.339177,0.687844,0.9
0.625,11.235196,1.967166,29.339324,0.687344,0.9
0.626,11.22354,1.943405,29.33962,0.686843,0.9
0.627,11.20741,1.973406,29.341315,0.686343,0.9
0.628,11.198602,2.054124,29.342724,0.685843,0.9
0.629,11.20316,1.999787,29.34283,0.685343,0.9
0.63,11.199241,2.031884,29.343031,0.684842,0.9
0.631,11.21271,1.926034,29.343029,0.684342,0.9
0.632,11.208326,2.057425,29.342963,0.683842,0.9
0.633,11.220836,1.984306,29.343424,0.683342,0.9
0.634,11.205801,1.982276,29.345279,0.682841,0.9
0.635,11.210532,2.039404,29.344859,0.682341,0.9
0.636,11.19608,2.035265,29.346755,0.681841,0.9
0.637,11.202916,2.08464,29.347039,0.681341,0.9
0.638,11.191027,2.118698,29.348444,0.68084,0.9
0.639,11.198827,2.140318,29.349272,0.68034,0.9
0.64,11.206671,1.986043,29.348226,0.67984,0.9
0.641,11.194048,2.045727,29.348582,0.67934,0.9
0.642,11.172119,2.140237,29.349005,0.678839,0.9
0.643,11.185736,2.079103,29.352397,0.678339,0.9
0.644,11.180932,2.106954,29.354823,0.677839,0.9
0.645,11.194374,2.073661,29.355622,0.677339,0.9
0.646,11.173705,2.178705,29.356159,0.676838,0.9
0.647,11.178726,2.187319,29.356854,0.676338,0.9
0.648,11.149689,2.264012,29.357628,0.675838,0.9
0.649,11.172292,2.277339,29.357297,0.675338,0.9
0.65,11.186812,2.226335,29.356366,0.674837,0.9
0.651,11.170892,2.196198,29.358037,0.674337,0.9
0.652,11.177435,2.269423,29.358642,0.673837,0.9
0.653,11.16186,2.282402,29.358738,0.673337,0.9
0.654,11.162264,2.319863,29.359873,0.672836,0.9
0.655,11.153459,2.373285,29.360356,0.672336,0.9
0.656,11.137694,2.374634,29.359445,0.671836,0.9
0.657,11.140911,2.430315,29.360167,0.671336,0.9
0.658,11.157293,2.400365,29.360197,0.670835,0.9
0.659,11.138399,2.443642,29.36021,0.670335,0.9
0.66,11.142143,2.413443,29.360104,0.669835,0.9
0.661,11.143529,2.455375,29.361716,0.669335,0.9
0.662,11.131219,2.433971,29.361381,0.668834,0.9
0.663,11.139128,2.524631,29.361578,0.668334,0.9
0.664,11.131827,2.616758,29.362658,0.667834,0.9
0.665,11.134302,2.625585,29.363898,0.667334,0.9
0.666,11.148849,2.542265,29.363806,0.666833,0.9
0.667,11.101237,2.717344,29.364113,0.666333,0.9
0.668,11.128686,2.66252,29.365462,0.665833,0.9
0.669,11.130567,2.737786,29.368113,0.665333,0.9
0.67,11.106702,2.78734,29.368855,0.664832,0.9
0.671,11.119248,2.716603,29.368845,0.664332,0.9
0.672,11.105199,2.788309,29.369919,0.663832,0.9
0.673,11.101031,2.829591,29.370683,0.663332,0.9
0.674,11.107246,2.913055,29.371684,0.662831,0.9
0.675,11.096237,2.911082,29.370464,0.662331,0.9
0.676,11.075762,2.966237,29.371726,0.661831,0.9
0.677,11.078119,3.070889,29.371537,0.661331,0.9
0.678,11.075328,3.028719,29.371541,0.66083,0.9
0.679,11.078723,3.136371,29.370986,0.66033,0.9
0.68,11.071163,3.155302,29.373373,0.65983,0.9
0.681,11.086204,3.094759,29.376398,0.65933,0.9
0.682,11.078329,3.193011,29.377415,0.658829,0.9
0.683,11.078508,3.251524,29.377059,0.658329,0.9
0.684,11.048623,3.192024,29.37943,0.657829,0.9
0.685,11.070583,3.252066,29.382646,0.657329,0.9
0.686,11.046916,3.43996,29.384116,0.656828,0.9
0.687,11.060097,3.398348,29.384084,0.656328,0.9
0.688,11.048899,3.517566,29.388166,0.655828,0.9
0.689,11.052273,3.45339,29.389785,0.655328,0.9
0.69,11.037293,3.477359,29.391116,0.654827,0.9
0.691,11.041445,3.459747,29.393526,0.654327,0.9
0.692,11.029264,3.555278,29.394145,0.653827,0.9
0.693,11.027726,3.610573,29.392986,0.653327,0.9
0.694,11.038679,3.738043,29.393208,0.652826,0.9
0.695,11.030409,3.698089,29.396049,0.652326,0.9
0.696,11.019272,3.701493,29.398558,0.651826,0.9
0.697,10.998279,3.868979,29.399485,0.651326,0.9
0.698,11.015481,3.863246,29.400458,0.650825,0.9
0.699,11.009139,3.854208,29.402422,0.650325,0.9
0.7,10.996894,3.855745,29.404288,0.649825,0.9
0.701,10.999251,3.994585,29.406489,0.649325,0.9
0.702,10.994686,4.059041,29.408006,0.648824,0.9
0.703,10.99288,4.04358,29.409801,0.648324,0.9
0.704,10.972154,4.135273,29.411307,0.647824,0.9
0.705,10.98283,4.187136,29.414642,0.647324,0.9
0.706,10.982813,4.198028,29.417143,0.646823,0.9
0.707,10.997825,4.23983,29.418716,0.646323,0.9
0.708,10.967751,4.222165,29.420323,0.645823,0.9
0.709,10.963811,4.36089,29.423555,0.645323,0.9
0.71,10.966843,4.432125,29.426312,0.644822,0.9
0.711,10.955655,4.494027,29.42846,0.644322,0.9
0.712,10.980129,4.4217,29.429983,0.643822,0.9
0.713,10.956987,4.425578,29.431565,0.643322,0.9
0.714,10.954722,4.605998,29.434611,0.642821,0.9
0.715,10.951301,4.608862,29.434597,0.642321,0.9
0.716,10.957514,4.643454,29.438487,0.641821,0.9
0.717,10.941252,4.664731,29.440499,0.641321,0.9
0.718,10.941012,4.674266,29.44229,0.64082,0.9
0.719,10.922413,4.733242,29.445533,0.64032,0.9
0.72,10.937061,4.751369,29.448763,0.63982,0.9
0.721,10.930203,4.850756,29.449603,0.63932,0.9
0.722,10.924416,4.956686,29.452292,0.638819,0.9
0.723,10.916533,4.985703,29.45365,0.638319,0.9
0.724,10.914912,5.022372,29.456772,0.637819,0.9
0.725,10.908462,5.045782,29.460061,0.637319,0.9
0.726,10.920856,4.927576,29.462124,0.636818,0.9
0.727,10.89425,5.132976,29.465896,0.636318,0.9
0.728,10.897557,5.218216,29.467668,0.635818,0.9
0.729,10.896453,5.161629,29.469018,0.635318,0.9
0.73,10.890129,5.296067,29.471564,0.634817,0.9
0.731,10.891601,5.263348,29.474298,0.634317,0.9
0.732,10.874048,5.344023,29.476169,0.633817,0.9
0.733,10.883625,5.469293,29.47884,0.633317,0.9
0.734,10.872747,5.368242,29.481242,0.632816,0.9
0.735,10.87855,5.424067,29.486296,0.632316,0.9
0.736,10.880769,5.594661,29.488667,0.631816,0.9
0.737,10.866789,5.572606,29.491838,0.631316,0.9
0.738,10.868224,5.572323,29.495515,0.630815,0.9
0.739,10.862331,5.613237,29.49885,0.630315,0.9
0.74,10.854057,5.596796,29.499545,0.629815,0.9
0.741,10.84327,5.715396,29.502889,0.629315,0.9
0.742,10.853217,5.707201,29.506724,0.628814,0.9
0.743,10.8415,5.781272,29.508959,0.628314,0.9
0.744,10.838486,5.771704,29.513044,0.627814,0.9
0.745,10.830216,5.823145,29.517001,0.627314,0.9
0.746,10.835984,5.787545,29.520338,0.626813,0.9
0.747,10.848331,5.774456,29.523119,0.626313,0.9
0.748,10.83136,5.850211,29.525743,0.625813,0.9
0.749,10.825338,6.056018,29.528115,0.625313,0.9
0.75,10.811082,6.002683,29.532116,0.624812,0.9
0.751,10.815473,6.052608,29.534788,0.624312,0.9
0.752,10.809593,6.008783,29.536259,0.623812,0.9
0.753,10.81647,6.09198,29.539096,0.623312,0.9
0.754,10.81031,6.105402,29.54225,0.622811,0.9
0.755,10.805357,6.117018,29.544383,0.622311,0.9
0.756,10.815233,6.221002,29.549454,0.621811,0.9
0.757,10.814848,6.140246,29.552838,0.621311,0.9
0.758,10.79694,6.104668,29.558026,0.62081,0.9
0.759,10.791456,6.136466,29.561473,0.62031,0.9
0.76,10.80033,6.158472,29.566895,0.61981,0.9
0.761,10.78902,6.339049,29.571257,0.61931,0.9
0.762,10.790038,6.254202,29.574765,0.618809,0.9
0.763,10.806617,6.218019,29.577894,0.618309,0.9
0.764,10.786146,6.369415,29.582423,0.617809,0.9
0.765,10.777853,6.392197,29.586875,0.617309,0.9
0.766,10.77177,6.272774,29.589578,0.616808,0.9
0.767,10.767169,6.409506,29.593282,0.616308,0.9
0.768,10.764403,6.430697,29.598719,0.615808,0.9
0.769,10.788762,6.334009,29.602268,0.615308,0.9
0.77,10.762202,6.330817,29.60664,0.614807,0.9
0.771,10.762587,6.545277,29.61187,0.614307,0.9
0.772,10.780361,6.361698,29.616843,0.613807,0.9
0.773,10.765843,6.377376,29.621268,0.613307,0.9
0.774,10.766778,6.348518,29.624613,0.612806,0.9
0.775,10.759634,6.46569,29.630261,0.612306,0.9
0.776,10.759813,6.422942,29.634962,0.611806,0.9
0.777,10.750814,6.492015,29.639987,0.611306,0.9
0.778,10.752701,6.538741,29.645151,0.610805,0.9
0.779,10.745583,6.461443,29.651444,0.610305,0.9
0.78,10.743573,6.551127,29.655899,0.609805,0.9
0.781,10.76007,6.449435,29.660378,0.609305,0.9
0.782,10.754293,6.539517,29.664674,0.608804,0.9
0.783,10.74759,6.426932,29.669458,0.608304,0.9
0.784,10.743667,6.448531,29.672418,0.607804,0.9
0.785,10.746202,6.514895,29.677146,0.607304,0.9
0.786,10.744643,6.504663,29.682139,0.606803,0.9
0.787,10.742416,6.468401,29.686058,0.606303,0.9
0.788,10.749007,6.426195,29.690036,0.605803,0.9
0.789,10.745017,6.510534,29.694383,0.605303,0.9
0.79,10.73344,6.504676,29.696361,0.604802,0.9
0.791,10.726236,6.498553,29.700589,0.604302,0.9
0.792,10.7288,6.41858,29.703678,0.603802,0.9
0.793,10.731471,6.435902,29.708169,0.603302,0.9
0.794,10.731098,6.48719,29.713569,0.602801,0.9
0.795,10.734066,6.39106,29.715835,0.602301,0.9
0.796,10.716437,6.417215,29.721182,0.601801,0.9
0.797,10.722007,6.5237,29.724966,0.601301,0.9
0.798,10.720094,6.412578,29.72967,0.6008,0.9
0.799,10.736704,6.333349,29.732222,0.6003,0.9
0.8,10.721211,6.273966,29.735735,0.5998,0.9
0.801,10.730501,6.415359,29.741294,0.5993,0.9
0.802,10.730672,6.354593,29.746615,0.598799,0.9
0.803,10.697185,6.415899,29.749887,0.598299,0.9
0.804,10.736266,6.331965,29.754501,0.597799,0.9
0.805,10.716841,6.306464,29.758115,0.597299,0.9
0.806,10.727805,6.26849,29.762934,0.596798,0.9
0.807,10.707943,6.237481,29.766482,0.596298,0.9
0.808,10.722029,6.239354,29.772191,0.595798,0.9
0.809,10.725716,6.211473,29.776896,0.595298,0.9
0.81,10.716811,6.142742,29.779691,0.594797,0.9
0.811,10.711952,6.250773,29.78363,0.594297,0.9
0.812,10.720024,6.170106,29.786832,0.593797,0.9
0.813,10.710876,6.140308,29.789853,0.593297,0.9
0.814,10.718845,6.12474,29.792233,0.592796,0.9
0.815,10.699168,6.150008,29.796025,0.592296,0.9
0.816,10.723615,6.145509,29.800526,0.591796,0.9
0.817,10.717809,5.984132,29.806158,0.591296,0.9
0.818,10.710692,6.104956,29.811299,0.590795,0.9
0.819,10.720078,6.001785,29.813769,0.590295,0.9
0.82,10.713319,5.882257,29.817569,0.589795,0.9
0.821,10.713516,5.901111,29.819324,0.589295,0.9
0.822,10.704779,5.866463,29.821983,0.588794,0.9
0.823,10.716512,5.784006,29.825498,0.588294,0.9
0.824,10.723243,5.876557,29.828065,0.587794,0.9
0.825,10.710644,5.779213,29.832028,0.587294,0.9
0.826,10.710662,5.811374,29.837129,0.586793,0.9
0.827,10.711579,5.759404,29.840182,0.586293,0.9
0.828,10.710301,5.723914,29.840431,0.585793,0.9
0.829,10.720068,5.718263,29.845136,0.585293,0.9
0.83,10.698973,5.660489,29.84897,0.584792,0.9
0.831,10.728022,5.548781,29.85322,0.584292,0.9
0.832,10.726618,5.507957,29.856188,0.583792,0.9
0.833,10.722339,5.4933,29.858512,0.583292,0.9
0.834,10.733524,5.39292,29.861908,0.582791,0.9
0.835,10.72873,5.516463,29.865346,0.582291,0.9
0.836,10.722544,5.487899,29.868017,0.581791,0.9
0.837,10.719284,5.387092,29.872075,0.581291,0.9
0.838,10.709386,5.349727,29.87558,0.58079,0.9
0.839,10.717651,5.401502,29.877467,0.58029,0.9
0.84,10.719144,5.386854,29.880178,0.57979,0.9
0.841,10.716105,5.272984,29.881038,0.57929,0.9
0.842,10.726538,5.243476,29.885256,0.578789,0.9
0.843,10.726321,5.160641,29.888179,0.578289,0.9
0.844,10.715868,5.204483,29.890807,0.577789,0.9
0.845,10.723982,5.058979,29.894323,0.577289,0.9
0.846,10.716778,5.127796,29.896642,0.576788,0.9
0.847,10.727003,4.89759,29.897919,0.576288,0.9
0.848,10.719217,5.081472,29.899142,0.575788,0.9
0.849,10.729536,4.902666,29.902774,0.575288,0.9
0.85,10.734171,4.883928,29.905519,0.574787,0.9
0.851,10.716932,4.799802,29.906706,0.574287,0.9
0.852,10.727425,4.779924,29.906831,0.573787,0.9
0.853,10.734072,4.661265,29.908431,0.573287,0.9
0.854,10.727488,4.683774,29.909412,0.572786,0.9
0.855,10.732938,4.624351,29.912056,0.572286,0.9
0.856,10.742169,4.617851,29.915882,0.571786,0.9
0.857,10.724377,4.561657,29.919163,0.571286,0.9
0.858,10.727381,4.470604,29.92083,0.570785,0.9
0.859,10.724613,4.525642,29.924523,0.570285,0.9
0.86,10.714506,4.51368,29.925676,0.569785,0.9
0.861,10.729559,4.430993,29.928797,0.569285,0.9
0.862,10.731709,4.272288,29.931742,0.568784,0.9
0.863,10.728473,4.259292,29.933201,0.568284,0.9
0.864,10.736188,4.319067,29.934728,0.567784,0.9
0.865,10.734473,4.152283,29.936109,0.567284,0.9
0.866,10.72777,4.207858,29.936911,0.566783,0.9
0.867,10.751738,4.12971,29.939239,0.566283,0.9
0.868,10.739944,4.097343,29.942013,0.565783,0.9
0.869,10.728998,3.957576,29.944573,0.565283,0.9
0.87,10.737534,3.964527,29.946041,0.564782,0.9
0.871,10.750574,3.951199,29.948318,0.564282,0.9
0.872,10.745885,3.873037,29.949814,0.563782,0.9
0.873,10.733726,3.793799,29.952833,0.563282,0.9
0.874,10.737932,3.824042,29.955769,0.562781,0.9
0.875,10.747777,3.779861,29.957982,0.562281,0.9
0.876,10.743726,3.717666,29.960436,0.561781,0.9
0.877,10.760044,3.672838,29.962686,0.561281,0.9
0.878,10.746696,3.660542,29.963172,0.56078,0.9
0.879,10.750859,3.515967,29.963664,0.56028,0.9
0.88,10.729354,3.608845,29.963883,0.55978,0.9
0.881,10.752948,3.513668,29.963552,0.55928,0.9
0.882,10.743349,3.377131,29.965767,0.558779,0.9
0.883,10.759519,3.420204,29.96695,0.558279,0.9
0.884,10.755955,3.363487,29.969699,0.557779,0.9
0.885,10.751863,3.295582,29.970673,0.557279,0.9
0.886,10.762452,3.249662,29.971364,0.556778,0.9
0.887,10.754938,3.24523,29.973649,0.556278,0.9
0.888,10.740332,3.278646,29.975576,0.555778,0.9
0.889,10.754761,3.179088,29.975534,0.555278,0.9
0.89,10.754116,3.188584,29.975824,0.554777,0.9
0.891,10.756048,3.004075,29.977309,0.554277,0.9
0.892,10.737146,2.984305,29.978162,0.553777,0.9
0.893,10.745376,2.981634,29.978472,0.553277,0.9
0.894,10.745329,2.982826,29.981406,0.552776,0.9
0.895,10.762793,2.964572,29.98266,0.552276,0.9
0.896,10.763637,2.825391,29.98339,0.551776,0.9
0.897,10.74992,2.874829,29.983838,0.551276,0.9
0.898,10.750029,2.905836,29.983747,0.550775,0.9
0.899,10.766947,2.759446,29.985849,0.550275,0.9
0.9,10.757922,2.786205,29.987814,0.549775,0.9
0.901,10.75167,2.731006,29.986318,0.549275,0.9
0.902,10.756345,2.681608,29.988279,0.548774,0.9
0.903,10.754681,2.645556,29.987213,0.548274,0.9
0.904,10.76024,2.661425,29.987776,0.547774,0.9
0.905,10.774324,2.602412,29.991311,0.547274,0.9
0.906,10.746645,2.584338,29.990471,0.546773,0.9
0.907,10.768576,2.580867,29.992663,0.546273,0.9
0.908,10.7537,2.56326,29.99214,0.545773,0.9
0.909,10.743781,2.551504,29.992349,0.545273,0.9
0.91,10.744407,2.396928,29.991571,0.544772,0.9
0.911,10.759445,2.364996,29.991466,0.544272,0.9
0.912,10.742257,2.503213,29.990708,0.543772,0.9
0.913,10.763919,2.463901,29.990657,0.543272,0.9
0.914,10.763532,2.403355,29.989895,0.542771,0.9
0.915,10.740944,2.337055,29.990187,0.542271,0.9
0.916,10.756528,2.314193,29.990562,0.541771,0.9
0.917,10.750348,2.26492,29.989663,0.541271,0.9
0.918,10.765256,2.325712,29.991502,0.54077,0.9
0.919,10.753686,2.297005,29.992499,0.54027,0.9
0.92,10.739817,2.291155,29.993849,0.53977,0.9
0.921,10.74695,2.208306,29.993755,0.53927,0.9
0.922,10.751135,2.192029,29.994866,0.538769,0.9
0.923,10.750989,2.156504,29.996095,0.538269,0.9
0.924,10.755189,2.121469,29.99758,0.537769,0.9
0.925,10.750627,2.174617,29.996433,0.537269,0.9
0.926,10.750083,2.108414,29.997429,0.536768,0.9
0.927,10.750233,2.027526,29.998707,0.536268,0.9
0.928,10.73565,2.172135,29.998216,0.535768,0.9
0.929,10.771462,2.070612,29.999979,0.535268,0.9
0.93,10.735718,2.13678,30.000747,0.534767,0.9
0.931,10.745568,2.084495,29.999847,0.534267,0.9
0.932,10.755148,1.960876,29.999008,0.533767,0.9
0.933,10.733943,2.03212,29.998517,0.533267,0.9
0.934,10.735405,2.006439,30.000074,0.532766,0.9
0.935,10.737002,2.054399,30.000171,0.532266,0.9
0.936,10.740523,2.025057,29.999082,0.531766,0.9
0.937,10.737523,2.02043,29.999221,0.531266,0.9
0.938,10.73051,1.939094,30.000343,0.530765,0.9
0.939,10.734611,2.00877,30.000089,0.530265,0.9
0.94,10.726274,2.056862,29.999454,0.529765,0.9
0.941,10.718915,2.015326,30.000066,0.529265,0.9
0.942,10.712355,2.034425,30.001477,0.528764,0.9
0.943,10.738636,1.900415,30.002021,0.528264,0.9
0.944,10.714958,2.036689,30.000701,0.527764,0.9
0.945,10.709733,2.03487,30.001438,0.527264,0.9
0.946,10.717433,2.069452,30.00183,0.526763,0.9
0.947,10.730185,1.979248,30.002059,0.526263,0.9
0.948,10.702159,2.037574,30.001969,0.525763,0.9
0.949,10.711946,2.004919,30.002041,0.525263,0.9
0.95,10.714612,2.022117,30.001431,0.524762,0.9
0.951,10.705553,2.077026,30.004308,0.524262,0.9
0.952,10.706441,2.136533,30.004553,0.523762,0.9
0.953,10.704849,2.065344,30.004861,0.523262,0.9
0.954,10.695556,2.107863,30.004946,0.522761,0.9
0.955,10.6973,2.087122,30.005482,0.522261,0.9
0.956,10.709105,2.054471,30.005555,0.521761,0.9
0.957,10.690649,2.129619,30.005227,0.521261,0.9
0.958,10.680463,2.184357,30.005152,0.52076,0.9
0.959,10.679688,2.111386,30.005326,0.52026,0.9
0.96,10.698994,2.033404,30.005834,0.51976,0.9
0.961,10.6937,2.035204,30.005953,0.51926,0.9
0.962,10.68118,2.146874,30.006932,0.518759,0.9
0.963,10.692793,2.127002,30.008454,0.518259,0.9
0.964,10.677692,2.177022,30.009007,0.517759,0.9
0.965,10.663128,2.277656,30.009175,0.517259,0.9
0.966,10.681396,2.23724,30.009648,0.516758,0.9
0.967,10.674714,2.28186,30.010079,0.516258,0.9
0.968,10.670128,2.313584,30.010828,0.515758,0.9
0.969,10.665415,2.3083,30.012274,0.515258,0.9
0.97,10.660935,2.39615,30.01174,0.514757,0.9
0.971,10.653526,2.402442,30.013717,0.514257,0.9
0.972,10.657535,2.440862,30.013481,0.513757,0.9
0.973,10.655631,2.412166,30.013695,0.513257,0.9
0.974,10.65397,2.509225,30.015074,0.512756,0.9
0.975,10.665849,2.395513,30.014755,0.512256,0.9
0.976,10.649029,2.477323,30.016094,0.511756,0.9
0.977,10.645362,2.574176,30.017441,0.511256,0.9
0.978,10.656427,2.430556,30.018301,0.510755,0.9
0.979,10.641507,2.56733,30.019153,0.510255,0.9
0.98,10.626012,2.631797,30.019698,0.509755,0.9
0.981,10.640299,2.585278,30.020934,0.509255,0.9
0.982,10.617343,2.644398,30.019696,0.508754,0.9
0.983,10.629641,2.723366,30.020046,0.508254,0.9
0.984,10.609202,2.69665,30.018298,0.507754,0.9
0.985,10.612695,2.83251,30.019599,0.507254,0.9
0.986,10.60711,2.825745,30.020062,0.506753,0.9
0.987,10.604123,2.904573,30.020989,0.506253,0.9
0.988,10.616125,2.889513,30.022668,0.505753,0.9
0.989,10.613648,2.848297,30.022713,0.505253,0.9
0.99,10.595002,2.910671,30.023733,0.504752,0.9
0.991,10.614856,2.96715,30.026132,0.504252,0.9
0.992,10.586967,2.985851,30.02672,0.503752,0.9
0.993,10.588904,3.075337,30.028329,0.503252,0.9
0.994,10.602815,3.00139,30.031305,0.502751,0.9
0.995,10.59329,3.042776,30.032409,0.502251,0.9
0.996,10.561148,3.195346,30.03147,0.501751,0.9
0.997,10.571132,3.209279,30.031943,0.501251,0.9
0.998,10.581464,3.267842,30.03192,0.50075,0.9
0.999,10.562395,3.292919,30.033207,0.50025,0.9
1.0,10.57056,3.318305,30.032874,0.49975,0.9
1.001,10.552977,3.406064,30.033071,0.49925,0.9
1.002,10.569131,3.391604,30.034431,0.498749,0.9
1.003,10.56088,3.464418,30.032815,0.498249,0.9
1.004,10.551905,3.434247,30.034789,0.497749,0.9
1.005,10.547465,3.560032,30.036242,0.497249,0.9
1.006,10.54691,3.676815,30.037736,0.496748,0.9
1.007,10.539428,3.644366,30.035554,0.496248,0.9
1.008,10.535671,3.622339,30.037883,0.495748,0.9
1.009,10.534349,3.730012,30.03842,0.495248,0.9
1.01,10.513267,3.736653,30.040532,0.494747,0.9
1.011,10.516387,3.774674,30.042324,0.494247,0.9
1.012,10.520994,3.904615,30.044003,0.493747,0.9
1.013,10.517265,3.837916,30.045856,0.493247,0.9
1.014,10.517692,3.910174,30.046459,0.492746,0.9
1.015,10.503437,3.917409,30.047399,0.492246,0.9
1.016,10.512433,4.044586,30.050024,0.491746,0.9
1.017,10.49432,4.035203,30.051009,0.491246,0.9
1.018,10.503377,4.088345,30.054012,0.490745,0.9
1.019,10.492456,4.221754,30.056266,0.490245,0.9
1.02,10.484195,4.25508,30.058069,0.489745,0.9
1.021,10.477234,4.258079,30.060603,0.489245,0.9
1.022,10.479377,4.248288,30.064129,0.488744,0.9
1.023,10.474252,4.403598,30.064782,0.488244,0.9
1.024,10.479077,4.366789,30.067327,0.487744,0.9
1.025,10.477403,4.420183,30.06933,0.487244,0.9
1.026,10.470245,4.473598,30.071581,0.486743,0.9
1.027,10.451036,4.529333,30.073119,0.486243,0.9
1.028,10.47569,4.562294,30.074433,0.485743,0.9
1.029,10.453866,4.562398,30.078492,0.485243,0.9
1.03,10.438658,4.717311,30.080243,0.484742,0.9
1.031,10.438677,4.710839,30.084322,0.484242,0.9
1.032,10.428941,4.765508,30.086371,0.483742,0.9
1.033,10.438527,4.806626,30.088887,0.483242,0.9
1.034,10.438916,4.813528,30.092747,0.482741,0.9
1.035,10.42561,4.910605,30.094167,0.482241,0.9
1.036,10.412099,4.907623,30.097007,0.481741,0.9
1.037,10.424742,4.986868,30.100746,0.481241,0.9
1.038,10.424164,5.007568,30.102887,0.48074,0.9
1.039,10.424548,5.040991,30.105876,0.48024,0.9
1.04,10.416587,5.123714,30.108303,0.47974,0.9
1.041,10.416357,5.146827,30.113205,0.47924,0.9
1.042,10.393227,5.15615,30.117002,0.478739,0.9
1.043,10.405728,5.151861,30.119385,0.478239,0.9
1.044,10.393827,5.247193,30.123134,0.477739,0.9
1.045,10.402185,5.390476,30.125815,0.477239,0.9
1.046,10.382721,5.325433,30.128427,0.476738,0.9
1.047,10.382815,5.366595,30.130284,0.476238,0.9
1.048,10.378775,5.420496,30.133181,0.475738,0.9
1.049,10.384449,5.404136,30.137081,0.475238,0.9
1.05,10.36621,5.471144,30.140387,0.474737,0.9
1.051,10.368033,5.473342,30.143516,0.474237,0.9
1.052,10.36133,5.483573,30.145265,0.473737,0.9
1.053,10.35893,5.562682,30.148353,0.473237,0.9
1.054,10.361355,5.676086,30.152431,0.472736,0.9
1.055,10.359803,5.56929,30.155079,0.472236,0.9
1.056,10.357123,5.652674,30.158684,0.471736,0.9
1.057,10.338262,5.745227,30.163334,0.471236,0.9
1.058,10.329098,5.843047,30.166336,0.470735,0.9
1.059,10.338794,5.771538,30.170042,0.470235,0.9
1.06,10.350028,5.784656,30.174747,0.469735,0.9
1.061,10.327274,5.826559,30.17963,0.469235,0.9
1.062,10.322625,5.876673,30.183555,0.468734,0.9
1.063,10.317344,5.967688,30.187177,0.468234,0.9
1.064,10.336898,5.919055,30.189839,0.467734,0.9
1.065,10.323173,5.922588,30.193018,0.467234,0.9
1.066,10.319122,6.045489,30.194369,0.466733,0.9
1.067,10.318268,6.108889,30.19931,0.466233,0.9
1.068,10.311129,6.100703,30.201694,0.465733,0.9
1.069,10.310455,6.117838,30.206925,0.465233,0.9
1.07,10.318115,6.147874,30.209801,0.464732,0.9
1.071,10.285845,6.275362,30.213218,0.464232,0.9
1.072,10.294521,6.208683,30.219638,0.463732,0.9
1.073,10.297198,6.193393,30.224165,0.463232,0.9
1.074,10.297365,6.216493,30.226844,0.462731,0.9
1.075,10.279509,6.315257,30.229649,0.462231,0.9
1.076,10.302768,6.22195,30.23307,0.461731,0.9
1.077,10.276002,6.22838,30.236141,0.461231,0.9
1.078,10.277844,6.279088,30.240994,0.46073,0.9
1.079,10.272531,6.299188,30.246374,0.46023,0.9
1.08,10.282557,6.309491,30.251187,0.45973,0.9
1.081,10.273588,6.329794,30.255344,0.45923,0.9
1.082,10.261956,6.406898,30.259242,0.458729,0.9
1.083,10.26739,6.450477,30.264808,0.458229,0.9
1.084,10.283059,6.332423,30.269689,0.457729,0.9
1.085,10.254871,6.447118,30.275114,0.457229,0.9
1.086,10.267748,6.348729,30.279244,0.456728,0.9
1.087,10.259613,6.471755,30.284764,0.456228,0.9
1.088,10.267255,6.486052,30.28932,0.455728,0.9
1.089,10.261005,6.413496,30.292605,0.455228,0.9
1.09,10.262649,6.493243,30.295843,0.454727,0.9
1.091,10.24199,6.539495,30.298674,0.454227,0.9
1.092,10.266375,6.433661,30.302274,0.453727,0.9
1.093,10.243196,6.366469,30.307443,0.453227,0.9
1.094,10.238717,6.529982,30.312476,0.452726,0.9
1.095,10.238057,6.517682,30.318107,0.452226,0.9
1.096,10.242207,6.471676,30.32128,0.451726,0.9
1.097,10.245824,6.510904,30.325346,0.451226,0.9
1.098,10.220087,6.483973,30.330693,0.450725,0.9
1.099,10.230913,6.47201,30.334431,0.450225,0.9
1.1,10.236036,6.419515,30.337535,0.449725,0.9
1.101,10.236539,6.479365,30.341406,0.449225,0.9
1.102,10.247669,6.470084,30.344487,0.448724,0.9
1.103,10.234179,6.478407,30.349742,0.448224,0.9
1.104,10.23423,6.428574,30.353644,0.447724,0.9
1.105,10.22537,6.559115,30.358359,0.447224,0.9
1.106,10.220401,6.564677,30.362037,0.446723,0.9
1.107,10.221343,6.408787,30.367478,0.446223,0.9
1.108,10.22484,6.425493,30.371239,0.445723,0.9
1.109,10.217562,6.473885,30.374821,0.445223,0.9
1.11,10.228261,6.410642,30.378954,0.444722,0.9
1.111,10.210269,6.480659,30.383925,0.444222,0.9
1.112,10.205325,6.387868,30.387946,0.443722,0.9
1.113,10.219216,6.464621,30.391552,0.443222,0.9
1.114,10.215701,6.425397,30.395433,0.442721,0.9
1.115,10.222553,6.389097,30.399324,0.442221,0.9
1.116,10.217136,6.340458,30.402338,0.441721,0.9
1.117,10.216086,6.354893,30.406686,0.441221,0.9
1.118,10.213509,6.334838,30.411586,0.44072,0.9
1.119,10.191978,6.389815,30.414661,0.44022,0.9
1.12,10.222028,6.278554,30.418822,0.43972,0.9
1.121,10.205828,6.27291,30.422552,0.43922,0.9
1.122,10.207481,6.264773,30.426358,0.438719,0.9
1.123,10.209559,6.273859,30.429016,0.438219,0.9
1.124,10.209187,6.282238,30.432733,0.437719,0.9
1.125,10.206447,6.201601,30.438074,0.437219,0.9
1.126,10.219889,6.205193,30.441569,0.436718,0.9
1.127,10.206756,6.145058,30.44465,0.436218,0.9
1.128,10.199937,6.133263,30.449895,0.435718,0.9
1.129,10.192971,6.135534,30.452928,0.435218,0.9
1.13,10.198076,6.101924,30.457238,0.434717,0.9
1.131,10.191224,6.084774,30.461006,0.434217,0.9
1.132,10.208569,6.070031,30.464453,0.433717,0.9
1.133,10.199955,6.027928,30.468213,0.433217,0.9
1.134,10.208754,5.985713,30.472208,0.432716,0.9
1.135,10.200878,5.910298,30.476372,0.432216,0.9
1.136,10.207137,5.892108,30.481279,0.431716,0.9
1.137,10.205245,5.948623,30.485127,0.431216,0.9
1.138,10.181195,5.819885,30.488382,0.430715,0.9
1.139,10.198499,5.782623,30.490605,0.430215,0.9
1.14,10.198017,5.904811,30.494006,0.429715,0.9
1.141,10.196265,5.767961,30.497217,0.429215,0.9
1.142,10.200556,5.72644,30.500814,0.428714,0.9
1.143,10.194801,5.723564,30.50485,0.428214,0.9
1.144,10.214486,5.665532,30.507827,0.427714,0.9
1.145,10.20261,5.68004,30.511859,0.427214,0.9
1.146,10.18676,5.672227,30.51427,0.426713,0.9
1.147,10.216272,5.572148,30.517816,0.426213,0.9
1.148,10.193282,5.538397,30.521031,0.425713,0.9
1.149,10.192665,5.472402,30.524529,0.425213,0.9
1.15,10.204628,5.541698,30.526763,0.424712,0.9
1.151,10.19845,5.41057,30.5312,0.424212,0.9
1.152,10.213081,5.411637,30.534585,0.423712,0.9
1.153,10.194707,5.325839,30.537992,0.423212,0.9
1.154,10.199837,5.254312,30.54139,0.422711,0.9
1.155,10.202029,5.299441,30.543376,0.422211,0.9
1.156,10.220768,5.220875,30.54591,0.421711,0.9
1.157,10.205707,5.157914,30.54814,0.421211,0.9
1.158,10.212257,5.152051,30.550434,0.42071,0.9
1.159,10.223908,5.018228,30.554422,0.42021,0.9
1.16,10.212258,5.108913,30.556532,0.41971,0.9
1.161,10.220065,4.965254,30.558314,0.41921,0.9
1.162,10.216964,4.863576,30.561179,0.418709,0.9
1.163,10.195814,5.023735,30.563432,0.418209,0.9
1.164,10.203299,4.856039,30.56666,0.417709,0.9
1.165,10.196925,4.824343,30.567202,0.417209,0.9
1.166,10.230686,4.693333,30.570683,0.416708,0.9
1.167,10.223396,4.727149,30.574482,0.416208,0.9
1.168,10.200694,4.637537,30.576288,0.415708,0.9
1.169,10.195192,4.660592,30.577082,0.415208,0.9
1.17,10.216297,4.645863,30.580466,0.414707,0.9
1.171,10.207176,4.486341,30.583253,0.414207,0.9
1.172,10.215287,4.499969,30.585698,0.413707,0.9
1.173,10.217815,4.50097,30.586235,0.413207,0.9
1.174,10.22356,4.384707,30.587754,0.412706,0.9
1.175,10.21508,4.510372,30.590181,0.412206,0.9
1.176,10.216566,4.303255,30.59219,0.411706,0.9
1.177,10.225986,4.304464,30.594292,0.411206,0.9
1.178,10.225656,4.267376,30.59613,0.410705,0.9
1.179,10.218495,4.199574,30.597012,0.410205,0.9
1.18,10.218539,4.102163,30.599045,0.409705,0.9
1.181,10.21018,4.186725,30.602142,0.409205,0.9
1.182,10.223269,3.992731,30.604423,0.408704,0.9
1.183,10.229457,3.985843,30.604913,0.408204,0.9
1.184,10.216742,3.938502,30.607656,0.407704,0.9
1.185,10.219896,3.983809,30.610046,0.407204,0.9
1.186,10.22205,3.924511,30.611055,0.406703,0.9
1.187,10.221854,3.805977,30.612826,0.406203,0.9
1.188,10.21656,3.811858,30.616467,0.405703,0.9
1.189,10.218755,3.807545,30.618161,0.405203,0.9
1.19,10.246091,3.693697,30.618828,0.404702,0.9
1.191,10.220883,3.663321,30.620258,0.404202,0.9
1.192,10.230497,3.616967,30.621045,0.403702,0.9
1.193,10.225764,3.586077,30.623998,0.403202,0.9
1.194,10.231409,3.597955,30.627052,0.402701,0.9
1.195,10.228884,3.507856,30.628115,0.402201,0.9
1.196,10.239355,3.491083,30.627145,0.401701,0.9
1.197,10.238073,3.471576,30.629692,0.401201,0.9
1.198,10.218987,3.310972,30.631236,0.4007,0.9
1.199,10.207137,3.263276,30.633049,0.4002,0.9
1.2,10.233827,3.375185,30.635532,0.3997,0.9
1.201,10.228583,3.233273,30.635886,0.3992,0.9
1.202,10.234417,3.160533,30.637507,0.398699,0.9
1.203,10.221237,3.109548,30.638703,0.398199,0.9
1.204,10.223331,3.202889,30.641255,0.397699,0.9
1.205,10.226054,3.108984,30.642018,0.397199,0.9
1.206,10.229769,3.03804,30.644133,0.396698,0.9
1.207,10.226636,2.945612,30.644479,0.396198,0.9
1.208,10.225933,2.974538,30.645481,0.395698,0.9
1.209,10.234713,2.958453,30.647524,0.395198,0.9
1.21,10.242796,2.945695,30.649667,0.394697,0.9
1.211,10.236758,2.998189,30.649155,0.394197,0.9
1.212,10.23902,2.86493,30.649376,0.393697,0.9
1.213,10.229301,2.759619,30.65042,0.393197,0.9
1.214,10.240299,2.844258,30.650909,0.392696,0.9
1.215,10.238001,2.701011,30.650879,0.392196,0.9
1.216,10.233575,2.625844,30.649919,0.391696,0.9
1.217,10.227897,2.723807,30.650085,0.391196,0.9
1.218,10.229181,2.677164,30.649219,0.390695,0.9
1.219,10.220526,2.588375,30.650065,0.390195,0.9
1.22,10.242481,2.59562,30.650881,0.389695,0.9
1.221,10.225871,2.500284,30.650919,0.389195,0.9
1.222,10.232664,2.544877,30.650871,0.388694,0.9
1.223,10.236134,2.569146,30.652325,0.388194,0.9
1.224,10.21598,2.436826,30.652014,0.387694,0.9
1.225,10.223157,2.441381,30.652614,0.387194,0.9
1.226,10.230315,2.398876,30.652365,0.386693,0.9
1.227,10.23658,2.45418,30.653832,0.386193,0.9
1.228,10.237611,2.401506,30.652785,0.385693,0.9
1.229,10.239011,2.223881,30.655077,0.385193,0.9
1.23,10.228974,2.29671,30.655157,0.384692,0.9
1.231,10.229303,2.297088,30.657075,0.384192,0.9
1.232,10.222943,2.334538,30.656933,0.383692,0.9
1.233,10.224347,2.234166,30.65885,0.383192,0.9
1.234,10.231772,2.222786,30.661053,0.382691,0.9
1.235,10.227073,2.217996,30.661232,0.382191,0.9
1.236,10.226952,2.219164,30.662155,0.381691,0.9
1.237,10.231906,2.105298,30.664258,0.381191,0.9
1.238,10.208946,2.153206,30.665721,0.38069,0.9
1.239,10.217427,2.25935,30.664011,0.38019,0.9
1.24,10.208632,2.209501,30.664662,0.37969,0.9
1.241,10.224807,2.161928,30.66572,0.37919,0.9
1.242,10.219253,2.125611,30.665262,0.378689,0.9
1.243,10.222891,2.045861,30.666503,0.378189,0.9
1.244,10.212677,2.05484,30.66665,0.377689,0.9
1.245,10.220228,2.034409,30.667484,0.377189,0.9
1.246,10.210704,1.990929,30.667299,0.376688,0.9
1.247,10.203604,2.025276,30.667527,0.376188,0.9
1.248,10.210888,1.949991,30.668595,0.375688,0.9
1.249,10.201137,2.040517,30.668972,0.375188,0.9
1.25,10.198301,2.039781,30.669133,0.374687,0.9
1.251,10.206682,2.089924,30.669825,0.374187,0.9
1.252,10.202482,2.023717,30.671276,0.373687,0.9
1.253,10.206742,1.941959,30.670858,0.373187,0.9
1.254,10.20241,1.950717,30.670371,0.372686,0.9
1.255,10.195208,2.082173,30.669633,0.372186,0.9
1.256,10.20678,1.964201,30.670681,0.371686,0.9
1.257,10.204534,2.033849,30.671518,0.371186,0.9
1.258,10.200401,2.045135,30.673133,0.370685,0.9
1.259,10.184001,2.040459,30.672721,0.370185,0.9
1.26,10.187634,1.987016,30.673227,0.369685,0.9
1.261,10.178034,1.993177,30.673849,0.369185,0.9
1.262,10.184217,1.981123,30.675228,0.368684,0.9
1.263,10.177394,2.035759,30.676202,0.368184,0.9
1.264,10.176974,2.025162,30.675215,0.367684,0.9
1.265,10.1784,2.050199,30.673739,0.367184,0.9
1.266,10.174632,2.0719,30.674961,0.366683,0.9
1.267,10.180326,2.037981,30.675141,0.366183,0.9
1.268,10.167082,2.107295,30.675107,0.365683,0.9
1.269,10.192057,2.109252,30.676009,0.365183,0.9
1.27,10.172325,2.080149,30.67777,0.364682,0.9
1.271,10.176202,2.149675,30.679457,0.364182,0.9
1.272,10.170059,2.096035,30.678732,0.363682,0.9
1.273,10.148722,2.158801,30.680918,0.363182,0.9
1.274,10.148932,2.056695,30.681039,0.362681,0.9
1.275,10.148746,2.156818,30.681346,0.362181,0.9
1.276,10.145746,2.148224,30.682248,0.361681,0.9
1.277,10.140057,2.298549,30.682794,0.361181,0.9
1.278,10.161536,2.14286,30.682659,0.36068,0.9
1.279,10.135782,2.305039,30.68372,0.36018,0.9
1.28,10.141571,2.271718,30.682367,0.35968,0.9
1.281,10.149289,2.184235,30.683246,0.35918,0.9
1.282,10.150502,2.264171,30.684962,0.358679,0.9
1.283,10.122964,2.29899,30.685423,0.358179,0.9
1.284,10.122432,2.383099,30.686019,0.357679,0.9
1.285,10.118965,2.329294,30.684961,0.357179,0.9
1.286,10.113538,2.424256,30.68541,0.356678,0.9
1.287,10.133528,2.426475,30.685618,0.356178,0.9
1.288,10.096204,2.547714,30.688293,0.355678,0.9
1.289,10.102317,2.497668,30.688698,0.355178,0.9
1.29,10.105186,2.533079,30.689966,0.354677,0.9
1.291,10.11338,2.424523,30.690098,0.354177,0.9
1.292,10.103602,2.480292,30.690218,0.353677,0.9
1.293,10.106077,2.555474,30.690132,0.353177,0.9
1.294,10.094135,2.560618,30.690226,0.352676,0.9
1.295,10.094264,2.694754,30.690932,0.352176,0.9
1.296,10.100024,2.589375,30.69158,0.351676,0.9
1.297,10.086223,2.622684,30.692726,0.351176,0.9
1.298,10.080146,2.828392,30.693863,0.350675,0.9
1.299,10.084421,2.735074,30.695445,0.350175,0.9
1.3,10.072013,2.773987,30.696388,0.349675,0.9
1.301,10.075024,2.823302,30.699364,0.349175,0.9
1.302,10.065284,2.943362,30.6988,0.348674,0.9
1.303,10.073543,2.876917,30.699992,0.348174,0.9
1.304,10.063325,2.826169,30.701675,0.347674,0.9
1.305,10.053628,2.955764,30.702626,0.347174,0.9
1.306,10.05126,2.947313,30.702001,0.346673,0.9
1.307,10.065404,2.963178,30.70432,0.346173,0.9
1.308,10.047389,3.117515,30.703591,0.345673,0.9
1.309,10.029466,3.144293,30.702744,0.345173,0.9
1.31,10.034468,3.056855,30.702791,0.344672,0.9
1.311,10.028227,3.228449,30.703629,0.344172,0.9
1.312,10.009386,3.269472,30.703779,0.343672,0.9
1.313,10.018202,3.279281,30.705848,0.343172,0.9
1.314,10.029262,3.27488,30.707365,0.342671,0.9
1.315,10.029044,3.358175,30.708473,0.342171,0.9
1.316,10.019856,3.425752,30.709773,0.341671,0.9
1.317,10.009637,3.44877,30.711576,0.341171,0.9
1.318,10.000671,3.519732,30.713967,0.34067,0.9
1.319,9.994508,3.604894,30.715932,0.34017,0.9
1.32,9.991269,3.67523,30.717335,0.33967,0.9
1.321,10.003644,3.528235,30.717244,0.33917,0.9
1.322,9.989266,3.653657,30.717744,0.338669,0.9
1.323,9.978839,3.789281,30.720143,0.338169,0.9
1.324,9.980479,3.690093,30.720512,0.337669,0.9
1.325,9.978327,3.698056,30.723118,0.337169,0.9
1.326,9.974774,3.861839,30.725709,0.336668,0.9
1.327,9.955227,3.970815,30.725301,0.336168,0.9
1.328,9.984401,3.898229,30.726858,0.335668,0.9
1.329,9.958264,3.987463,30.728995,0.335168,0.9
1.33,9.957218,4.025371,30.730637,0.334667,0.9
1.331,9.944352,4.06961,30.731961,0.334167,0.9
1.332,9.946532,4.096903,30.735972,0.333667,0.9
1.333,9.945731,4.165299,30.737048,0.333167,0.9
1.334,9.940769,4.157418,30.73786,0.332666,0.9
1.335,9.93009,4.178663,30.741406,0.332166,0.9
1.336,9.941734,4.214751,30.743695,0.331666,0.9
1.337,9.941509,4.379419,30.746426,0.331166,0.9
1.338,9.916471,4.378414,30.748602,0.330665,0.9
1.339,9.924026,4.471861,30.748996,0.330165,0.9
1.34,9.911571,4.526075,30.7527,0.329665,0.9
1.341,9.925239,4.556272,30.754647,0.329165,0.9
1.342,9.904831,4.603867,30.757233,0.328664,0.9
1.343,9.913971,4.522603,30.757124,0.328164,0.9
1.344,9.900268,4.622543,30.760255,0.327664,0.9
1.345,9.896065,4.716037,30.761505,0.327164,0.9
1.346,9.895674,4.741814,30.763201,0.326663,0.9
1.347,9.89031,4.72875,30.763348,0.326163,0.9
1.348,9.88833,4.770955,30.767773,0.325663,0.9
1.349,9.872113,4.900253,30.767822,0.325163,0.9
1.35,9.876456,4.944434,30.768788,0.324662,0.9
1.351,9.867231,4.920682,30.774691,0.324162,0.9
1.352,9.879364,4.906678,30.777472,0.323662,0.9
1.353,9.845562,5.099666,30.780551,0.323162,0.9
1.354,9.855057,5.122403,30.782298,0.322661,0.9
1.355,9.842188,5.125653,30.785122,0.322161,0.9
1.356,9.856156,5.163351,30.787777,0.321661,0.9
1.357,9.858357,5.204305,30.788994,0.321161,0.9
1.358,9.839956,5.275698,30.790716,0.32066,0.9
1.359,9.855992,5.281399,30.793862,0.32016,0.9
1.36,9.835316,5.393926,30.796283,0.31966,0.9
1.361,9.83277,5.369515,30.799302,0.31916,0.9
1.362,9.8194,5.476965,30.80292,0.318659,0.9
1.363,9.831756,5.432294,30.805551,0.318159,0.9
1.364,9.822536,5.451554,30.809114,0.317659,0.9
1.365,9.807935,5.553586,30.811641,0.317159,0.9
1.366,9.81299,5.635856,30.813505,0.316658,0.9
1.367,9.802513,5.531798,30.817836,0.316158,0.9
1.368,9.795508,5.628134,30.82157,0.315658,0.9
1.369,9.803568,5.725009,30.825696,0.315158,0.9
1.37,9.796255,5.605965,30.829567,0.314657,0.9
1.371,9.804689,5.670756,30.83246,0.314157,0.9
1.372,9.801059,5.75032,30.835076,0.313657,0.9
1.373,9.772361,5.78305,30.839504,0.313157,0.9
1.374,9.760504,5.98131,30.84095,0.312656,0.9
1.375,9.769032,5.895412,30.844333,0.312156,0.9
1.376,9.766273,5.952171,30.847454,0.311656,0.9
1.377,9.787915,5.823268,30.850709,0.311156,0.9
1.378,9.766356,5.895748,30.852208,0.310655,0.9
1.379,9.76535,5.889112,30.85567,0.310155,0.9
1.38,9.763925,6.049584,30.859368,0.309655,0.9
1.381,9.752785,6.068114,30.862099,0.309155,0.9
1.382,9.733627,6.104832,30.865486,0.308654,0.9
1.383,9.761758,6.033675,30.869497,0.308154,0.9
1.384,9.756631,6.016302,30.873312,0.307654,0.9
1.385,9.74112,6.09386,30.877793,0.307154,0.9
1.386,9.735646,6.207528,30.882335,0.306653,0.9
1.387,9.753604,6.142894,30.888345,0.306153,0.9
1.388,9.749635,6.137545,30.893606,0.305653,0.9
1.389,9.708539,6.264368,30.898889,0.305153,0.9
1.39,9.731152,6.258395,30.902671,0.304652,0.9
1.391,9.720676,6.248443,30.906723,0.304152,0.9
1.392,9.733802,6.27273,30.911958,0.303652,0.9
1.393,9.715019,6.299761,30.916691,0.303152,0.9
1.394,9.698816,6.399892,30.920187,0.302651,0.9
1.395,9.736704,6.300967,30.924761,0.302151,0.9
1.396,9.709449,6.380851,30.928532,0.301651,0.9
1.397,9.716088,6.327356,30.934014,0.301151,0.9
1.398,9.702238,6.373012,30.93522,0.30065,0.9
1.399,9.698699,6.380051,30.938828,0.30015,0.9
1.4,9.697805,6.410697,30.943262,0.29965,0.9
1.401,9.683813,6.457152,30.947603,0.29915,0.9
1.402,9.688746,6.396683,30.952079,0.298649,0.9
1.403,9.697803,6.422991,30.956187,0.298149,0.9
1.404,9.684385,6.509669,30.961051,0.297649,0.9
1.405,9.685227,6.458564,30.965928,0.297149,0.9
1.406,9.675159,6.484268,30.97004,0.296648,0.9
1.407,9.68772,6.527983,30.975653,0.296148,0.9
1.408,9.686231,6.421689,30.980441,0.295648,0.9
1.409,9.68387,6.429225,30.985796,0.295148,0.9
1.41,9.679196,6.455751,30.987234,0.294647,0.9
1.411,9.688804,6.432502,30.990702,0.294147,0.9
1.412,9.682677,6.534397,30.994669,0.293647,0.9
1.413,9.686613,6.45712,30.99894,0.293147,0.9
1.414,9.664888,6.525392,31.003856,0.292646,0.9
1.415,9.656189,6.560486,31.008999,0.292146,0.9
1.416,9.654971,6.545511,31.013425,0.291646,0.9
1.417,9.649765,6.460267,31.01758,0.291146,0.9
1.418,9.659921,6.524864,31.021718,0.290645,0.9
1.419,9.660164,6.508306,31.026644,0.290145,0.9
1.42,9.652437,6.478838,31.031508,0.289645,0.9
1.421,9.665839,6.470622,31.036567,0.289145,0.9
1.422,9.671408,6.420128,31.040762,0.288644,0.9
1.423,9.652642,6.404422,31.044842,0.288144,0.9
1.424,9.633323,6.500044,31.047713,0.287644,0.9
1.425,9.666524,6.396378,31.052954,0.287144,0.9
1.426,9.646665,6.391354,31.05811,0.286643,0.9
1.427,9.64626,6.432623,31.061807,0.286143,0.9
1.428,9.646566,6.384908,31.067759,0.285643,0.9
1.429,9.648945,6.482328,31.072056,0.285143,0.9
1.43,9.652247,6.500401,31.076525,0.284642,0.9
1.431,9.659834,6.300533,31.081562,0.284142,0.9
1.432,9.653437,6.292841,31.088278,0.283642,0.9
1.433,9.635698,6.377131,31.093363,0.283142,0.9
1.434,9.631929,6.33974,31.099243,0.282641,0.9
1.435,9.631272,6.287092,31.103367,0.282141,0.9
1.436,9.643748,6.290881,31.107432,0.281641,0.9
1.437,9.642119,6.236504,31.111202,0.281141,0.9
1.438,9.629555,6.111278,31.114831,0.28064,0.9
1.439,9.639847,6.213297,31.117122,0.28014,0.9
1.44,9.634999,6.176175,31.12138,0.27964,0.9
1.441,9.632506,6.245819,31.124088,0.27914,0.9
1.442,9.641265,6.202608,31.127079,0.278639,0.9
1.443,9.650867,6.145895,31.13233,0.278139,0.9
1.444,9.649523,6.072198,31.136067,0.277639,0.9
1.445,9.652383,6.103265,31.140321,0.277139,0.9
1.446,9.628789,6.117298,31.143267,0.276638,0.9
1.447,9.616597,5.953816,31.146933,0.276138,0.9
1.448,9.620138,6.013538,31.150579,0.275638,0.9
1.449,9.62187,5.98879,31.154277,0.275138,0.9
1.45,9.610425,5.934653,31.156207,0.274637,0.9
1.451,9.623065,5.96721,31.159796,0.274137,0.9
1.452,9.6174,5.866791,31.163753,0.273637,0.9
1.453,9.613535,5.862354,31.167791,0.273137,0.9
1.454,9.6281,5.798474,31.171758,0.272636,0.9
1.455,9.629775,5.792592,31.174874,0.272136,0.9
1.456,9.627761,5.759948,31.179111,0.271636,0.9
1.457,9.632862,5.666022,31.182531,0.271136,0.9
1.458,9.643143,5.662913,31.186475,0.270635,0.9
1.459,9.626825,5.610541,31.18903,0.270135,0.9
1.46,9.630206,5.603343,31.194045,0.269635,0.9
1.461,9.625215,5.578453,31.19723,0.269135,0.9
1.462,9.619868,5.561789,31.199551,0.268634,0.9
1.463,9.630298,5.476587,31.204929,0.268134,0.9
1.464,9.628222,5.378724,31.20832,0.267634,0.9
1.465,9.624046,5.496715,31.209876,0.267134,0.9
1.466,9.630509,5.319393,31.21227,0.266633,0.9
1.467,9.620734,5.391125,31.214722,0.266133,0.9
1.468,9.630137,5.302145,31.217669,0.265633,0.9
1.469,9.616881,5.239038,31.218875,0.265133,0.9
1.47,9.618559,5.206835,31.222021,0.264632,0.9
1.471,9.627719,5.145213,31.225494,0.264132,0.9
1.472,9.630541,5.139283,31.228545,0.263632,0.9
1.473,9.623731,5.065823,31.232727,0.263132,0.9
1.474,9.622348,5.086811,31.235035,0.262631,0.9
1.475,9.626236,5.075639,31.237658,0.262131,0.9
1.476,9.626678,4.885578,31.241102,0.261631,0.9
1.477,9.634564,4.939606,31.243913,0.261131,0.9
1.478,9.629285,4.892283,31.246898,0.26063,0.9
1.479,9.624032,4.907528,31.248886,0.26013,0.9
1.48,9.62964,4.852261,31.249746,0.25963,0.9
1.481,9.641175,4.817368,31.253966,0.25913,0.9
1.482,9.62136,4.717328,31.255149,0.258629,0.9
1.483,9.62822,4.699895,31.256958,0.258129,0.9
1.484,9.627982,4.609617,31.258534,0.257629,0.9
1.485,9.628851,4.574518,31.261402,0.257129,0.9
1.486,9.61202,4.642764,31.262153,0.256628,0.9
1.487,9.628809,4.489308,31.263934,0.256128,0.9
1.488,9.620925,4.512651,31.267103,0.255628,0.9
1.489,9.631742,4.477435,31.268643,0.255128,0.9
1.49,9.638932,4.384176,31.27169,0.254627,0.9
1.491,9.610957,4.330547,31.274242,0.254127,0.9
1.492,9.637913,4.31956,31.276398,0.253627,0.9
1.493,9.633777,4.220732,31.278586,0.253127,0.9
1.494,9.624521,4.209092,31.281466,0.252626,0.9
1.495,9.62739,4.095774,31.282457,0.252126,0.9
1.496,9.635929,4.068116,31.287886,0.251626,0.9
1.497,9.641122,4.034456,31.290685,0.251126,0.9
1.498,9.645492,3.922599,31.294264,0.250625,0.9
1.499,9.646181,3.878922,31.295573,0.250125,0.9
1.5,9.642457,3.903906,31.296841,0.249625,0.9
1.501,9.63059,3.835192,31.299803,0.249125,0.9
1.502,9.618011,3.853513,31.303366,0.248624,0.9
1.503,9.618705,3.832947,31.305623,0.248124,0.9
1.504,9.642018,3.620212,31.306751,0.247624,0.9
1.505,9.646548,3.713621,31.308319,0.247124,0.9
1.506,9.638123,3.661708,31.308512,0.246623,0.9
1.507,9.653312,3.569233,31.309182,0.246123,0.9
1.508,9.625969,3.596393,31.309727,0.245623,0.9
1.509,9.639234,3.51512,31.310054,0.245123,0.9
1.51,9.654192,3.362037,31.310398,0.244622,0.9
1.511,9.634439,3.437089,31.310953,0.244122,0.9
1.512,9.644872,3.357588,31.312648,0.243622,0.9
1.513,9.627406,3.422096,31.313511,0.243122,0.9
1.514,9.652854,3.278427,31.313557,0.242621,0.9
1.515,9.630174,3.367907,31.314881,0.242121,0.9
1.516,9.650099,3.204809,31.314512,0.241621,0.9
1.517,9.630056,3.214607,31.314345,0.241121,0.9
1.518,9.641098,3.161345,31.315568,0.24062,0.9
1.519,9.645032,3.189164,31.315865,0.24012,0.9
1.52,9.630016,3.121224,31.31725,0.23962,0.9
1.521,9.642091,2.975049,31.317264,0.23912,0.9
1.522,9.624022,3.074476,31.318807,0.238619,0.9
1.523,9.636135,2.850304,31.320923,0.238119,0.9
1.524,9.628236,2.949428,31.321982,0.237619,0.9
1.525,9.629251,2.870821,31.323018,0.237119,0.9
1.526,9.639165,2.736638,31.325811,0.236618,0.9
1.527,9.63662,2.774353,31.327366,0.236118,0.9
1.528,9.621146,2.789404,31.327068,0.235618,0.9
1.529,9.624409,2.751868,31.329407,0.235118,0.9
1.53,9.634729,2.714542,31.331234,0.234617,0.9
1.531,9.63996,2.697045,31.330209,0.234117,0.9
1.532,9.636333,2.667427,31.33057,0.233617,0.9
1.533,9.644307,2.550111,31.32973,0.233117,0.9
1.534,9.631433,2.635041,31.330359,0.232616,0.9
1.535,9.628723,2.527101,31.33015,0.232116,0.9
1.536,9.639446,2.443586,31.329653,0.231616,0.9
1.537,9.62333,2.498131,31.330283,0.231116,0.9
1.538,9.628868,2.474831,31.333284,0.230615,0.9
1.539,9.633262,2.376774,31.332773,0.230115,0.9
1.54,9.622474,2.413937,31.333614,0.229615,0.9
1.541,9.643003,2.385549,31.335627,0.229115,0.9
1.542,9.628173,2.418944,31.336353,0.228614,0.9
1.543,9.619419,2.34218,31.337791,0.228114,0.9
1.544,9.627189,2.391385,31.336865,0.227614,0.9
1.545,9.620979,2.277309,31.337093,0.227114,0.9
1.546,9.635986,2.273697,31.335847,0.226613,0.9
1.547,9.618941,2.189473,31.335238,0.226113,0.9
1.548,9.629436,2.226988,31.335679,0.225613,0.9
1.549,9.629813,2.16706,31.337782,0.225113,0.9
1.55,9.63161,2.172024,31.338612,0.224612,0.9
1.551,9.631718,2.211665,31.339439,0.224112,0.9
1.552,9.617657,2.148309,31.341315,0.223612,0.9
1.553,9.621638,2.063729,31.3424,0.223112,0.9
1.554,9.597957,2.161681,31.3429,0.222611,0.9
1.555,9.627392,2.081868,31.343387,0.222111,0.9
1.556,9.608266,2.106382,31.343527,0.221611,0.9
1.557,9.62542,2.14581,31.344748,0.221111,0.9
1.558,9.60591,2.069584,31.345378,0.22061,0.9
1.559,9.604419,2.056285,31.345125,0.22011,0.9
1.56,9.613849,2.157902,31.346777,0.21961,0.9
1.561,9.608301,2.043478,31.348724,0.21911,0.9
1.562,9.596031,2.025052,31.34818,0.218609,0.9
1.563,9.617619,2.050485,31.3508,0.218109,0.9
1.564,9.602051,2.078208,31.35287,0.217609,0.9
1.565,9.605855,2.026446,31.356437,0.217109,0.9
1.566,9.595146,1.975443,31.35579,0.216608,0.9
1.567,9.600997,2.034273,31.355776,0.216108,0.9
1.568,9.596599,2.029465,31.357151,0.215608,0.9
1.569,9.593303,1.974461,31.357909,0.215108,0.9
1.57,9.585819,1.973708,31.359267,0.214607,0.9
1.571,9.59257,1.976143,31.357979,0.214107,0.9
1.572,9.585448,2.024515,31.357837,0.213607,0.9
1.573,9.581607,2.076405,31.357762,0.213107,0.9
1.574,9.576554,1.984553,31.35779,0.212606,0.9
1.575,9.572682,1.986479,31.357986,0.212106,0.9
1.576,9.570085,2.007372,31.359863,0.211606,0.9
1.577,9.576704,1.987294,31.361868,0.211106,0.9
1.578,9.564145,2.016862,31.362337,0.210605,0.9
1.579,9.557666,2.064517,31.362314,0.210105,0.9
1.58,9.567982,2.035908,31.361984,0.209605,0.9
1.581,9.563352,1.974754,31.362556,0.209105,0.9
1.582,9.54324,2.106961,31.362885,0.208604,0.9
1.583,9.576639,2.149061,31.361168,0.208104,0.9
1.584,9.551118,2.103654,31.361003,0.207604,0.9
1.585,9.548286,2.129105,31.363182,0.207104,0.9
1.586,9.554926,2.104932,31.363435,0.206603,0.9
1.587,9.531398,2.217319,31.364036,0.206103,0.9
1.588,9.537113,2.090426,31.363861,0.205603,0.9
1.589,9.539142,2.133555,31.364543,0.205103,0.9
1.59,9.553968,2.053411,31.366957,0.204602,0.9
1.591,9.542486,2.171266,31.367626,0.204102,0.9
1.592,9.530814,2.097546,31.366702,0.203602,0.9
1.593,9.547084,2.200878,31.366324,0.203102,0.9
1.594,9.529908,2.211386,31.366395,0.202601,0.9
1.595,9.529158,2.294173,31.367576,0.202101,0.9
1.596,9.520082,2.202189,31.367756,0.201601,0.9
1.597,9.521713,2.253956,31.369256,0.201101,0.9
1.598,9.50473,2.340315,31.370407,0.2006,0.9
1.599,9.511763,2.385028,31.371793,0.2001,0.9
1.6,9.521025,2.380011,31.372057,0.1996,0.9
1.601,9.498541,2.325625,31.374291,0.1991,0.9
1.602,9.49286,2.473232,31.375511,0.198599,0.9
1.603,9.486783,2.422788,31.376771,0.198099,0.9
1.604,9.493994,2.515597,31.376516,0.197599,0.9
1.605,9.493064,2.456866,31.37673,0.197099,0.9
1.606,9.504801,2.542292,31.379025,0.196598,0.9
1.607,9.486069,2.596156,31.379893,0.196098,0.9
1.608,9.46554,2.625403,31.380963,0.195598,0.9
1.609,9.47692,2.613467,31.382139,0.195098,0.9
1.61,9.463051,2.598804,31.38247,0.194597,0.9
1.611,9.461021,2.688846,31.386095,0.194097,0.9
1.612,9.449621,2.77867,31.386857,0.193597,0.9
1.613,9.462939,2.748846,31.386647,0.193097,0.9
1.614,9.441971,2.782312,31.386972,0.192596,0.9
1.615,9.451059,2.785293,31.389328,0.192096,0.9
1.616,9.440472,2.896542,31.389959,0.191596,0.9
1.617,9.450257,2.854903,31.389627,0.191096,0.9
1.618,9.446509,2.977697,31.389996,0.190595,0.9
1.619,9.438563,2.950932,31.389641,0.190095,0.9
1.62,9.433356,2.987754,31.389267,0.189595,0.9
1.621,9.428014,3.003621,31.388877,0.189095,0.9
1.622,9.410756,3.171619,31.39071,0.188594,0.9
1.623,9.41414,3.118856,31.392546,0.188094,0.9
1.624,9.420568,3.223386,31.395148,0.187594,0.9
1.625,9.389323,3.281181,31.397742,0.187094,0.9
1.626,9.41238,3.208497,31.398697,0.186593,0.9
1.627,9.407434,3.26327,31.399967,0.186093,0.9
1.628,9.408746,3.281089,31.401146,0.185593,0.9
1.629,9.400912,3.359392,31.402076,0.185093,0.9
1.63,9.379367,3.361432,31.404193,0.184592,0.9
1.631,9.404032,3.39733,31.406806,0.184092,0.9
1.632,9.361829,3.520371,31.407633,0.183592,0.9
1.633,9.364742,3.518175,31.409394,0.183092,0.9
1.634,9.386657,3.545943,31.409764,0.182591,0.9
1.635,9.351573,3.712272,31.410332,0.182091,0.9
1.636,9.366163,3.710305,31.411495,0.181591,0.9
1.637,9.351883,3.689063,31.41241,0.181091,0.9
1.638,9.359237,3.79652,31.415128,0.18059,0.9
1.639,9.352037,3.834862,31.417373,0.18009,0.9
1.64,9.337393,3.747001,31.418047,0.17959,0.9
1.641,9.361805,3.840235,31.422147,0.17909,0.9
1.642,9.321946,3.915129,31.421649,0.178589,0.9
1.643,9.334084,3.997026,31.42401,0.178089,0.9
1.644,9.31513,4.032088,31.425944,0.177589,0.9
1.645,9.29883,4.133798,31.42644,0.177089,0.9
1.646,9.325504,4.076149,31.427168,0.176588,0.9
1.647,9.310193,4.226209,31.428204,0.176088,0.9
1.648,9.309461,4.192704,31.430128,0.175588,0.9
1.649,9.303574,4.280686,31.429598,0.175088,0.9
1.65,9.292216,4.305792,31.431809,0.174587,0.9
1.651,9.284638,4.342641,31.433043,0.174087,0.9
1.652,9.285188,4.377591,31.435863,0.173587,0.9
1.653,9.286236,4.493004,31.438876,0.173087,0.9
1.654,9.28589,4.421156,31.442858,0.172586,0.9
1.655,9.266616,4.45456,31.445414,0.172086,0.9
1.656,9.250871,4.682784,31.446866,0.171586,0.9
1.657,9.266817,4.53749,31.451376,0.171086,0.9
1.658,9.255713,4.666986,31.453759,0.170585,0.9
1.659,9.269629,4.683225,31.453925,0.170085,0.9
1.66,9.246833,4.711068,31.456493,0.169585,0.9
1.661,9.24692,4.796916,31.458566,0.169085,0.9
1.662,9.237922,4.877829,31.461151,0.168584,0.9
1.663,9.247152,4.858059,31.462683,0.168084,0.9
1.664,9.217143,4.895827,31.465275,0.167584,0.9
1.665,9.236261,4.999418,31.468462,0.167084,0.9
1.666,9.227005,5.020653,31.472377,0.166583,0.9
1.667,9.212988,5.140713,31.474058,0.166083,0.9
1.668,9.208901,5.023207,31.477452,0.165583,0.9
1.669,9.210687,5.232048,31.47962,0.165083,0.9
1.67,9.202725,5.194788,31.483853,0.164582,0.9
1.671,9.205211,5.190373,31.485059,0.164082,0.9
1.672,9.181677,5.228372,31.487785,0.163582,0.9
1.673,9.209964,5.239023,31.491542,0.163082,0.9
1.674,9.19002,5.30009,31.495846,0.162581,0.9
1.675,9.191804,5.254378,31.497691,0.162081,0.9
1.676,9.173096,5.459419,31.500893,0.161581,0.9
1.677,9.185342,5.466405,31.50459,0.161081,0.9
1.678,9.161054,5.576157,31.50801,0.16058,0.9
1.679,9.153134,5.509454,31.510603,0.16008,0.9
1.68,9.138359,5.552919,31.512621,0.15958,0.9
1.681,9.153186,5.583292,31.515836,0.15908,0.9
1.682,9.14585,5.717874,31.51898,0.158579,0.9
1.683,9.167676,5.606513,31.521824,0.158079,0.9
1.684,9.141417,5.729841,31.52538,0.157579,0.9
1.685,9.132882,5.765561,31.528905,0.157079,0.9
1.686,9.132742,5.755253,31.532423,0.156578,0.9
1.687,9.13631,5.891351,31.53532,0.156078,0.9
1.688,9.134078,5.859935,31.537932,0.155578,0.9
1.689,9.125748,5.853997,31.541097,0.155078,0.9
1.69,9.108201,5.945734,31.542915,0.154577,0.9
1.691,9.10878,5.978183,31.547995,0.154077,0.9
1.692,9.111038,5.921627,31.552575,0.153577,0.9
1.693,9.106188,6.017809,31.557438,0.153077,0.9
1.694,9.115037,5.987596,31.561208,0.152576,0.9
1.695,9.104072,6.048736,31.563646,0.152076,0.9
1.696,9.095543,6.042503,31.568862,0.151576,0.9
1.697,9.101491,6.027574,31.571629,0.151076,0.9
1.698,9.102804,6.044715,31.575672,0.150575,0.9
1.699,9.086481,6.115584,31.579632,0.150075,0.9
1.7,9.07105,6.205352,31.584306,0.149575,0.9
1.701,9.089293,6.226959,31.588111,0.149075,0.9
1.702,9.088934,6.166777,31.59334,0.148574,0.9
1.703,9.090247,6.16612,31.596442,0.148074,0.9
1.704,9.070137,6.308444,31.600745,0.147574,0.9
1.705,9.075042,6.220789,31.605606,0.147074,0.9
1.706,9.05525,6.276421,31.607855,0.146573,0.9
1.707,9.048254,6.351443,31.610692,0.146073,0.9
1.708,9.062948,6.281452,31.616705,0.145573,0.9
1.709,9.048166,6.326967,31.621452,0.145073,0.9
1.71,9.046049,6.288993,31.625688,0.144572,0.9
1.711,9.050456,6.453906,31.632391,0.144072,0.9
1.712,9.048244,6.358171,31.634313,0.143572,0.9
1.713,9.039289,6.400209,31.639711,0.143072,0.9
1.714,9.042322,6.406756,31.64335,0.142571,0.9
1.715,9.036239,6.486464,31.648421,0.142071,0.9
1.716,9.027734,6.438009,31.653124,0.141571,0.9
1.717,9.028593,6.424217,31.657921,0.141071,0.9
1.718,9.022989,6.557548,31.662231,0.14057,0.9
1.719,9.016997,6.517775,31.66704,0.14007,0.9
1.72,9.019569,6.562468,31.672735,0.13957,0.9
1.721,9.015365,6.468138,31.677215,0.13907,0.9
1.722,9.015463,6.478195,31.680876,0.138569,0.9
1.723,9.011031,6.464834,31.685972,0.138069,0.9
1.724,9.00575,6.525729,31.689021,0.137569,0.9
1.725,9.002332,6.514436,31.69315,0.137069,0.9
1.726,9.011762,6.447278,31.699378,0.136568,0.9
1.727,8.990357,6.457455,31.701589,0.136068,0.9
1.728,8.983469,6.565774,31.707952,0.135568,0.9
1.729,9.001619,6.447497,31.713137,0.135068,0.9
1.73,8.993884,6.505057,31.716759,0.134567,0.9
1.731,8.997627,6.523591,31.721412,0.134067,0.9
1.732,8.989962,6.487138,31.723507,0.133567,0.9
1.733,8.995303,6.510592,31.727369,0.133067,0.9
1.734,8.977297,6.530611,31.732803,0.132566,0.9
1.735,8.984464,6.401774,31.737667,0.132066,0.9
1.736,8.961803,6.440914,31.742978,0.131566,0.9
1.737,8.979318,6.445349,31.747997,0.131066,0.9
1.738,8.980546,6.464855,31.751557,0.130565,0.9
1.739,8.975781,6.544109,31.757406,0.130065,0.9
1.74,8.973516,6.404745,31.76121,0.129565,0.9
1.741,8.96816,6.387014,31.766527,0.129065,0.9
1.742,8.975991,6.390178,31.769642,0.128564,0.9
1.743,8.982149,6.358279,31.774484,0.128064,0.9
1.744,8.96308,6.380853,31.777827,0.127564,0.9
1.745,8.951733,6.390099,31.783286,0.127064,0.9
1.746,8.958789,6.424354,31.787526,0.126563,0.9
1.747,8.962944,6.36353,31.792424,0.126063,0.9
1.748,8.971543,6.283656,31.797568,0.125563,0.9
1.749,8.948662,6.345262,31.800491,0.125063,0.9
1.75,8.963182,6.290297,31.804195,0.124562,0.9
1.751,8.973295,6.239944,31.80816,0.124062,0.9
1.752,8.93895,6.214478,31.813329,0.123562,0.9
1.753,8.937533,6.298925,31.816213,0.123062,0.9
1.754,8.955594,6.306448,31.819088,0.122561,0.9
1.755,8.952255,6.193616,31.82201,0.122061,0.9
1.756,8.955749,6.213499,31.824698,0.121561,0.9
1.757,8.941336,6.155074,31.828353,0.121061,0.9
1.758,8.945118,6.086606,31.833426,0.12056,0.9
1.759,8.951792,6.123709,31.837751,0.12006,0.9
1.76,8.955313,6.037187,31.842614,0.11956,0.9
1.761,8.956232,5.937723,31.84627,0.11906,0.9
1.762,8.935819,6.000379,31.84923,0.118559,0.9
1.763,8.927601,6.031176,31.853451,0.118059,0.9
1.764,8.949278,5.901343,31.855632,0.117559,0.9
1.765,8.938976,5.858926,31.859992,0.117059,0.9
1.766,8.944059,5.833948,31.864627,0.116558,0.9
1.767,8.935855,5.853299,31.868858,0.116058,0.9
1.768,8.932831,5.773542,31.871046,0.115558,0.9
1.769,8.93635,5.860388,31.873272,0.115058,0.9
1.77,8.938176,5.716039,31.876629,0.114557,0.9
1.771,8.928531,5.734329,31.881122,0.114057,0.9
1.772,8.946525,5.627326,31.884449,0.113557,0.9
1.773,8.936974,5.573437,31.886832,0.113057,0.9
1.774,8.941725,5.636655,31.888396,0.112556,0.9
1.775,8.92926,5.603221,31.890826,0.112056,0.9
1.776,8.929658,5.587127,31.894375,0.111556,0.9
1.777,8.931392,5.535057,31.900013,0.111056,0.9
1.778,8.911546,5.5315,31.904444,0.110555,0.9
1.779,8.924512,5.411133,31.9063,0.110055,0.9
1.78,8.914395,5.457398,31.909446,0.109555,0.9
1.781,8.926863,5.400962,31.91164,0.109055,0.9
1.782,8.924416,5.293208,31.913914,0.108554,0.9
1.783,8.915821,5.316805,31.917083,0.108054,0.9
1.784,8.914891,5.272049,31.919857,0.107554,0.9
1.785,8.931997,5.1695,31.921244,0.107054,0.9
1.786,8.92669,5.222368,31.922652,0.106553,0.9
1.787,8.931331,5.070484,31.926419,0.106053,0.9
1.788,8.921243,5.022159,31.929615,0.105553,0.9
1.789,8.919184,4.993138,31.932925,0.105053,0.9
1.79,8.943592,4.986807,31.93434,0.104552,0.9
1.791,8.921309,4.852286,31.938348,0.104052,0.9
1.792,8.925112,4.90905,31.941423,0.103552,0.9
1.793,8.927295,4.805744,31.944242,0.103052,0.9
1.794,8.919275,4.855752,31.945999,0.102551,0.9
1.795,8.928509,4.737624,31.946702,0.102051,0.9
1.796,8.933918,4.701278,31.948854,0.101551,0.9
1.797,8.926223,4.758221,31.951755,0.101051,0.9
1.798,8.930474,4.631731,31.953916,0.10055,0.9
1.799,8.927686,4.518532,31.956225,0.10005,0.9
1.8,8.92501,4.568104,31.959014,0.09955,0.9
1.801,8.912616,4.478567,31.961078,0.09905,0.9
1.802,8.909651,4.3813,31.962058,0.098549,0.9
1.803,8.933071,4.386836,31.965202,0.098049,0.9
1.804,8.922859,4.345583,31.966168,0.097549,0.9
1.805,8.921904,4.332635,31.966465,0.097049,0.9
1.806,8.919393,4.294086,31.967304,0.096548,0.9
1.807,8.917632,4.307752,31.968753,0.096048,0.9
1.808,8.911636,4.179487,31.969679,0.095548,0.9
1.809,8.933158,4.108658,31.970107,0.095048,0.9
1.81,8.90995,4.080477,31.971637,0.094547,0.9
1.811,8.91629,4.08925,31.973638,0.094047,0.9
1.812,8.915269,3.987921,31.975822,0.093547,0.9
1.813,8.92149,3.971822,31.977762,0.093047,0.9
1.814,8.926208,3.888832,31.977003,0.092546,0.9
1.815,8.931296,3.869748,31.978831,0.092046,0.9
1.816,8.898398,3.866789,31.981827,0.091546,0.9
1.817,8.913077,3.869639,31.9835,0.091046,0.9
1.818,8.915816,3.693734,31.985167,0.090545,0.9
1.819,8.916502,3.666647,31.987391,0.090045,0.9
1.82,8.908153,3.675652,31.989106,0.089545,0.9
1.821,8.923988,3.576475,31.990154,0.089045,0.9
1.822,8.897892,3.591055,31.99102,0.088544,0.9
1.823,8.915852,3.455898,31.991658,0.088044,0.9
1.824,8.91759,3.519646,31.993643,0.087544,0.9
1.825,8.913547,3.388707,31.99387,0.087044,0.9
1.826,8.90367,3.335875,31.994779,0.086543,0.9
1.827,8.905551,3.32699,31.995811,0.086043,0.9
1.828,8.914112,3.391884,31.998102,0.085543,0.9
1.829,8.901208,3.241986,32.000373,0.085043,0.9
1.83,8.905249,3.170218,32.002128,0.084542,0.9
1.831,8.914439,3.17037,32.002428,0.084042,0.9
1.832,8.892749,3.126414,32.003773,0.083542,0.9
1.833,8.901242,2.98137,32.005354,0.083042,0.9
1.834,8.899061,3.103053,32.005718,0.082541,0.9
1.835,8.897878,2.989031,32.007335,0.082041,0.9
1.836,8.909354,2.906258,32.009405,0.081541,0.9
1.837,8.907703,2.940049,32.01057,0.081041,0.9
1.838,8.914322,2.979146,32.012499,0.08054,0.9
1.839,8.889872,2.769781,32.013292,0.08004,0.9
1.84,8.904125,2.776781,32.013945,0.07954,0.9
1.841,8.898293,2.889213,32.013968,0.07904,0.9
1.842,8.897421,2.813449,32.014774,0.078539,0.9
1.843,8.902261,2.720092,32.015427,0.078039,0.9
1.844,8.889764,2.753606,32.015928,0.077539,0.9
1.845,8.895946,2.762812,32.017159,0.077039,0.9
1.846,8.884996,2.713843,32.019903,0.076538,0.9
1.847,8.873263,2.674702,32.020192,0.076038,0.9
1.848,8.889243,2.550247,32.022029,0.075538,0.9
1.849,8.890042,2.515215,32.024255,0.075038,0.9
1.85,8.880126,2.490262,32.024568,0.074537,0.9
1.851,8.88181,2.38786,32.02421,0.074037,0.9
1.852,8.886347,2.359715,32.024868,0.073537,0.9
1.853,8.88231,2.418488,32.023963,0.073037,0.9
1.854,8.87235,2.518335,32.025414,0.072536,0.9
1.855,8.872256,2.443284,32.025893,0.072036,0.9
1.856,8.869715,2.41106,32.028277,0.071536,0.9
1.857,8.88864,2.3135,32.029861,0.071036,0.9
1.858,8.874865,2.347339,32.031331,0.070535,0.9
1.859,8.865866,2.298164,32.030239,0.070035,0.9
1.86,8.87731,2.248141,32.030267,0.069535,0.9
1.861,8.870249,2.152209,32.031484,0.069035,0.9
1.862,8.87141,2.168596,32.031482,0.068534,0.9
1.863,8.870692,2.228134,32.033329,0.068034,0.9
1.864,8.864329,2.279003,32.034495,0.067534,0.9
1.865,8.856548,2.102566,32.037016,0.067034,0.9
1.866,8.855118,2.162739,32.036461,0.066533,0.9
1.867,8.854458,2.179084,32.035993,0.066033,0.9
1.868,8.855989,2.102173,32.037393,0.065533,0.9
1.869,8.863198,2.08107,32.038261,0.065033,0.9
1.87,8.843116,2.094879,32.039699,0.064532,0.9
1.871,8.84909,2.137727,32.040501,0.064032,0.9
1.872,8.842162,2.037715,32.040489,0.063532,0.9
1.873,8.84813,1.997795,32.040826,0.063032,0.9
1.874,8.84891,2.063859,32.039493,0.062531,0.9
1.875,8.83416,2.036551,32.040914,0.062031,0.9
1.876,8.836926,1.973731,32.041153,0.061531,0.9
1.877,8.835352,1.996891,32.041468,0.061031,0.9
1.878,8.82284,1.975881,32.04059,0.06053,0.9
1.879,8.826534,2.018806,32.039861,0.06003,0.9
1.88,8.810567,2.05958,32.039604,0.05953,0.9
1.881,8.827952,2.028618,32.041212,0.05903,0.9
1.882,8.799092,2.036206,32.041498,0.058529,0.9
1.883,8.818989,1.943306,32.039783,0.058029,0.9
1.884,8.805309,1.971542,32.040434,0.057529,0.9
1.885,8.791365,2.001593,32.040198,0.057029,0.9
1.886,8.795146,2.026827,32.042095,0.056528,0.9
1.887,8.791481,2.093119,32.042632,0.056028,0.9
1.888,8.796749,2.100259,32.043609,0.055528,0.9
1.889,8.801703,1.956835,32.043392,0.055028,0.9
1.89,8.785849,2.051331,32.043677,0.054527,0.9
1.891,8.777038,1.979806,32.044353,0.054027,0.9
1.892,8.784123,1.992802,32.045737,0.053527,0.9
1.893,8.784657,1.970226,32.048325,0.053027,0.9
1.894,8.758722,1.986624,32.050657,0.052526,0.9
1.895,8.777435,2.063595,32.051446,0.052026,0.9
1.896,8.768643,1.996239,32.051815,0.051526,0.9
1.897,8.781758,1.950161,32.052383,0.051026,0.9
1.898,8.754951,2.09982,32.051113,0.050525,0.9
1.899,8.753456,2.201897,32.052641,0.050025,0.9
1.9,8.757925,2.126896,32.054243,0.049525,0.9
1.901,8.743394,2.045512,32.052945,0.049025,0.9
1.902,8.753212,2.113534,32.05269,0.048524,0.9
1.903,8.749057,2.155202,32.050045,0.048024,0.9
1.904,8.756258,2.17492,32.050091,0.047524,0.9
1.905,8.72625,2.160356,32.05095,0.047024,0.9
1.906,8.723548,2.261068,32.050198,0.046523,0.9
1.907,8.717066,2.26671,32.050782,0.046023,0.9
1.908,8.717855,2.319136,32.052376,0.045523,0.9
1.909,8.709216,2.29859,32.05066,0.045023,0.9
1.91,8.702489,2.3574,32.052266,0.044522,0.9
1.911,8.711158,2.321809,32.051966,0.044022,0.9
1.912,8.69641,2.264274,32.053015,0.043522,0.9
1.913,8.713944,2.296435,32.055855,0.043022,0.9
1.914,8.689813,2.351401,32.058226,0.042521,0.9
1.915,8.695739,2.333369,32.061545,0.042021,0.9
1.916,8.684328,2.437816,32.062281,0.041521,0.9
1.917,8.665452,2.487252,32.063858,0.041021,0.9
1.918,8.668982,2.413044,32.063615,0.04052,0.9
1.919,8.66141,2.491556,32.06408,0.04002,0.9
1.92,8.67397,2.538407,32.063951,0.03952,0.9
1.921,8.652456,2.595058,32.06443,0.03902,0.9
1.922,8.660663,2.606827,32.065428,0.038519,0.9
1.923,8.644462,2.617505,32.065095,0.038019,0.9
1.924,8.640254,2.753197,32.067123,0.037519,0.9
1.925,8.625785,2.693697,32.069513,0.037019,0.9
1.926,8.638954,2.662839,32.066897,0.036518,0.9
1.927,8.627291,2.793496,32.067103,0.036018,0.9
1.928,8.619471,2.833861,32.067617,0.035518,0.9
1.929,8.610204,2.844933,32.067749,0.035018,0.9
1.93,8.608011,2.861273,32.069459,0.034517,0.9
1.931,8.61737,2.936181,32.070527,0.034017,0.9
1.932,8.589709,2.928069,32.071368,0.033517,0.9
1.933,8.604272,2.852235,32.071057,0.033017,0.9
1.934,8.592638,2.889818,32.07188,0.032516,0.9
1.935,8.593188,2.972674,32.070154,0.032016,0.9
1.936,8.575329,3.189169,32.070055,0.031516,0.9
1.937,8.573763,3.066377,32.070659,0.031016,0.9
1.938,8.572379,3.121674,32.072986,0.030515,0.9
1.939,8.557211,3.136082,32.073664,0.030015,0.9
1.94,8.553613,3.272504,32.075064,0.029515,0.9
1.941,8.544619,3.288711,32.078084,0.029015,0.9
1.942,8.527013,3.35536,32.081197,0.028514,0.9
1.943,8.544064,3.294012,32.081818,0.028014,0.9
1.944,8.525965,3.522809,32.082464,0.027514,0.9
1.945,8.515512,3.474402,32.083385,0.027014,0.9
1.946,8.508254,3.578033,32.086403,0.026513,0.9
1.947,8.517477,3.493482,32.087756,0.026013,0.9
1.948,8.521754,3.552683,32.087707,0.025513,0.9
1.949,8.491945,3.59549,32.087873,0.025013,0.9
1.95,8.501587,3.609145,32.08757,0.024512,0.9
1.951,8.480957,3.715099,32.090277,0.024012,0.9
1.952,8.480923,3.721714,32.091875,0.023512,0.9
1.953,8.466068,3.766159,32.093603,0.023012,0.9
1.954,8.472841,3.826862,32.094767,0.022511,0.9
1.955,8.455969,3.810454,32.096293,0.022011,0.9
1.956,8.457275,3.870705,32.099149,0.021511,0.9
1.957,8.446062,3.892019,32.101673,0.021011,0.9
1.958,8.451022,3.897873,32.104681,0.02051,0.9
1.959,8.428186,4.084034,32.107278,0.02001,0.9
1.96,8.431879,4.090847,32.111075,0.01951,0.9
1.961,8.399155,4.196393,32.113216,0.01901,0.9
1.962,8.407144,4.153571,32.114362,0.018509,0.9
1.963,8.408755,4.265494,32.116438,0.018009,0.9
1.964,8.39406,4.399035,32.118489,0.017509,0.9
1.965,8.403831,4.227422,32.120888,0.017009,0.9
1.966,8.376372,4.418061,32.122534,0.016508,0.9
1.967,8.385867,4.383076,32.124775,0.016008,0.9
1.968,8.373217,4.447866,32.126521,0.015508,0.9
1.969,8.360174,4.500333,32.127702,0.015008,0.9
1.97,8.358292,4.548067,32.130243,0.014507,0.9
1.971,8.357754,4.51428,32.131759,0.014007,0.9
1.972,8.332842,4.686434,32.134119,0.013507,0.9
1.973,8.328794,4.700835,32.137129,0.013007,0.9
1.974,8.340132,4.711791,32.140194,0.012506,0.9
1.975,8.325552,4.685219,32.143622,0.012006,0.9
1.976,8.317266,4.836749,32.145648,0.011506,0.9
1.977,8.297732,4.899633,32.148554,0.011006,0.9
1.978,8.308041,4.879781,32.153859,0.010505,0.9
1.979,8.285872,5.035084,32.15762,0.010005,0.9
1.98,8.273338,4.968352,32.159319,0.009505,0.9
1.981,8.282213,5.007699,32.161342,0.009005,0.9
1.982,8.260887,5.107691,32.164866,0.008504,0.9
1.983,8.259051,5.070078,32.166307,0.008004,0.9
1.984,8.254865,5.137151,32.170849,0.007504,0.9
1.985,8.265449,5.180136,32.173318,0.007004,0.9
1.986,8.231668,5.23527,32.175944,0.006503,0.9
1.987,8.227463,5.155686,32.179439,0.006003,0.9
1.988,8.211511,5.43681,32.183358,0.005503,0.9
1.989,8.212882,5.313852,32.186639,0.005003,0.9
1.99,8.21656,5.32491,32.190985,0.004502,0.9
1.991,8.197542,5.422615,32.191276,0.004002,0.9
1.992,8.185995,5.460789,32.193086,0.003502,0.9
1.993,8.163119,5.550449,32.197091,0.003002,0.9
1.994,8.184214,5.525348,32.202074,0.002501,0.9
1.995,8.168938,5.622892,32.205725,0.002001,0.9
1.996,8.140346,5.706855,32.209882,0.001501,0.9
1.997,8.140056,5.662967,32.212486,0.001001,0.9
1.998,8.12446,5.658037,32.215892,0.0005,0.9
1.999,8.104199,5.747066,32.218587,0.0,0.9
0.0,12.086839,1.959613,28.000362,1.0,0.85
0.001,12.091303,1.869014,28.001183,0.9995,0.85
0.002,12.081086,2.038362,28.001606,0.998999,0.85
0.003,12.098199,1.990652,28.001528,0.998499,0.85
0.004,12.07488,2.001079,28.000889,0.997999,0.85
0.005,12.066213,2.040997,28.001575,0.997499,0.85
0.006,12.065419,2.060581,28.001238,0.996998,0.85
0.007,12.080124,2.095961,28.001503,0.996498,0.85
0.008,12.070111,2.069031,28.0,0.995998,0.85
0.009,12.062215,2.144689,28.001491,0.995498,0.85
0.01,12.063903,2.141163,28.00301,0.994997,0.85
0.011,12.072834,2.021914,28.003993,0.994497,0.85
0.012,12.072655,2.007994,28.003189,0.993997,0.85
0.013,12.071417,2.084424,28.004315,0.993497,0.85
0.014,12.047504,2.109305,28.004802,0.992996,0.85
0.015,12.06262,2.011655,28.004151,0.992496,0.85
0.016,12.042919,2.205801,28.006068,0.991996,0.85
0.017,12.030397,2.19765,28.007924,0.991496,0.85
0.018,12.040853,2.158594,28.008293,0.990995,0.85
0.019,12.043184,2.129273,28.009592,0.990495,0.85
0.02,12.05429,2.148166,28.010069,0.989995,0.85
0.021,12.033103,2.188136,28.010067,0.989495,0.85
0.022,12.066165,2.104446,28.00981,0.988994,0.85
0.023,12.046445,2.146605,28.01043,0.988494,0.85
0.024,12.045848,2.245672,28.011264,0.987994,0.85
0.025,12.038373,2.284074,28.011576,0.987494,0.85
0.026,12.038865,2.218786,28.012147,0.986993,0.85
0.027,12.028977,2.36048,28.012269,0.986493,0.85
0.028,12.029319,2.358466,28.013786,0.985993,0.85
0.029,12.00801,2.462739,28.015311,0.985493,0.85
0.03,12.022709,2.326215,28.015313,0.984992,0.85
0.031,12.01874,2.387118,28.017373,0.984492,0.85
0.032,12.015577,2.333053,28.017939,0.983992,0.85
0.033,11.990973,2.462116,28.01879,0.983492,0.85
0.034,12.016905,2.445492,28.01961,0.982991,0.85
0.035,12.008228,2.563536,28.019704,0.982491,0.85
0.036,12.012273,2.58702,28.021036,0.981991,0.85
0.037,11.991244,2.559881,28.019644,0.981491,0.85
0.038,12.015359,2.556779,28.019612,0.98099,0.85
0.039,11.985236,2.68144,28.020079,0.98049,0.85
0.04,11.993783,2.6235,28.021225,0.97999,0.85
0.041,11.989705,2.666593,28.023165,0.97949,0.85
0.042,11.990875,2.813234,28.024575,0.978989,0.85
0.043,11.976451,2.888293,28.025963,0.978489,0.85
0.044,11.989324,2.763068,28.027691,0.977989,0.85
0.045,11.953346,2.897201,28.028004,0.977489,0.85
0.046,11.961686,2.936591,28.029521,0.976988,0.85
0.047,11.97425,2.915539,28.032317,0.976488,0.85
0.048,11.972691,2.907983,28.033522,0.975988,0.85
0.049,11.968543,2.97192,28.034926,0.975488,0.85
0.05,11.959699,3.013673,28.035045,0.974987,0.85
0.051,11.94554,3.1278,28.035225,0.974487,0.85
0.052,11.933084,3.176647,28.036787,0.973987,0.85
0.053,11.939456,3.183088,28.037635,0.973487,0.85
0.054,11.944349,3.174675,28.038747,0.972986,0.85
0.055,11.933967,3.20333,28.041239,0.972486,0.85
0.056,11.929041,3.310075,28.041237,0.971986,0.85
0.057,11.936881,3.409695,28.042096,0.971486,0.85
0.058,11.913798,3.445831,28.04224,0.970985,0.85
0.059,11.916793,3.472734,28.044089,0.970485,0.85
0.06,11.924917,3.409453,28.045184,0.969985,0.85
0.061,11.917143,3.522782,28.046491,0.969485,0.85
0.062,11.922557,3.538861,28.048861,0.968984,0.85
0.063,11.906602,3.633933,28.052206,0.968484,0.85
0.064,11.927261,3.57533,28.05336,0.967984,0.85
0.065,11.913497,3.643789,28.0548,0.967484,0.85
0.066,11.905754,3.641152,28.056802,0.966983,0.85
0.067,11.905106,3.751144,28.057043,0.966483,0.85
0.068,11.888629,3.818443,28.057796,0.965983,0.85
0.069,11.878137,3.929655,28.058591,0.965483,0.85
0.07,11.878521,3.894579,28.058078,0.964982,0.85
0.071,11.898604,3.898613,28.059482,0.964482,0.85
0.072,11.883535,3.918898,28.06167,0.963982,0.85
0.073,11.855754,3.990505,28.061759,0.963482,0.85
0.074,11.87446,4.010364,28.064077,0.962981,0.85
0.075,11.877492,4.068275,28.064327,0.962481,0.85
0.076,11.852067,4.134758,28.066159,0.961981,0.85
0.077,11.851636,4.079913,28.068614,0.961481,0.85
0.078,11.845753,4.288531,28.069874,0.96098,0.85
0.079,11.841526,4.249577,28.071933,0.96048,0.85
0.08,11.840697,4.301681,28.074342,0.95998,0.85
0.081,11.835166,4.393194,28.076222,0.95948,0.85
0.082,11.850099,4.392025,28.077802,0.958979,0.85
0.083,11.818283,4.411186,28.079584,0.958479,0.85
0.084,11.835929,4.482446,28.083812,0.957979,0.85
0.085,11.809377,4.531957,28.085563,0.957479,0.85
0.086,11.813478,4.630144,28.08888,0.956978,0.85
0.087,11.82169,4.613945,28.093212,0.956478,0.85
0.088,11.809106,4.669023,28.095652,0.955978,0.85
0.089,11.806061,4.693184,28.097918,0.955478,0.85
0.09,11.813179,4.732016,28.101105,0.954977,0.85
0.091,11.801117,4.799663,28.102436,0.954477,0.85
0.092,11.789063,4.881322,28.103873,0.953977,0.85
0.093,11.784226,4.961098,28.105751,0.953477,0.85
0.094,11.800093,4.846885,28.1083,0.952976,0.85
0.095,11.782463,5.055618,28.111018,0.952476,0.85
0.096,11.783379,5.002357,28.115599,0.951976,0.85
0.097,11.78084,5.011691,28.118697,0.951476,0.85
0.098,11.772107,5.080493,28.121909,0.950975,0.85
0.099,11.774741,5.154079,28.123196,0.950475,0.85
0.1,11.769228,5.22404,28.126134,0.949975,0.85
0.101,11.765273,5.166128,28.12902,0.949475,0.85
0.102,11.744085,5.254622,28.132316,0.948974,0.85
0.103,11.767484,5.22297,28.133916,0.948474,0.85
0.104,11.751229,5.352802,28.136256,0.947974,0.85
0.105,11.743086,5.363891,28.139706,0.947474,0.85
0.106,11.764443,5.381207,28.142013,0.946973,0.85
0.107,11.737581,5.441669,28.144367,0.946473,0.85
0.108,11.734844,5.471287,28.146616,0.945973,0.85
0.109,11.725796,5.625965,28.150803,0.945473,0.85
0.11,11.72328,5.653276,28.154115,0.944972,0.85
0.111,11.752035,5.599855,28.158605,0.944472,0.85
0.112,11.733627,5.67248,28.162632,0.943972,0.85
0.113,11.724806,5.690512,28.166997,0.943472,0.85
0.114,11.713128,5.690714,28.169799,0.942971,0.85
0.115,11.732341,5.735054,28.174319,0.942471,0.85
0.116,11.712835,5.81682,28.177006,0.941971,0.85
0.117,11.699895,5.847703,28.180546,0.941471,0.85
0.118,11.713811,5.816805,28.184635,0.94097,0.85
0.119,11.694922,5.872581,28.186979,0.94047,0.85
0.12,11.684818,5.90039,28.192286,0.93997,0.85
0.121,11.694517,6.078171,28.19654,0.93947,0.85
0.122,11.692406,5.984405,28.199801,0.938969,0.85
0.123,11.682307,6.043781,28.203645,0.938469,0.85
0.124,11.688951,6.013575,28.208979,0.937969,0.85
0.125,11.67079,6.167515,28.213257,0.937469,0.85
0.126,11.667721,6.06341,28.217109,0.936968,0.85
0.127,11.675757,6.154363,28.223844,0.936468,0.85
0.128,11.67238,6.089787,28.228151,0.935968,0.85
0.129,11.66496,6.172285,28.232316,0.935468,0.85
0.13,11.671677,6.252541,28.237335,0.934967,0.85
0.131,11.666096,6.248653,28.241362,0.934467,0.85
0.132,11.670394,6.258809,28.245925,0.933967,0.85
0.133,11.67173,6.248454,28.251862,0.933467,0.85
0.134,11.655256,6.293999,28.256756,0.932966,0.85
0.135,11.64959,6.311708,28.262551,0.932466,0.85
0.136,11.65678,6.302374,28.267295,0.931966,0.85
0.137,11.638735,6.415234,28.273054,0.931466,0.85
0.138,11.653358,6.35435,28.278225,0.930965,0.85
0.139,11.641465,6.399946,28.284125,0.930465,0.85
0.14,11.643315,6.355707,28.288434,0.929965,0.85
0.141,11.631008,6.397881,28.295298,0.929465,0.85
0.142,11.639285,6.395737,28.300941,0.928964,0.85
0.143,11.62895,6.446785,28.306995,0.928464,0.85
0.144,11.613019,6.465989,28.312511,0.927964,0.85
0.145,11.630672,6.31768,28.317113,0.927464,0.85
0.146,11.634683,6.500356,28.320991,0.926963,0.85
0.147,11.622165,6.427531,28.326295,0.926463,0.85
0.148,11.637126,6.468419,28.331052,0.925963,0.85
0.149,11.626738,6.455513,28.336541,0.925463,0.85
0.15,11.625934,6.497543,28.341102,0.924962,0.85
0.151,11.602067,6.490949,28.346627,0.924462,0.85
0.152,11.6291,6.384563,28.35108,0.923962,0.85
0.153,11.622783,6.510861,28.356453,0.923462,0.85
0.154,11.616158,6.560938,28.360224,0.922961,0.85
0.155,11.596535,6.644066,28.366334,0.922461,0.85
0.156,11.619406,6.48366,28.37135,0.921961,0.85
0.157,11.610689,6.484808,28.376947,0.921461,0.85
0.158,11.598146,6.489166,28.382148,0.92096,0.85
0.159,11.610777,6.549905,28.387179,0.92046,0.85
0.16,11.611607,6.421987,28.391828,0.91996,0.85
0.161,11.599308,6.398763,28.394761,0.91946,0.85
0.162,11.602786,6.513431,28.400023,0.918959,0.85
0.163,11.596449,6.562134,28.404017,0.918459,0.85
0.164,11.599194,6.517412,28.409717,0.917959,0.85
0.165,11.593161,6.496842,28.414047,0.917459,0.85
0.166,11.604996,6.420823,28.42036,0.916958,0.85
0.167,11.605005,6.471552,28.427112,0.916458,0.85
0.168,11.589333,6.47924,28.430967,0.915958,0.85
0.169,11.595178,6.395057,28.434268,0.915458,0.85
0.17,11.592692,6.420012,28.440329,0.914957,0.85
0.171,11.591528,6.490242,28.444652,0.914457,0.85
0.172,11.598975,6.350079,28.450722,0.913957,0.85
0.173,11.602408,6.424288,28.456042,0.913457,0.85
0.174,11.604255,6.37204,28.459391,0.912956,0.85
0.175,11.597899,6.294505,28.463774,0.912456,0.85
0.176,11.583655,6.367568,28.469001,0.911956,0.85
0.177,11.594373,6.280304,28.47572,0.911456,0.85
0.178,11.593849,6.30545,28.480528,0.910955,0.85
0.179,11.607945,6.274889,28.484945,0.910455,0.85
0.18,11.577212,6.287359,28.489217,0.909955,0.85
0.181,11.576868,6.308091,28.492646,0.909455,0.85
0.182,11.593017,6.283583,28.497315,0.908954,0.85
0.183,11.586091,6.219658,28.499856,0.908454,0.85
0.184,11.579953,6.135594,28.504323,0.907954,0.85
0.185,11.594145,6.16781,28.506623,0.907454,0.85
0.186,11.589172,6.195095,28.510526,0.906953,0.85
0.187,11.604278,6.061784,28.515345,0.906453,0.85
0.188,11.603744,6.037449,28.517596,0.905953,0.85
0.189,11.611057,6.067234,28.521123,0.905453,0.85
0.19,11.613895,5.923863,28.526454,0.904952,0.85
0.191,11.600188,5.99752,28.529573,0.904452,0.85
0.192,11.592402,6.050126,28.534153,0.903952,0.85
0.193,11.605126,5.92562,28.538868,0.903452,0.85
0.194,11.590785,5.978841,28.542433,0.902951,0.85
0.195,11.599802,5.907789,28.547789,0.902451,0.85
0.196,11.598034,5.85563,28.55142,0.901951,0.85
0.197,11.604664,5.827316,28.553904,0.901451,0.85
0.198,11.584579,5.756778,28.557752,0.90095,0.85
0.199,11.577109,5.774312,28.560273,0.90045,0.85
0.2,11.580834,5.728838,28.564362,0.89995,0.85
0.201,11.599997,5.713872,28.567403,0.89945,0.85
0.202,11.59884,5.718632,28.571143,0.898949,0.85
0.203,11.610814,5.579915,28.575707,0.898449,0.85
0.204,11.587632,5.619702,28.57922,0.897949,0.85
0.205,11.601999,5.521573,28.583495,0.897449,0.85
0.206,11.588505,5.617404,28.585358,0.896948,0.85
0.207,11.610159,5.472402,28.589273,0.896448,0.85
0.208,11.58975,5.404015,28.594502,0.895948,0.85
0.209,11.62851,5.296135,28.598009,0.895448,0.85
0.21,11.605564,5.251704,28.602632,0.894947,0.85
0.211,11.595351,5.239782,28.604189,0.894447,0.85
0.212,11.600315,5.322133,28.607826,0.893947,0.85
0.213,11.624605,5.177197,28.610315,0.893447,0.85
0.214,11.609615,5.182642,28.61446,0.892946,0.85
0.215,11.607898,5.201085,28.61924,0.892446,0.85
0.216,11.602711,5.160743,28.621498,0.891946,0.85
0.217,11.606952,5.036159,28.623581,0.891446,0.85
0.218,11.606213,5.019137,28.625036,0.890945,0.85
0.219,11.621089,4.969678,28.628692,0.890445,0.85
0.22,11.600051,5.065389,28.629463,0.889945,0.85
0.221,11.612572,4.927183,28.632779,0.889445,0.85
0.222,11.629484,4.873918,28.634329,0.888944,0.85
0.223,11.614322,4.824996,28.633973,0.888444,0.85
0.224,11.630533,4.812313,28.637025,0.887944,0.85
0.225,11.607702,4.77788,28.639918,0.887444,0.85
0.226,11.623708,4.684294,28.641301,0.886943,0.85
0.227,11.632253,4.709762,28.643878,0.886443,0.85
0.228,11.6222,4.615942,28.644814,0.885943,0.85
0.229,11.64923,4.482694,28.646109,0.885443,0.85
0.23,11.628166,4.444257,28.650244,0.884942,0.85
0.231,11.652538,4.39741,28.653894,0.884442,0.85
0.232,11.642884,4.350249,28.655012,0.883942,0.85
0.233,11.635809,4.32757,28.658248,0.883442,0.85
0.234,11.631045,4.319965,28.659778,0.882941,0.85
0.235,11.634042,4.286236,28.662195,0.882441,0.85
0.236,11.625086,4.281689,28.664901,0.881941,0.85
0.237,11.638102,4.194638,28.668696,0.881441,0.85
0.238,11.634566,4.137077,28.670014,0.88094,0.85
0.239,11.64208,4.070346,28.669329,0.88044,0.85
0.24,11.639701,3.971664,28.670077,0.87994,0.85
0.241,11.64801,4.061953,28.672045,0.87944,0.85
0.242,11.641247,3.971017,28.672294,0.878939,0.85
0.243,11.630914,3.85867,28.673246,0.878439,0.85
0.244,11.646658,3.932717,28.674374,0.877939,0.85
0.245,11.637529,3.810184,28.676668,0.877439,0.85
0.246,11.65588,3.871245,28.679525,0.876938,0.85
0.247,11.6503,3.681267,28.681097,0.876438,0.85
0.248,11.661475,3.623129,28.681845,0.875938,0.85
0.249,11.636707,3.781243,28.68397,0.875438,0.85
0.25,11.646527,3.527401,28.684087,0.874937,0.85
0.251,11.646384,3.635913,28.685081,0.874437,0.85
0.252,11.635266,3.618137,28.688287,0.873937,0.85
0.253,11.664795,3.473191,28.688676,0.873437,0.85
0.254,11.654653,3.48964,28.687994,0.872936,0.85
0.255,11.676396,3.281007,28.686862,0.872436,0.85
0.256,11.648499,3.375456,28.687058,0.871936,0.85
0.257,11.652948,3.39217,28.687589,0.871436,0.85
0.258,11.677301,3.27153,28.688981,0.870935,0.85
0.259,11.665709,3.203308,28.688923,0.870435,0.85
0.26,11.667236,3.228212,28.689688,0.869935,0.85
0.261,11.664631,3.155239,28.690932,0.869435,0.85
0.262,11.66777,3.164363,28.691824,0.868934,0.85
0.263,11.657674,3.043524,28.692154,0.868434,0.85
0.264,11.678475,2.981553,28.69358,0.867934,0.85
0.265,11.669243,2.958752,28.694494,0.867434,0.85
0.266,11.671622,2.999822,28.696822,0.866933,0.85
0.267,11.659176,2.875216,28.698713,0.866433,0.85
0.268,11.667028,2.856873,28.699758,0.865933,0.85
0.269,11.662138,2.873944,28.702005,0.865433,0.85
0.27,11.680262,2.849192,28.703689,0.864932,0.85
0.271,11.67802,2.826234,28.705625,0.864432,0.85
0.272,11.648669,2.833278,28.705985,0.863932,0.85
0.273,11.660685,2.666625,28.707507,0.863432,0.85
0.274,11.662871,2.787023,28.708457,0.862931,0.85
0.275,11.665565,2.674675,28.709477,0.862431,0.85
0.276,11.662161,2.716852,28.709772,0.861931,0.85
0.277,11.671342,2.567458,28.71072,0.861431,0.85
0.278,11.676395,2.509631,28.711003,0.86093,0.85
0.279,11.677371,2.550226,28.711893,0.86043,0.85
0.28,11.664059,2.532623,28.712614,0.85993,0.85
0.281,11.672383,2.482665,28.712866,0.85943,0.85
0.282,11.679783,2.44259,28.712888,0.858929,0.85
0.283,11.680266,2.428976,28.714354,0.858429,0.85
0.284,11.678614,2.352234,28.715067,0.857929,0.85
0.285,11.679578,2.384654,28.715078,0.857429,0.85
0.286,11.667869,2.39699,28.71598,0.856928,0.85
0.287,11.6861,2.313918,28.716727,0.856428,0.85
0.288,11.665933,2.337044,28.717217,0.855928,0.85
0.289,11.660074,2.30555,28.717441,0.855428,0.85
0.29,11.665146,2.222493,28.716052,0.854927,0.85
0.291,11.666947,2.252615,28.71457,0.854427,0.85
0.292,11.666769,2.252978,28.714546,0.853927,0.85
0.293,11.661454,2.258699,28.715368,0.853427,0.85
0.294,11.67694,2.207016,28.713844,0.852926,0.85
0.295,11.666594,2.207923,28.714258,0.852426,0.85
0.296,11.67246,2.190016,28.713637,0.851926,0.85
0.297,11.66809,2.202059,28.714784,0.851426,0.85
0.298,11.674131,2.059511,28.714937,0.850925,0.85
0.299,11.663826,2.052447,28.71584,0.850425,0.85
0.3,11.674228,2.084162,28.715625,0.849925,0.85
0.301,11.671859,2.047679,28.716802,0.849425,0.85
0.302,11.664811,2.068941,28.718649,0.848924,0.85
0.303,11.661907,2.01629,28.720065,0.848424,0.85
0.304,11.668792,2.139282,28.720032,0.847924,0.85
0.305,11.651859,2.082105,28.719196,0.847424,0.85
0.306,11.660434,2.073634,28.720516,0.846923,0.85
0.307,11.662194,2.045885,28.720656,0.846423,0.85
0.308,11.664751,2.005221,28.719851,0.845923,0.85
0.309,11.648079,2.043624,28.722695,0.845423,0.85
0.31,11.651568,2.062867,28.724696,0.844922,0.85
0.311,11.672261,1.962559,28.725494,0.844422,0.85
0.312,11.644042,2.07244,28.727049,0.843922,0.85
0.313,11.661681,1.906532,28.725381,0.843422,0.85
0.314,11.656782,1.977312,28.727025,0.842921,0.85
0.315,11.666743,1.971868,28.72897,0.842421,0.85
0.316,11.667694,1.959085,28.728317,0.841921,0.85
0.317,11.656103,1.903195,28.728507,0.841421,0.85
0.318,11.644976,1.975723,28.729424,0.84092,0.85
0.319,11.656453,1.928269,28.729662,0.84042,0.85
0.32,11.644087,1.953809,28.728872,0.83992,0.85
0.321,11.638994,2.059438,28.727993,0.83942,0.85
0.322,11.644925,2.057935,28.727871,0.838919,0.85
0.323,11.637306,2.069066,28.729179,0.838419,0.85
0.324,11.649225,1.972035,28.730226,0.837919,0.85
0.325,11.630564,2.142043,28.730589,0.837419,0.85
0.326,11.637671,2.067152,28.731062,0.836918,0.85
0.327,11.62705,2.104144,28.732136,0.836418,0.85
0.328,11.636465,2.127655,28.732932,0.835918,0.85
0.329,11.626075,2.116197,28.733248,0.835418,0.85
0.33,11.615647,2.176792,28.732818,0.834917,0.85
0.331,11.610571,2.147422,28.733608,0.834417,0.85
0.332,11.617647,2.122549,28.735488,0.833917,0.85
0.333,11.604004,2.16081,28.734705,0.833417,0.85
0.334,11.612098,2.2245,28.737134,0.832916,0.85
0.335,11.626411,2.141198,28.738678,0.832416,0.85
0.336,11.612357,2.132906,28.740518,0.831916,0.85
0.337,11.605291,2.295799,28.741095,0.831416,0.85
0.338,11.621068,2.194164,28.742269,0.830915,0.85
0.339,11.608474,2.200038,28.743864,0.830415,0.85
0.34,11.607276,2.286411,28.744088,0.829915,0.85
0.341,11.602682,2.318733,28.744997,0.829415,0.85
0.342,11.59354,2.328138,28.74636,0.828914,0.85
0.343,11.593363,2.444751,28.74539,0.828414,0.85
0.344,11.588242,2.337688,28.743661,0.827914,0.85
0.345,11.575162,2.477541,28.744671,0.827414,0.85
0.346,11.585617,2.428351,28.74496,0.826913,0.85
0.347,11.599964,2.403856,28.744443,0.826413,0.85
0.348,11.592166,2.460359,28.744981,0.825913,0.85
0.349,11.580118,2.53539,28.747137,0.825413,0.85
0.35,11.564917,2.563764,28.74628,0.824912,0.85
0.351,11.575199,2.602778,28.745684,0.824412,0.85
0.352,11.564374,2.597084,28.745138,0.823912,0.85
0.353,11.540219,2.768156,28.746175,0.823412,0.85
0.354,11.554355,2.654391,28.747004,0.822911,0.85
0.355,11.570162,2.765018,28.748145,0.822411,0.85
0.356,11.549603,2.726398,28.747856,0.821911,0.85
0.357,11.552974,2.852415,28.748397,0.821411,0.85
0.358,11.541297,2.829714,28.750759,0.82091,0.85
0.359,11.549884,2.874268,28.752074,0.82041,0.85
0.36,11.542595,2.88265,28.753424,0.81991,0.85
0.361,11.535951,2.944368,28.754636,0.81941,0.85
0.362,11.533451,2.948151,28.755389,0.818909,0.85
0.363,11.524526,2.964886,28.756832,0.818409,0.85
0.364,11.518592,3.035302,28.759111,0.817909,0.85
0.365,11.534254,3.060097,28.760632,0.817409,0.85
0.366,11.523463,2.997845,28.760225,0.816908,0.85
0.367,11.514071,3.120857,28.762424,0.816408,0.85
0.368,11.508564,3.204709,28.763405,0.815908,0.85
0.369,11.509473,3.170506,28.764987,0.815408,0.85
0.37,11.510171,3.297357,28.767037,0.814907,0.85
0.371,11.490567,3.295903,28.767599,0.814407,0.85
0.372,11.492041,3.319514,28.767059,0.813907,0.85
0.373,11.490688,3.352045,28.766372,0.813407,0.85
0.374,11.486048,3.408025,28.767835,0.812906,0.85
0.375,11.494661,3.462431,28.770258,0.812406,0.85
0.376,11.482186,3.502222,28.771854,0.811906,0.85
0.377,11.476815,3.497384,28.772324,0.811406,0.85
0.378,11.474247,3.583608,28.771746,0.810905,0.85
0.379,11.476281,3.665301,28.775182,0.810405,0.85
0.38,11.453781,3.609208,28.778268,0.809905,0.85
0.381,11.46012,3.707508,28.778998,0.809405,0.85
0.382,11.459564,3.724666,28.7828,0.808904,0.85
0.383,11.457153,3.810559,28.783441,0.808404,0.85
0.384,11.450796,3.852423,28.785064,0.807904,0.85
0.385,11.458263,3.88027,28.786533,0.807404,0.85
0.386,11.443506,3.940149,28.78789,0.806903,0.85
0.387,11.419962,4.039247,28.789234,0.806403,0.85
0.388,11.432358,4.094227,28.790159,0.805903,0.85
0.389,11.432883,4.046066,28.790165,0.805403,0.85
0.39,11.429087,4.141622,28.791992,0.804902,0.85
0.391,11.434941,4.195087,28.793955,0.804402,0.85
0.392,11.413229,4.162217,28.79633,0.803902,0.85
0.393,11.412327,4.247927,28.799939,0.803402,0.85
0.394,11.403869,4.291026,28.802465,0.802901,0.85
0.395,11.411576,4.397739,28.806844,0.802401,0.85
0.396,11.393539,4.484737,28.809272,0.801901,0.85
0.397,11.387674,4.41563,28.812944,0.801401,0.85
0.398,11.396336,4.424658,28.81548,0.8009,0.85
0.399,11.392037,4.600751,28.818058,0.8004,0.85
0.4,11.364485,4.545157,28.818823,0.7999,0.85
0.401,11.387768,4.611229,28.820479,0.7994,0.85
0.402,11.374423,4.67356,28.822606,0.798899,0.85
0.403,11.376682,4.708581,28.82479,0.798399,0.85
0.404,11.369649,4.764405,28.826223,0.797899,0.85
0.405,11.37319,4.86685,28.827121,0.797399,0.85
0.406,11.357268,4.838606,28.830172,0.796898,0.85
0.407,11.354244,4.982874,28.831842,0.796398,0.85
0.408,11.367672,4.835913,28.834911,0.795898,0.85
0.409,11.352243,4.978166,28.838168,0.795398,0.85
0.41,11.349926,5.004924,28.840877,0.794897,0.85
0.411,11.337784,5.055607,28.84243,0.794397,0.85
0.412,11.339654,5.136426,28.845061,0.793897,0.85
0.413,11.322967,5.130418,28.848065,0.793397,0.85
0.414,11.330596,5.107122,28.85023,0.792896,0.85
0.415,11.329288,5.21096,28.854362,0.792396,0.85
0.416,11.309694,5.282291,28.859794,0.791896,0.85
0.417,11.325843,5.319638,28.864452,0.791396,0.85
0.418,11.309665,5.338438,28.868418,0.790895,0.85
0.419,11.312819,5.42805,28.872987,0.790395,0.85
0.42,11.312356,5.471922,28.87719,0.789895,0.85
0.421,11.3129,5.380192,28.880443,0.789395,0.85
0.422,11.308003,5.377553,28.883756,0.788894,0.85
0.423,11.293731,5.488911,28.886228,0.788394,0.85
0.424,11.278258,5.560025,28.88894,0.787894,0.85
0.425,11.290448,5.663864,28.891572,0.787394,0.85
0.426,11.2817,5.647382,28.895863,0.786893,0.85
0.427,11.292947,5.735068,28.899247,0.786393,0.85
0.428,11.276283,5.712162,28.903368,0.785893,0.85
0.429,11.269552,5.744846,28.908584,0.785393,0.85
0.43,11.274344,5.73202,28.912899,0.784892,0.85
0.431,11.264356,5.772604,28.917858,0.784392,0.85
0.432,11.278305,5.88947,28.922648,0.783892,0.85
0.433,11.25357,5.82529,28.925009,0.783392,0.85
0.434,11.268657,5.837844,28.929571,0.782891,0.85
0.435,11.260245,5.901887,28.934516,0.782391,0.85
0.436,11.258124,6.03127,28.938283,0.781891,0.85
0.437,11.246857,6.021658,28.942253,0.781391,0.85
0.438,11.246182,6.045922,28.945272,0.78089,0.85
0.439,11.248003,5.96855,28.952262,0.78039,0.85
0.44,11.232714,6.062555,28.956374,0.77989,0.85
0.441,11.233319,6.114506,28.961728,0.77939,0.85
0.442,11.241271,6.157684,28.965002,0.778889,0.85
0.443,11.231812,6.181665,28.969094,0.778389,0.85
0.444,11.23246,6.181623,28.973806,0.777889,0.85
0.445,11.209581,6.284586,28.978834,0.777389,0.85
0.446,11.239077,6.20195,28.983215,0.776888,0.85
0.447,11.209129,6.298742,28.988366,0.776388,0.85
0.448,11.226639,6.246207,28.992849,0.775888,0.85
0.449,11.223879,6.296123,28.996408,0.775388,0.85
0.45,11.211806,6.288535,29.001692,0.774887,0.85
0.451,11.204938,6.414481,29.007678,0.774387,0.85
0.452,11.199226,6.355351,29.012642,0.773887,0.85
0.453,11.200235,6.383843,29.018566,0.773387,0.85
0.454,11.193357,6.383927,29.022958,0.772886,0.85
0.455,11.212834,6.385765,29.027491,0.772386,0.85
0.456,11.209504,6.501764,29.032824,0.771886,0.85
0.457,11.187724,6.49471,29.037886,0.771386,0.85
0.458,11.203377,6.358292,29.042268,0.770885,0.85
0.459,11.193582,6.504082,29.046769,0.770385,0.85
0.46,11.208302,6.41428,29.050315,0.769885,0.85
0.461,11.189341,6.394114,29.054993,0.769385,0.85
0.462,11.200733,6.394187,29.060074,0.768884,0.85
0.463,11.188738,6.619061,29.063933,0.768384,0.85
0.464,11.177006,6.510121,29.06807,0.767884,0.85
0.465,11.178116,6.451751,29.072105,0.767384,0.85
0.466,11.194429,6.451315,29.077524,0.766883,0.85
0.467,11.179554,6.470677,29.083502,0.766383,0.85
0.468,11.164875,6.498963,29.089264,0.765883,0.85
0.469,11.17173,6.498261,29.09322,0.765383,0.85
0.47,11.155565,6.655738,29.09797,0.764882,0.85
0.471,11.168005,6.518256,29.103987,0.764382,0.85
0.472,11.174719,6.501551,29.108875,0.763882,0.85
0.473,11.157712,6.597725,29.11285,0.763382,0.85
0.474,11.172042,6.498288,29.117607,0.762881,0.85
0.475,11.163716,6.514168,29.122646,0.762381,0.85
0.476,11.160853,6.480474,29.126609,0.761881,0.85
0.477,11.161855,6.456548,29.132839,0.761381,0.85
0.478,11.161402,6.427046,29.137945,0.76088,0.85
0.479,11.163673,6.515096,29.141688,0.76038,0.85
0.48,11.163055,6.516174,29.145824,0.75988,0.85
0.481,11.158671,6.429955,29.150874,0.75938,0.85
0.482,11.166428,6.538368,29.157472,0.758879,0.85
0.483,11.16075,6.436177,29.162365,0.758379,0.85
0.484,11.151779,6.418983,29.169061,0.757879,0.85
0.485,11.144799,6.411112,29.173642,0.757379,0.85
0.486,11.157585,6.408628,29.17858,0.756878,0.85
0.487,11.172331,6.348233,29.183078,0.756378,0.85
0.488,11.154914,6.412518,29.186792,0.755878,0.85
0.489,11.161148,6.350112,29.191088,0.755378,0.85
0.49,11.154606,6.343677,29.195409,0.754877,0.85
0.491,11.149514,6.351868,29.199769,0.754377,0.85
0.492,11.153373,6.36883,29.203522,0.753877,0.85
0.493,11.155844,6.260177,29.208999,0.753377,0.85
0.494,11.160978,6.228192,29.21428,0.752876,0.85
0.495,11.143232,6.272674,29.218133,0.752376,0.85
0.496,11.156172,6.240894,29.223096,0.751876,0.85
0.497,11.154757,6.187791,29.230545,0.751376,0.85
0.498,11.153458,6.106553,29.233951,0.750875,0.85
0.499,11.156287,6.153675,29.237009,0.750375,0.85
0.5,11.149165,6.165847,29.240452,0.749875,0.85
0.501,11.142094,6.11206,29.244602,0.749375,0.85
0.502,11.137891,6.129588,29.248705,0.748874,0.85
0.503,11.146618,6.135885,29.253841,0.748374,0.85
0.504,11.141856,6.02061,29.25632,0.747874,0.85
0.505,11.169567,5.983779,29.260323,0.747374,0.85
0.506,11.154482,5.94886,29.263782,0.746873,0.85
0.507,11.153225,5.950119,29.266515,0.746373,0.85
0.508,11.14823,5.987499,29.272185,0.745873,0.85
0.509,11.14785,5.85475,29.275626,0.745373,0.85
0.51,11.164696,5.817181,29.27976,0.744872,0.85
0.511,11.152503,5.86546,29.284309,0.744372,0.85
0.512,11.154438,5.790359,29.288448,0.743872,0.85
0.513,11.147998,5.783168,29.292056,0.743372,0.85
0.514,11.160378,5.746821,29.297731,0.742871,0.85
0.515,11.15182,5.669871,29.299706,0.742371,0.85
0.516,11.158133,5.688689,29.302239,0.741871,0.85
0.517,11.165886,5.62468,29.305242,0.741371,0.85
0.518,11.153996,5.590873,29.309107,0.74087,0.85
0.519,11.160073,5.619492,29.311274,0.74037,0.85
0.52,11.156569,5.561073,29.314747,0.73987,0.85
0.521,11.147286,5.547409,29.318813,0.73937,0.85
0.522,11.161611,5.406728,29.321211,0.738869,0.85
0.523,11.166494,5.374753,29.323734,0.738369,0.85
0.524,11.161117,5.323821,29.328479,0.737869,0.85
0.525,11.143268,5.242041,29.33131,0.737369,0.85
0.526,11.168921,5.196582,29.334057,0.736868,0.85
0.527,11.175272,5.20452,29.337185,0.736368,0.85
0.528,11.167206,5.267026,29.337755,0.735868,0.85
0.529,11.153692,5.137492,29.341015,0.735368,0.85
0.53,11.170154,5.15221,29.343504,0.734867,0.85
0.531,11.156808,5.133004,29.346235,0.734367,0.85
0.532,11.189435,5.024539,29.34883,0.733867,0.85
0.533,11.172813,4.970621,29.350771,0.733367,0.85
0.534,11.159891,4.973974,29.35215,0.732866,0.85
0.535,11.179165,4.902216,29.353244,0.732366,0.85
0.536,11.165007,4.863919,29.356583,0.731866,0.85
0.537,11.170572,4.837238,29.359472,0.731366,0.85
0.538,11.180009,4.875268,29.361291,0.730865,0.85
0.539,11.177344,4.684379,29.362266,0.730365,0.85
0.54,11.186058,4.680132,29.365568,0.729865,0.85
0.541,11.185799,4.645711,29.367399,0.729365,0.85
0.542,11.170298,4.702821,29.369493,0.728864,0.85
0.543,11.182003,4.501164,29.373486,0.728364,0.85
0.544,11.169164,4.567732,29.37839,0.727864,0.85
0.545,11.175404,4.467886,29.381457,0.727364,0.85
0.546,11.180098,4.459191,29.383202,0.726863,0.85
0.547,11.184944,4.39156,29.385102,0.726363,0.85
0.548,11.190288,4.398865,29.389256,0.725863,0.85
0.549,11.185049,4.291902,29.392189,0.725363,0.85
0.55,11.188425,4.240113,29.395045,0.724862,0.85
0.551,11.186791,4.154254,29.399033,0.724362,0.85
0.552,11.164579,4.204431,29.400331,0.723862,0.85
0.553,11.181604,4.186755,29.40215,0.723362,0.85
0.554,11.198252,4.023682,29.402696,0.722861,0.85
0.555,11.198197,3.988042,29.406885,0.722361,0.85
0.556,11.193331,3.952918,29.411943,0.721861,0.85
0.557,11.200077,3.826214,29.412532,0.721361,0.85
0.558,11.203904,3.835105,29.413936,0.72086,0.85
0.559,11.200077,3.878369,29.414261,0.72036,0.85
0.56,11.209573,3.716599,29.414183,0.71986,0.85
0.561,11.204458,3.705886,29.416673,0.71936,0.85
0.562,11.21074,3.700909,29.417611,0.718859,0.85
0.563,11.197102,3.68953,29.419962,0.718359,0.85
0.564,11.202003,3.602803,29.422348,0.717859,0.85
0.565,11.194646,3.593207,29.426332,0.717359,0.85
0.566,11.198652,3.42963,29.428959,0.716858,0.85
0.567,11.206509,3.544993,29.430087,0.716358,0.85
0.568,11.209249,3.432356,29.431267,0.715858,0.85
0.569,11.212363,3.370393,29.433361,0.715358,0.85
0.57,11.216479,3.355154,29.434458,0.714857,0.85
0.571,11.212392,3.301767,29.437281,0.714357,0.85
0.572,11.220649,3.309135,29.438246,0.713857,0.85
0.573,11.218638,3.259424,29.438838,0.713357,0.85
0.574,11.207066,3.126107,29.440868,0.712856,0.85
0.575,11.202047,3.261874,29.441304,0.712356,0.85
0.576,11.189048,3.244618,29.443728,0.711856,0.85
0.577,11.214146,3.110113,29.444985,0.711356,0.85
0.578,11.21626,3.056581,29.446542,0.710855,0.85
0.579,11.223508,2.919614,29.448361,0.710355,0.85
0.58,11.226412,2.919535,29.449545,0.709855,0.85
0.581,11.212101,2.89717,29.449423,0.709355,0.85
0.582,11.212502,2.832393,29.450183,0.708854,0.85
0.583,11.235313,2.891851,29.45126,0.708354,0.85
0.584,11.230938,2.746511,29.452457,0.707854,0.85
0.585,11.221699,2.819229,29.452716,0.707354,0.85
0.586,11.223916,2.787004,29.452554,0.706853,0.85
0.587,11.220226,2.73612,29.454027,0.706353,0.85
0.588,11.213366,2.812462,29.456297,0.705853,0.85
0.589,11.228215,2.59988,29.457219,0.705353,0.85
0.59,11.212068,2.633182,29.459605,0.704852,0.85
0.591,11.220751,2.631314,29.459768,0.704352,0.85
0.592,11.229214,2.587819,29.460273,0.703852,0.85
0.593,11.225091,2.539311,29.460006,0.703352,0.85
0.594,11.221752,2.42944,29.459672,0.702851,0.85
0.595,11.231155,2.487562,29.460444,0.702351,0.85
0.596,11.219617,2.415806,29.460726,0.701851,0.85
0.597,11.210883,2.496812,29.461449,0.701351,0.85
0.598,11.227431,2.378152,29.461669,0.70085,0.85
0.599,11.211218,2.375733,29.460958,0.70035,0.85
0.6,11.220843,2.339006,29.461471,0.69985,0.85
0.601,11.228455,2.325635,29.461462,0.69935,0.85
0.602,11.237985,2.26184,29.462923,0.698849,0.85
0.603,11.222435,2.299861,29.465193,0.698349,0.85
0.604,11.228147,2.257638,29.466686,0.697849,0.85
0.605,11.229414,2.320264,29.466599,0.697349,0.85
0.606,11.220226,2.216611,29.466261,0.696848,0.85
0.607,11.211981,2.18752,29.466942,0.696348,0.85
0.608,11.234165,2.046566,29.466327,0.695848,0.85
0.609,11.230851,2.107156,29.466651,0.695348,0.85
0.61,11.213823,2.12945,29.466426,0.694847,0.85
0.611,11.218328,2.194111,29.467684,0.694347,0.85
0.612,11.235016,2.043423,29.467728,0.693847,0.85
0.613,11.218523,2.044707,29.469028,0.693347,0.85
0.614,11.207123,2.130247,29.469489,0.692846,0.85
0.615,11.212523,2.054661,29.472385,0.692346,0.85
0.616,11.228555,2.048416,29.472925,0.691846,0.85
0.617,11.227714,2.04572,29.475037,0.691346,0.85
0.618,11.225595,2.035476,29.47536,0.690845,0.85
0.619,11.216179,2.041235,29.47676,0.690345,0.85
0.62,11.200708,2.118686,29.477489,0.689845,0.85
0.621,11.212596,1.948547,29.478152,0.689345,0.85
0.622,11.218943,1.996267,29.47952,0.688844,0.85
0.623,11.196669,2.094541,29.481149,0.688344,0.85
0.624,11.210666,1.917014,29.480909,0.687844,0.85
0.625,11.189146,2.038608,29.481818,0.687344,0.85
0.626,11.212067,1.910707,29.482487,0.686843,0.85
0.627,11.213801,1.98648,29.482112,0.686343,0.85
0.628,11.202053,2.019434,29.484138,0.685843,0.85
0.629,11.218206,1.919803,29.485792,0.685343,0.85
0.63,11.198662,2.020521,29.485734,0.684842,0.85
0.631,11.193632,1.9878,29.484981,0.684342,0.85
0.632,11.201751,2.040792,29.486978,0.683842,0.85
0.633,11.201492,2.004169,29.485662,0.683342,0.85
0.634,11.191045,2.008763,29.486432,0.682841,0.85
0.635,11.189774,1.97404,29.48611,0.682341,0.85
0.636,11.185431,2.071864,29.486647,0.681841,0.85
0.637,11.196299,1.99405,29.487584,0.681341,0.85
0.638,11.178011,2.043707,29.488208,0.68084,0.85
0.639,11.191972,2.081382,29.489512,0.68034,0.85
0.64,11.166728,2.037831,29.490591,0.67984,0.85
0.641,11.181422,2.010065,29.491304,0.67934,0.85
0.642,11.179853,2.070733,29.490054,0.678839,0.85
0.643,11.186548,2.095938,29.490199,0.678339,0.85
0.644,11.166452,2.151488,29.490215,0.677839,0.85
0.645,11.159959,2.091548,29.491054,0.677339,0.85
0.646,11.159335,2.129998,29.490895,0.676838,0.85
0.647,11.172745,2.067089,29.490938,0.676338,0.85
0.648,11.167855,2.156833,29.492466,0.675838,0.85
0.649,11.160577,2.25004,29.492627,0.675338,0.85
0.65,11.172596,2.145701,29.494063,0.674837,0.85
0.651,11.166482,2.182943,29.495265,0.674337,0.85
0.652,11.146191,2.20859,29.497352,0.673837,0.85
0.653,11.15802,2.237249,29.498298,0.673337,0.85
0.654,11.15436,2.188287,29.498849,0.672836,0.85
0.655,11.146914,2.375822,29.499545,0.672336,0.85
0.656,11.133038,2.400552,29.500223,0.671836,0.85
0.657,11.125743,2.373464,29.500697,0.671336,0.85
0.658,11.135056,2.321455,29.499287,0.670835,0.85
0.659,11.147834,2.331501,29.501144,0.670335,0.85
0.66,11.131145,2.432525,29.500761,0.669835,0.85
0.661,11.139291,2.371984,29.501934,0.669335,0.85
0.662,11.117407,2.454893,29.502806,0.668834,0.85
0.663,11.125123,2.523499,29.502927,0.668334,0.85
0.664,11.112602,2.511033,29.505874,0.667834,0.85
0.665,11.116063,2.560363,29.504925,0.667334,0.85
0.666,11.108578,2.581347,29.507531,0.666833,0.85
0.667,11.091657,2.702771,29.509071,0.666333,0.85
0.668,11.102599,2.648269,29.508547,0.665833,0.85
0.669,11.098372,2.698015,29.507447,0.665333,0.85
0.67,11.101136,2.769607,29.507895,0.664832,0.85
0.671,11.099451,2.799032,29.507868,0.664332,0.85
0.672,11.097456,2.72622,29.50916,0.663832,0.85
0.673,11.080441,2.920263,29.510595,0.663332,0.85
0.674,11.07721,2.851541,29.512447,0.662831,0.85
0.675,11.065713,2.948895,29.51356,0.662331,0.85
0.676,11.082774,2.919356,29.514335,0.661831,0.85
0.677,11.07857,2.983009,29.515899,0.661331,0.85
0.678,11.07197,2.962944,29.517029,0.66083,0.85
0.679,11.070093,3.014814,29.518624,0.66033,0.85
0.68,11.059893,3.025549,29.519936,0.65983,0.85
0.681,11.054476,3.155268,29.522005,0.65933,0.85
0.682,11.052069,3.180459,29.523833,0.658829,0.85
0.683,11.045286,3.314457,29.525163,0.658329,0.85
0.684,11.045429,3.224017,29.524848,0.657829,0.85
0.685,11.037457,3.295995,29.525796,0.657329,0.85
0.686,11.037738,3.370776,29.528311,0.656828,0.85
0.687,11.028488,3.443892,29.530406,0.656328,0.85
0.688,11.033965,3.43721,29.532008,0.655828,0.85
0.689,11.029533,3.440028,29.532856,0.655328,0.85
0.69,11.023751,3.587967,29.537314,0.654827,0.85
0.691,11.026148,3.540432,29.540673,0.654327,0.85
0.692,11.013765,3.604482,29.541854,0.653827,0.85
0.693,11.019796,3.592449,29.543881,0.653327,0.85
0.694,11.011989,3.732003,29.544049,0.652826,0.85
0.695,11.003086,3.730797,29.546188,0.652326,0.85
0.696,11.004411,3.717311,29.54749,0.651826,0.85
0.697,10.990671,3.78029,29.54809,0.651326,0.85
0.698,10.96785,3.885118,29.550442,0.650825,0.85
0.699,10.983124,3.898428,29.553071,0.650325,0.85
0.7,10.978423,3.907653,29.553773,0.649825,0.85
0.701,10.980968,3.921422,29.557563,0.649325,0.85
0.702,10.977374,4.006669,29.558005,0.648824,0.85
0.703,10.970866,4.078385,29.560666,0.648324,0.85
0.704,10.976497,4.060197,29.56133,0.647824,0.85
0.705,10.953367,4.285643,29.565527,0.647324,0.85
0.706,10.946744,4.289027,29.566378,0.646823,0.85
0.707,10.945493,4.262759,29.569968,0.646323,0.85
0.708,10.944,4.38646,29.572671,0.645823,0.85
0.709,10.929337,4.348305,29.576623,0.645323,0.85
0.71,10.939103,4.333278,29.580054,0.644822,0.85
0.711,10.940617,4.353555,29.581588,0.644322,0.85
0.712,10.929583,4.500853,29.585138,0.643822,0.85
0.713,10.935292,4.579716,29.588584,0.643322,0.85
0.714,10.910742,4.616442,29.593314,0.642821,0.85
0.715,10.93349,4.578465,29.595522,0.642321,0.85
0.716,10.909821,4.709439,29.598565,0.641821,0.85
0.717,10.89344,4.68567,29.600934,0.641321,0.85
0.718,10.897688,4.835258,29.604411,0.64082,0.85
0.719,10.905606,4.729543,29.60703,0.64032,0.85
0.72,10.895856,4.818912,29.608615,0.63982,0.85
0.721,10.89277,4.921853,29.60953,0.63932,0.85
0.722,10.90516,4.816381,29.612304,0.638819,0.85
0.723,10.900402,4.931154,29.614732,0.638319,0.85
0.724,10.891563,5.013493,29.618617,0.637819,0.85
0.725,10.874979,5.086095,29.619988,0.637319,0.85
0.726,10.879082,5.104287,29.621388,0.636818,0.85
0.727,10.872751,5.112745,29.624584,0.636318,0.85
0.728,10.854601,5.15751,29.62671,0.635818,0.85
0.729,10.852688,5.267526,29.629387,0.635318,0.85
0.73,10.871976,5.15363,29.632371,0.634817,0.85
0.731,10.856701,5.243054,29.637645,0.634317,0.85
0.732,10.865322,5.348836,29.639669,0.633817,0.85
0.733,10.840042,5.366358,29.642691,0.633317,0.85
0.734,10.854838,5.400842,29.646938,0.632816,0.85
0.735,10.826807,5.475149,29.65078,0.632316,0.85
0.736,10.846316,5.403401,29.654569,0.631816,0.85
0.737,10.836198,5.548467,29.659847,0.631316,0.85
0.738,10.830549,5.579422,29.663686,0.630815,0.85
0.739,10.833938,5.548442,29.666719,0.630315,0.85
0.74,10.812864,5.722248,29.669884,0.629815,0.85
0.741,10.810762,5.687504,29.673181,0.629315,0.85
0.742,10.820585,5.734189,29.677428,0.628814,0.85
0.743,10.821118,5.702211,29.679456,0.628314,0.85
0.744,10.814377,5.720116,29.682664,0.627814,0.85
0.745,10.81139,5.798192,29.686207,0.627314,0.85
0.746,10.794364,5.819277,29.690504,0.626813,0.85
0.747,10.807891,5.900287,29.693133,0.626313,0.85
0.748,10.788585,5.845544,29.695863,0.625813,0.85
0.749,10.77746,5.987943,29.699141,0.625313,0.85
0.75,10.782447,5.953984,29.704235,0.624812,0.85
0.751,10.781304,6.001591,29.709548,0.624312,0.85
0.752,10.790585,6.054708,29.711982,0.623812,0.85
0.753,10.776387,6.041416,29.716114,0.623312,0.85
0.754,10.777142,6.083734,29.720806,0.622811,0.85
0.755,10.770776,6.083099,29.725222,0.622311,0.85
0.756,10.776251,6.074227,29.730807,0.621811,0.85
0.757,10.757964,6.21444,29.734534,0.621311,0.85
0.758,10.774816,6.179979,29.738151,0.62081,0.85
0.759,10.751701,6.197228,29.745304,0.62031,0.85
0.76,10.772782,6.224359,29.749432,0.61981,0.85
0.761,10.747178,6.293362,29.754621,0.61931,0.85
0.762,10.74944,6.24285,29.759567,0.618809,0.85
0.763,10.739134,6.276471,29.763847,0.618309,0.85
0.764,10.746776,6.22131,29.76783,0.617809,0.85
0.765,10.742231,6.321703,29.773289,0.617309,0.85
0.766,10.742342,6.381268,29.778912,0.616808,0.85
0.767,10.754514,6.307151,29.782189,0.616308,0.85
0.768,10.745161,6.305714,29.788511,0.615808,0.85
0.769,10.747331,6.383097,29.792953,0.615308,0.85
0.77,10.737607,6.374356,29.79815,0.614807,0.85
0.771,10.722025,6.516455,29.802124,0.614307,0.85
0.772,10.730689,6.423716,29.807887,0.613807,0.85
0.773,10.713653,6.421152,29.813343,0.613307,0.85
0.774,10.733421,6.413325,29.818819,0.612806,0.85
0.775,10.717481,6.430617,29.822964,0.612306,0.85
0.776,10.721998,6.472875,29.827717,0.611806,0.85
0.777,10.731576,6.476682,29.834331,0.611306,0.85
0.778,10.72674,6.440451,29.839151,0.610805,0.85
0.779,10.723806,6.443136,29.843344,0.610305,0.85
0.78,10.70122,6.455619,29.84808,0.609805,0.85
0.781,10.723952,6.452361,29.852816,0.609305,0.85
0.782,10.704113,6.496446,29.856929,0.608804,0.85
0.783,10.72886,6.448801,29.861676,0.608304,0.85
0.784,10.707559,6.466723,29.866927,0.607804,0.85
0.785,10.700658,6.445166,29.872223,0.607304,0.85
0.786,10.693218,6.471585,29.876523,0.606803,0.85
0.787,10.71372,6.449489,29.881796,0.606303,0.85
0.788,10.702915,6.368313,29.887413,0.605803,0.85
0.789,10.691247,6.524819,29.893306,0.605303,0.85
0.79,10.691495,6.465711,29.897486,0.604802,0.85
0.791,10.691022,6.55007,29.901909,0.604302,0.85
0.792,10.693572,6.435029,29.906201,0.603802,0.85
0.793,10.692227,6.427173,29.911316,0.603302,0.85
0.794,10.678657,6.628456,29.916528,0.602801,0.85
0.795,10.708395,6.413291,29.921424,0.602301,0.85
0.796,10.691117,6.473815,29.929044,0.601801,0.85
0.797,10.68766,6.482525,29.93399,0.601301,0.85
0.798,10.680756,6.433939,29.938465,0.6008,0.85
0.799,10.677413,6.473912,29.942942,0.6003,0.85
0.8,10.680166,6.389655,29.947845,0.5998,0.85
0.801,10.676199,6.389555,29.951902,0.5993,0.85
0.802,10.677221,6.367267,29.955251,0.598799,0.85
0.803,10.684907,6.309531,29.959253,0.598299,0.85
0.804,10.68981,6.366363,29.963112,0.597799,0.85
0.805,10.689595,6.285172,29.967759,0.597299,0.85
0.806,10.676542,6.367659,29.972671,0.596798,0.85
0.807,10.674488,6.339923,29.97522,0.596298,0.85
0.808,10.682505,6.383164,29.979259,0.595798,0.85
0.809,10.665409,6.226729,29.984428,0.595298,0.85
0.81,10.693474,6.214904,29.988288,0.594797,0.85
0.811,10.676765,6.144372,29.993371,0.594297,0.85
0.812,10.693386,6.093128,29.996956,0.593797,0.85
0.813,10.661125,6.178387,29.999759,0.593297,0.85
0.814,10.672615,6.17304,30.005012,0.592796,0.85
0.815,10.675814,6.084078,30.007868,0.592296,0.85
0.816,10.672805,6.089404,30.012746,0.591796,0.85
0.817,10.677257,6.146576,30.018745,0.591296,0.85
0.818,10.692659,6.021982,30.025124,0.590795,0.85
0.819,10.674641,5.992391,30.028257,0.590295,0.85
0.82,10.68027,5.920047,30.032385,0.589795,0.85
0.821,10.690797,5.925169,30.036297,0.589295,0.85
0.822,10.678615,5.986953,30.04181,0.588794,0.85
0.823,10.692314,5.826511,30.045988,0.588294,0.85
0.824,10.680993,5.849645,30.051992,0.587794,0.85
0.825,10.685415,5.868018,30.057155,0.587294,0.85
0.826,10.686176,5.793761,30.060754,0.586793,0.85
0.827,10.678746,5.755959,30.064387,0.586293,0.85
0.828,10.683911,5.647503,30.068331,0.585793,0.85
0.829,10.677873,5.672766,30.071871,0.585293,0.85
0.83,10.691628,5.72103,30.076695,0.584792,0.85
0.831,10.691428,5.761181,30.080549,0.584292,0.85
0.832,10.667564,5.573469,30.082687,0.583792,0.85
0.833,10.68668,5.486614,30.085534,0.583292,0.85
0.834,10.691389,5.514663,30.089851,0.582791,0.85
0.835,10.692515,5.450038,30.09372,0.582291,0.85
0.836,10.692584,5.452249,30.097391,0.581791,0.85
0.837,10.678018,5.438692,30.099972,0.581291,0.85
0.838,10.681908,5.407059,30.103378,0.58079,0.85
0.839,10.683805,5.340486,30.107176,0.58029,0.85
0.84,10.683529,5.294877,30.109469,0.57979,0.85
0.841,10.679795,5.287921,30.113353,0.57929,0.85
0.842,10.682516,5.173473,30.11535,0.578789,0.85
0.843,10.693021,5.156048,30.119093,0.578289,0.85
0.844,10.694884,5.083628,30.122995,0.577789,0.85
0.845,10.703163,5.105713,30.126808,0.577289,0.85
0.846,10.694018,5.003841,30.130265,0.576788,0.85
0.847,10.685597,5.084692,30.131937,0.576288,0.85
0.848,10.699259,4.988119,30.134582,0.575788,0.85
0.849,10.686753,4.929228,30.137275,0.575288,0.85
0.85,10.692074,4.916768,30.138297,0.574787,0.85
0.851,10.701622,4.757574,30.140558,0.574287,0.85
0.852,10.703846,4.751463,30.14427,0.573787,0.85
0.853,10.699802,4.647107,30.145556,0.573287,0.85
0.854,10.706249,4.677045,30.148052,0.572786,0.85
0.855,10.708649,4.60399,30.150128,0.572286,0.85
0.856,10.70484,4.601666,30.153452,0.571786,0.85
0.857,10.719091,4.546413,30.155622,0.571286,0.85
0.858,10.70485,4.401231,30.157766,0.570785,0.85
0.859,10.715419,4.509178,30.160477,0.570285,0.85
0.86,10.706444,4.437165,30.163619,0.569785,0.85
0.861,10.693402,4.420985,30.164122,0.569285,0.85
0.862,10.70505,4.347087,30.165777,0.568784,0.85
0.863,10.71213,4.318246,30.167527,0.568284,0.85
0.864,10.696454,4.197218,30.168058,0.567784,0.85
0.865,10.717185,4.213029,30.171188,0.567284,0.85
0.866,10.723345,4.113352,30.172522,0.566783,0.85
0.867,10.724112,4.10123,30.174542,0.566283,0.85
0.868,10.714449,4.056367,30.176128,0.565783,0.85
0.869,10.704538,4.056057,30.178457,0.565283,0.85
0.87,10.739756,3.899619,30.181341,0.564782,0.85
0.871,10.718176,3.9551,30.182237,0.564282,0.85
0.872,10.720587,3.937798,30.181,0.563782,0.85
0.873,10.723088,3.866754,30.183016,0.563282,0.85
0.874,10.707238,3.745999,30.185642,0.562781,0.85
0.875,10.723504,3.686578,30.186614,0.562281,0.85
0.876,10.707833,3.739211,30.18628,0.561781,0.85
0.877,10.710477,3.738835,30.188178,0.561281,0.85
0.878,10.714617,3.635721,30.190476,0.56078,0.85
0.879,10.717209,3.665158,30.191775,0.56028,0.85
0.88,10.732751,3.534361,30.19345,0.55978,0.85
0.881,10.730537,3.47697,30.19432,0.55928,0.85
0.882,10.735213,3.459871,30.195615,0.558779,0.85
0.883,10.728152,3.385845,30.195896,0.558279,0.85
0.884,10.731819,3.3277,30.196593,0.557779,0.85
0.885,10.736876,3.336203,30.199067,0.557279,0.85
0.886,10.731262,3.260104,30.200911,0.556778,0.85
0.887,10.718675,3.293439,30.201197,0.556278,0.85
0.888,10.730877,3.230746,30.201202,0.555778,0.85
0.889,10.741292,3.140881,30.203343,0.555278,0.85
0.89,10.730224,3.146968,30.202835,0.554777,0.85
0.891,10.741629,3.127981,30.203415,0.554277,0.85
0.892,10.723249,3.112295,30.205094,0.553777,0.85
0.893,10.73111,2.996361,30.20509,0.553277,0.85
0.894,10.731945,2.969359,30.205572,0.552776,0.85
0.895,10.746028,2.952127,30.207779,0.552276,0.85
0.896,10.752613,2.79736,30.207284,0.551776,0.85
0.897,10.724888,2.898628,30.208414,0.551276,0.85
0.898,10.723411,2.893015,30.209749,0.550775,0.85
0.899,10.755291,2.792342,30.209838,0.550275,0.85
0.9,10.750709,2.77851,30.209685,0.549775,0.85
0.901,10.745659,2.7629,30.211722,0.549275,0.85
0.902,10.734124,2.684178,30.212489,0.548774,0.85
0.903,10.723407,2.709749,30.212758,0.548274,0.85
0.904,10.744009,2.580093,30.214686,0.547774,0.85
0.905,10.73342,2.62169,30.217029,0.547274,0.85
0.906,10.738451,2.652253,30.217306,0.546773,0.85
0.907,10.743315,2.511692,30.217939,0.546273,0.85
0.908,10.743514,2.450063,30.218104,0.545773,0.85
0.909,10.73957,2.516857,30.219438,0.545273,0.85
0.91,10.728957,2.472423,30.21853,0.544772,0.85
0.911,10.729547,2.420653,30.219845,0.544272,0.85
0.912,10.748158,2.394877,30.221883,0.543772,0.85
0.913,10.745018,2.313417,30.223674,0.543272,0.85
0.914,10.741904,2.359841,30.223398,0.542771,0.85
0.915,10.745138,2.31628,30.224966,0.542271,0.85
0.916,10.747181,2.26546,30.225539,0.541771,0.85
0.917,10.732464,2.304234,30.226523,0.541271,0.85
0.918,10.740288,2.305502,30.2259,0.54077,0.85
0.919,10.731032,2.307445,30.226234,0.54027,0.85
0.92,10.740654,2.23502,30.228279,0.53977,0.85
0.921,10.748929,2.098393,30.229556,0.53927,0.85
0.922,10.735291,2.19265,30.228861,0.538769,0.85
0.923,10.753341,2.182168,30.230872,0.538269,0.85
0.924,10.728914,2.156812,30.232304,0.537769,0.85
0.925,10.718441,2.158863,30.23141,0.537269,0.85
0.926,10.719194,2.23889,30.231837,0.536768,0.85
0.927,10.731603,2.147662,30.231834,0.536268,0.85
0.928,10.735025,2.144447,30.232825,0.535768,0.85
0.929,10.735696,2.031059,30.234513,0.535268,0.85
0.93,10.731065,2.071579,30.234729,0.534767,0.85
0.931,10.726893,2.097945,30.235332,0.534267,0.85
0.932,10.736162,1.977711,30.234583,0.533767,0.85
0.933,10.720969,2.064201,30.234387,0.533267,0.85
0.934,10.729713,2.00608,30.23533,0.532766,0.85
0.935,10.728196,2.103828,30.235955,0.532266,0.85
0.936,10.715107,2.057028,30.236585,0.531766,0.85
0.937,10.707842,2.113091,30.237933,0.531266,0.85
0.938,10.713479,2.02109,30.23815,0.530765,0.85
0.939,10.732922,2.060041,30.23955,0.530265,0.85
0.94,10.714324,2.020436,30.240259,0.529765,0.85
0.941,10.714623,2.003078,30.238626,0.529265,0.85
0.942,10.713676,1.958338,30.239081,0.528764,0.85
0.943,10.726947,1.968472,30.240457,0.528264,0.85
0.944,10.713473,1.951031,30.240496,0.527764,0.85
0.945,10.716749,2.004613,30.24072,0.527264,0.85
0.946,10.720996,1.981222,30.239927,0.526763,0.85
0.947,10.709488,2.086682,30.240713,0.526263,0.85
0.948,10.723044,1.959537,30.24252,0.525763,0.85
0.949,10.713123,1.968806,30.242511,0.525263,0.85
0.95,10.710378,2.032754,30.243436,0.524762,0.85
0.951,10.707463,2.101962,30.2459,0.524262,0.85
0.952,10.71709,1.986242,30.244811,0.523762,0.85
0.953,10.688766,2.098037,30.24702,0.523262,0.85
0.954,10.692785,2.111454,30.247568,0.522761,0.85
0.955,10.688869,2.118196,30.250123,0.522261,0.85
0.956,10.693676,2.058168,30.251777,0.521761,0.85
0.957,10.695569,2.039992,30.252829,0.521261,0.85
0.958,10.66741,2.118599,30.253819,0.52076,0.85
0.959,10.697725,2.048169,30.25223,0.52026,0.85
0.96,10.667817,2.217665,30.251832,0.51976,0.85
0.961,10.672859,2.123383,30.253176,0.51926,0.85
0.962,10.677455,2.14275,30.253037,0.518759,0.85
0.963,10.682735,2.223441,30.252617,0.518259,0.85
0.964,10.66743,2.194119,30.251605,0.517759,0.85
0.965,10.658381,2.180823,30.252312,0.517259,0.85
0.966,10.647852,2.280505,30.252701,0.516758,0.85
0.967,10.664686,2.266265,30.253668,0.516258,0.85
0.968,10.65746,2.333715,30.253316,0.515758,0.85
0.969,10.660192,2.304638,30.253245,0.515258,0.85
0.97,10.648174,2.360593,30.253902,0.514757,0.85
0.971,10.655297,2.326615,30.254143,0.514257,0.85
0.972,10.641984,2.363536,30.255586,0.513757,0.85
0.973,10.641267,2.440406,30.256566,0.513257,0.85
0.974,10.630333,2.439384,30.256879,0.512756,0.85
0.975,10.628127,2.496174,30.257351,0.512256,0.85
0.976,10.619094,2.514324,30.25914,0.511756,0.85
0.977,10.625348,2.578474,30.259813,0.511256,0.85
0.978,10.634259,2.500498,30.260133,0.510755,0.85
0.979,10.627489,2.559931,30.260069,0.510255,0.85
0.98,10.628185,2.537714,30.26108,0.509755,0.85
0.981,10.605616,2.544466,30.261027,0.509255,0.85
0.982,10.596207,2.758738,30.262194,0.508754,0.85
0.983,10.596903,2.691413,30.260968,0.508254,0.85
0.984,10.608496,2.690702,30.26421,0.507754,0.85
0.985,10.598979,2.882641,30.265538,0.507254,0.85
0.986,10.591392,2.802444,30.265723,0.506753,0.85
0.987,10.591417,2.776585,30.26697,0.506253,0.85
0.988,10.58671,2.828204,30.267559,0.505753,0.85
0.989,10.584711,2.846408,30.267537,0.505253,0.85
0.99,10.606797,2.908057,30.268552,0.504752,0.85
0.991,10.577196,3.021538,30.268129,0.504252,0.85
0.992,10.571795,3.049237,30.268809,0.503752,0.85
0.993,10.574162,3.058573,30.27128,0.503252,0.85
0.994,10.559181,3.084924,30.272353,0.502751,0.85
0.995,10.563378,3.187078,30.27348,0.502251,0.85
0.996,10.573074,3.094315,30.276256,0.501751,0.85
0.997,10.558804,3.22419,30.277839,0.501251,0.85
0.998,10.543322,3.259787,30.278163,0.50075,0.85
0.999,10.536762,3.294536,30.280381,0.50025,0.85
1.0,10.56044,3.267992,30.281972,0.49975,0.85
1.001,10.530757,3.318113,30.284275,0.49925,0.85
1.002,10.529109,3.403627,30.288085,0.498749,0.85
1.003,10.5327,3.485006,30.288483,0.498249,0.85
1.004,10.52698,3.535012,30.289612,0.497749,0.85
1.005,10.517292,3.585253,30.290682,0.497249,0.85
1.006,10.52183,3.630556,30.291697,0.496748,0.85
1.007,10.517085,3.735332,30.292345,0.496248,0.85
1.008,10.510118,3.639965,30.294252,0.495748,0.85
1.009,10.516487,3.764326,30.2941,0.495248,0.85
1.01,10.502835,3.765518,30.296562,0.494747,0.85
1.011,10.505095,3.843178,30.298098,0.494247,0.85
1.012,10.4852,3.921927,30.301476,0.493747,0.85
1.013,10.479904,3.944581,30.301508,0.493247,0.85
1.014,10.47457,3.921287,30.302276,0.492746,0.85
1.015,10.471016,3.958661,30.301897,0.492246,0.85
1.016,10.490891,4.03181,30.304786,0.491746,0.85
1.017,10.478565,3.920192,30.306512,0.491246,0.85
1.018,10.467591,4.172008,30.30857,0.490745,0.85
1.019,10.446577,4.171661,30.309724,0.490245,0.85
1.02,10.462081,4.225367,30.309979,0.489745,0.85
1.021,10.462257,4.224292,30.311497,0.489245,0.85
1.022,10.437931,4.291198,30.314108,0.488744,0.85
1.023,10.442999,4.357619,30.316246,0.488244,0.85
1.024,10.436979,4.340148,30.3186,0.487744,0.85
1.025,10.445109,4.377389,30.323362,0.487244,0.85
1.026,10.438396,4.471122,30.325661,0.486743,0.85
1.027,10.432383,4.419169,30.325441,0.486243,0.85
1.028,10.419039,4.595114,30.327464,0.485743,0.85
1.029,10.423182,4.588288,30.331149,0.485243,0.85
1.03,10.420912,4.573294,30.331544,0.484742,0.85
1.031,10.399972,4.729122,30.334747,0.484242,0.85
1.032,10.404596,4.748991,30.33846,0.483742,0.85
1.033,10.400978,4.838094,30.341056,0.483242,0.85
1.034,10.416987,4.764658,30.343638,0.482741,0.85
1.035,10.405091,4.952836,30.346299,0.482241,0.85
1.036,10.399244,4.834589,30.348207,0.481741,0.85
1.037,10.397087,4.948414,30.352589,0.481241,0.85
1.038,10.408587,4.976621,30.354385,0.48074,0.85
1.039,10.392729,5.015931,30.356319,0.48024,0.85
1.04,10.376002,5.139975,30.358939,0.47974,0.85
1.041,10.363349,5.190639,30.362417,0.47924,0.85
1.042,10.3512,5.249283,30.36553,0.478739,0.85
1.043,10.359441,5.294836,30.367722,0.478239,0.85
1.044,10.362798,5.348915,30.371171,0.477739,0.85
1.045,10.34922,5.296716,30.374813,0.477239,0.85
1.046,10.344028,5.422738,30.378588,0.476738,0.85
1.047,10.346553,5.418327,30.38112,0.476238,0.85
1.048,10.344497,5.381606,30.383826,0.475738,0.85
1.049,10.320152,5.47556,30.387844,0.475238,0.85
1.05,10.333896,5.44586,30.39087,0.474737,0.85
1.051,10.335244,5.429345,30.393886,0.474237,0.85
1.052,10.325933,5.59355,30.396353,0.473737,0.85
1.053,10.328165,5.592465,30.39945,0.473237,0.85
1.054,10.310531,5.687984,30.403205,0.472736,0.85
1.055,10.325001,5.68727,30.405855,0.472236,0.85
1.056,10.316279,5.722685,30.408685,0.471736,0.85
1.057,10.30662,5.771999,30.41222,0.471236,0.85
1.058,10.308979,5.78444,30.415369,0.470735,0.85
1.059,10.310435,5.710511,30.418602,0.470235,0.85
1.06,10.298339,5.830788,30.422651,0.469735,0.85
1.061,10.299915,5.793298,30.426067,0.469235,0.85
1.062,10.291332,5.900033,30.43046,0.468734,0.85
1.063,10.28998,5.803989,30.434812,0.468234,0.85
1.064,10.300464,5.929855,30.439565,0.467734,0.85
1.065,10.268703,5.994682,30.445285,0.467234,0.85
1.066,10.285344,5.978587,30.448142,0.466733,0.85
1.067,10.275387,6.083947,30.45308,0.466233,0.85
1.068,10.276795,6.112177,30.456942,0.465733,0.85
1.069,10.267914,6.076159,30.462073,0.465233,0.85
1.07,10.259082,6.124477,30.468126,0.464732,0.85
1.071,10.27168,6.156329,30.471577,0.464232,0.85
1.072,10.265774,6.207661,30.477415,0.463732,0.85
1.073,10.251736,6.136127,30.482391,0.463232,0.85
1.074,10.265974,6.182466,30.488925,0.462731,0.85
1.075,10.250109,6.215859,30.492637,0.462231,0.85
1.076,10.25545,6.248532,30.49692,0.461731,0.85
1.077,10.250742,6.366933,30.502007,0.461231,0.85
1.078,10.228532,6.291186,30.50807,0.46073,0.85
1.079,10.249836,6.299467,30.512474,0.46023,0.85
1.08,10.241739,6.2313,30.517652,0.45973,0.85
1.081,10.244532,6.274212,30.522448,0.45923,0.85
1.082,10.233608,6.293778,30.525943,0.458729,0.85
1.083,10.219636,6.381053,30.532417,0.458229,0.85
1.084,10.229239,6.385892,30.537977,0.457729,0.85
1.085,10.228766,6.371801,30.542839,0.457229,0.85
1.086,10.220548,6.377495,30.548298,0.456728,0.85
1.087,10.219124,6.413277,30.554755,0.456228,0.85
1.088,10.207909,6.519478,30.559326,0.455728,0.85
1.089,10.225777,6.518133,30.565219,0.455228,0.85
1.09,10.209543,6.498364,30.568976,0.454727,0.85
1.091,10.216024,6.443695,30.573595,0.454227,0.85
1.092,10.216321,6.37135,30.57938,0.453727,0.85
1.093,10.193575,6.60288,30.584767,0.453227,0.85
1.094,10.211183,6.451313,30.588217,0.452726,0.85
1.095,10.205968,6.422169,30.593589,0.452226,0.85
1.096,10.189841,6.435812,30.59967,0.451726,0.85
1.097,10.193492,6.481822,30.604436,0.451226,0.85
1.098,10.189241,6.440581,30.610459,0.450725,0.85
1.099,10.198245,6.488603,30.614707,0.450225,0.85
1.1,10.19028,6.554827,30.620966,0.449725,0.85
1.101,10.188331,6.467621,30.624803,0.449225,0.85
1.102,10.197878,6.525774,30.629206,0.448724,0.85
1.103,10.187303,6.503586,30.635321,0.448224,0.85
1.104,10.19213,6.471597,30.641362,0.447724,0.85
1.105,10.182844,6.48075,30.645977,0.447224,0.85
1.106,10.189373,6.479416,30.650961,0.446723,0.85
1.107,10.179483,6.522329,30.654552,0.446223,0.85
1.108,10.192098,6.448533,30.660652,0.445723,0.85
1.109,10.195156,6.507702,30.664844,0.445223,0.85
1.11,10.184321,6.523381,30.669739,0.444722,0.85
1.111,10.184108,6.327905,30.674338,0.444222,0.85
1.112,10.181392,6.36803,30.678955,0.443722,0.85
1.113,10.168938,6.433671,30.683525,0.443222,0.85
1.114,10.179053,6.359629,30.68691,0.442721,0.85
1.115,10.179006,6.374252,30.691074,0.442221,0.85
1.116,10.175418,6.371773,30.696637,0.441721,0.85
1.117,10.171513,6.365922,30.701638,0.441221,0.85
1.118,10.164739,6.373981,30.705531,0.44072,0.85
1.119,10.180473,6.336736,30.709934,0.44022,0.85
1.12,10.177286,6.353447,30.715677,0.43972,0.85
1.121,10.1833,6.2384,30.721211,0.43922,0.85
1.122,10.167139,6.301306,30.725721,0.438719,0.85
1.123,10.173225,6.266628,30.729427,0.438219,0.85
1.124,10.18163,6.190585,30.734354,0.437719,0.85
1.125,10.169186,6.212819,30.739568,0.437219,0.85
1.126,10.157952,6.194379,30.744944,0.436718,0.85
1.127,10.16481,6.263858,30.750698,0.436218,0.85
1.128,10.176821,6.062842,30.753332,0.435718,0.85
1.129,10.171876,6.107968,30.756591,0.435218,0.85
1.13,10.163479,6.069252,30.761646,0.434717,0.85
1.131,10.16561,6.05398,30.766462,0.434217,0.85
1.132,10.156757,6.082163,30.772765,0.433717,0.85
1.133,10.176851,6.0791,30.776805,0.433217,0.85
1.134,10.166069,6.020131,30.782511,0.432716,0.85
1.135,10.185647,5.898024,30.787042,0.432216,0.85
1.136,10.161729,5.931665,30.791945,0.431716,0.85
1.137,10.170224,5.912973,30.797109,0.431216,0.85
1.138,10.176348,5.88606,30.799497,0.430715,0.85
1.139,10.155036,5.889927,30.803548,0.430215,0.85
1.14,10.173732,5.690563,30.808157,0.429715,0.85
1.141,10.181937,5.731305,30.810332,0.429215,0.85
1.142,10.155453,5.702217,30.813904,0.428714,0.85
1.143,10.164322,5.627689,30.819315,0.428214,0.85
1.144,10.165404,5.55357,30.820901,0.427714,0.85
1.145,10.171625,5.674684,30.823175,0.427214,0.85
1.146,10.173718,5.620772,30.827108,0.426713,0.85
1.147,10.166009,5.461298,30.830432,0.426213,0.85
1.148,10.159321,5.47588,30.83485,0.425713,0.85
1.149,10.17886,5.48866,30.839852,0.425213,0.85
1.15,10.154893,5.410028,30.84364,0.424712,0.85
1.151,10.17503,5.347293,30.847445,0.424212,0.85
1.152,10.178798,5.359556,30.851316,0.423712,0.85
1.153,10.164512,5.295175,30.854284,0.423212,0.85
1.154,10.17131,5.308501,30.857471,0.422711,0.85
1.155,10.162187,5.305585,30.86101,0.422211,0.85
1.156,10.179653,5.19251,30.864976,0.421711,0.85
1.157,10.196156,5.167327,30.867907,0.421211,0.85
1.158,10.193933,5.092161,30.870864,0.42071,0.85
1.159,10.17783,5.035954,30.872737,0.42021,0.85
1.16,10.175436,5.076341,30.876455,0.41971,0.85
1.161,10.175898,4.997193,30.879373,0.41921,0.85
1.162,10.191997,4.857686,30.881,0.418709,0.85
1.163,10.174751,5.006975,30.883199,0.418209,0.85
1.164,10.177243,4.922271,30.885428,0.417709,0.85
1.165,10.192149,4.845493,30.887694,0.417209,0.85
1.166,10.18656,4.802367,30.89028,0.416708,0.85
1.167,10.172468,4.734847,30.89377,0.416208,0.85
1.168,10.190214,4.65622,30.896787,0.415708,0.85
1.169,10.189102,4.643472,30.90038,0.415208,0.85
1.17,10.17371,4.721399,30.901679,0.414707,0.85
1.171,10.183388,4.585034,30.903721,0.414207,0.85
1.172,10.189121,4.485992,30.904437,0.413707,0.85
1.173,10.184719,4.512763,30.905966,0.413207,0.85
1.174,10.19534,4.493808,30.907353,0.412706,0.85
1.175,10.191446,4.325126,30.909662,0.412206,0.85
1.176,10.191431,4.335392,30.911101,0.411706,0.85
1.177,10.201199,4.255345,30.914619,0.411206,0.85
1.178,10.184982,4.20225,30.916792,0.410705,0.85
1.179,10.207036,4.167922,30.917733,0.410205,0.85
1.18,10.182628,4.161359,30.919157,0.409705,0.85
1.181,10.177276,4.111645,30.920406,0.409205,0.85
1.182,10.190148,4.065412,30.922376,0.408704,0.85
1.183,10.216097,4.021348,30.924612,0.408204,0.85
1.184,10.190706,3.945037,30.927385,0.407704,0.85
1.185,10.206494,3.883297,30.93065,0.407204,0.85
1.186,10.203855,3.932548,30.932865,0.406703,0.85
1.187,10.187845,3.876689,30.936424,0.406203,0.85
1.188,10.186255,3.903808,30.938386,0.405703,0.85
1.189,10.203812,3.80793,30.941759,0.405203,0.85
1.19,10.202909,3.759191,30.943442,0.404702,0.85
1.191,10.209732,3.684829,30.945764,0.404202,0.85
1.192,10.204898,3.62215,30.947231,0.403702,0.85
1.193,10.191766,3.571114,30.948225,0.403202,0.85
1.194,10.205066,3.575891,30.950662,0.402701,0.85
1.195,10.21877,3.534337,30.951547,0.402201,0.85
1.196,10.188405,3.453518,30.952338,0.401701,0.85
1.197,10.211192,3.433765,30.953535,0.401201,0.85
1.198,10.225392,3.337016,30.954168,0.4007,0.85
1.199,10.199719,3.238896,30.956736,0.4002,0.85
1.2,10.211106,3.329913,30.95744,0.3997,0.85
1.201,10.204612,3.149538,30.956504,0.3992,0.85
1.202,10.220062,3.212508,30.956651,0.398699,0.85
1.203,10.216999,3.179875,30.956315,0.398199,0.85
1.204,10.211206,3.164374,30.956981,0.397699,0.85
1.205,10.21292,3.171539,30.95891,0.397199,0.85
1.206,10.221783,3.049726,30.95807,0.396698,0.85
1.207,10.210217,3.004485,30.958583,0.396198,0.85
1.208,10.22159,2.947953,30.959027,0.395698,0.85
1.209,10.234571,2.942859,30.960069,0.395198,0.85
1.21,10.209429,2.887611,30.960835,0.394697,0.85
1.211,10.229874,2.862586,30.961939,0.394197,0.85
1.212,10.233701,2.81715,30.962241,0.393697,0.85
1.213,10.214833,2.729045,30.961365,0.393197,0.85
1.214,10.21323,2.787211,30.962635,0.392696,0.85
1.215,10.217826,2.711104,30.965071,0.392196,0.85
1.216,10.220492,2.741927,30.966573,0.391696,0.85
1.217,10.212055,2.747757,30.967506,0.391196,0.85
1.218,10.209344,2.638789,30.968135,0.390695,0.85
1.219,10.205842,2.678235,30.968923,0.390195,0.85
1.22,10.211927,2.624826,30.969587,0.389695,0.85
1.221,10.220412,2.569639,30.968904,0.389195,0.85
1.222,10.213825,2.56644,30.968165,0.388694,0.85
1.223,10.221854,2.516665,30.968851,0.388194,0.85
1.224,10.216289,2.485046,30.970787,0.387694,0.85
1.225,10.210199,2.472404,30.970093,0.387194,0.85
1.226,10.223196,2.365736,30.971511,0.386693,0.85
1.227,10.211215,2.32751,30.97179,0.386193,0.85
1.228,10.205237,2.429372,30.971318,0.385693,0.85
1.229,10.208319,2.408778,30.971796,0.385193,0.85
1.23,10.208539,2.286481,30.97277,0.384692,0.85
1.231,10.205759,2.277913,30.97255,0.384192,0.85
1.232,10.217348,2.312468,30.972818,0.383692,0.85
1.233,10.214867,2.248502,30.973364,0.383192,0.85
1.234,10.211765,2.21176,30.974923,0.382691,0.85
1.235,10.209569,2.182473,30.976879,0.382191,0.85
1.236,10.217029,2.215032,30.977598,0.381691,0.85
1.237,10.225726,2.218533,30.978649,0.381191,0.85
1.238,10.204593,2.096033,30.979298,0.38069,0.85
1.239,10.213368,2.135666,30.978254,0.38019,0.85
1.24,10.209044,2.069783,30.978688,0.37969,0.85
1.241,10.223565,2.05188,30.979654,0.37919,0.85
1.242,10.211826,2.081421,30.979492,0.378689,0.85
1.243,10.191136,2.193896,30.97973,0.378189,0.85
1.244,10.191302,2.161489,30.980145,0.377689,0.85
1.245,10.189835,2.051004,30.981042,0.377189,0.85
1.246,10.20221,2.09376,30.981597,0.376688,0.85
1.247,10.208653,1.931596,30.981327,0.376188,0.85
1.248,10.201685,1.981841,30.981306,0.375688,0.85
1.249,10.207868,1.989186,30.981581,0.375188,0.85
1.25,10.201536,1.999053,30.981926,0.374687,0.85
1.251,10.175242,2.042269,30.980328,0.374187,0.85
1.252,10.192511,1.961369,30.981927,0.373687,0.85
1.253,10.183322,1.930252,30.983405,0.373187,0.85
1.254,10.182225,1.955459,30.9848,0.372686,0.85
1.255,10.197948,1.856667,30.986302,0.372186,0.85
1.256,10.182902,1.996289,30.987561,0.371686,0.85
1.257,10.164261,2.014452,30.986029,0.371186,0.85
1.258,10.170797,2.025498,30.986745,0.370685,0.85
1.259,10.179297,2.027025,30.986174,0.370185,0.85
1.26,10.169473,2.001044,30.986484,0.369685,0.85
1.261,10.170721,1.994569,30.987597,0.369185,0.85
1.262,10.170063,2.095836,30.987169,0.368684,0.85
1.263,10.16658,1.975386,30.987716,0.368184,0.85
1.264,10.174858,1.982272,30.988051,0.367684,0.85
1.265,10.176824,2.00431,30.987911,0.367184,0.85
1.266,10.156237,1.99764,30.99126,0.366683,0.85
1.267,10.170499,2.07523,30.991602,0.366183,0.85
1.268,10.158304,2.037548,30.991567,0.365683,0.85
1.269,10.157139,2.060426,30.993492,0.365183,0.85
1.27,10.159045,2.10309,30.995446,0.364682,0.85
1.271,10.153684,2.01326,30.996986,0.364182,0.85
1.272,10.140259,2.063724,30.996269,0.363682,0.85
1.273,10.155201,2.166433,30.996658,0.363182,0.85
1.274,10.143016,2.153115,30.997396,0.362681,0.85
1.275,10.126321,2.10696,30.997362,0.362181,0.85
1.276,10.146435,2.217009,30.997191,0.361681,0.85
1.277,10.141475,2.156676,30.999719,0.361181,0.85
1.278,10.139909,2.255878,30.998983,0.36068,0.85
1.279,10.121141,2.303015,30.999006,0.36018,0.85
1.28,10.130816,2.286678,31.000235,0.35968,0.85
1.281,10.121064,2.303339,31.001965,0.35918,0.85
1.282,10.130126,2.341197,31.003612,0.358679,0.85
1.283,10.120223,2.229143,31.003979,0.358179,0.85
1.284,10.118697,2.338418,31.004494,0.357679,0.85
1.285,10.111646,2.381331,31.004027,0.357179,0.85
1.286,10.104826,2.294997,31.003278,0.356678,0.85
1.287,10.117575,2.306777,31.005444,0.356178,0.85
1.288,10.10778,2.401219,31.007768,0.355678,0.85
1.289,10.089567,2.484774,31.008392,0.355178,0.85
1.29,10.091831,2.419649,31.008334,0.354677,0.85
1.291,10.098754,2.394911,31.007237,0.354177,0.85
1.292,10.091597,2.534922,31.008474,0.353677,0.85
1.293,10.087979,2.579206,31.010685,0.353177,0.85
1.294,10.075272,2.663865,31.010749,0.352676,0.85
1.295,10.070773,2.728233,31.011176,0.352176,0.85
1.296,10.075498,2.717197,31.013224,0.351676,0.85
1.297,10.080109,2.707686,31.013589,0.351176,0.85
1.298,10.059771,2.691863,31.016463,0.350675,0.85
1.299,10.061677,2.710279,31.017683,0.350175,0.85
1.3,10.0688,2.824181,31.017806,0.349675,0.85
1.301,10.065843,2.717794,31.020993,0.349175,0.85
1.302,10.049068,2.873175,31.023652,0.348674,0.85
1.303,10.039175,2.917559,31.023028,0.348174,0.85
1.304,10.04274,2.819881,31.024346,0.347674,0.85
1.305,10.025289,2.984843,31.025658,0.347174,0.85
1.306,10.056722,2.994081,31.026143,0.346673,0.85
1.307,10.04924,2.943195,31.02779,0.346173,0.85
1.308,10.020299,3.157893,31.031122,0.345673,0.85
1.309,10.016932,3.143533,31.032752,0.345173,0.85
1.31,10.017132,3.115239,31.032477,0.344672,0.85
1.311,10.023321,3.181518,31.033287,0.344172,0.85
1.312,10.0143,3.271965,31.034908,0.343672,0.85
1.313,10.001671,3.25424,31.035901,0.343172,0.85
1.314,10.008307,3.400904,31.037963,0.342671,0.85
1.315,10.000661,3.319249,31.040564,0.342171,0.85
1.316,10.001961,3.409229,31.040974,0.341671,0.85
1.317,9.98537,3.397556,31.040657,0.341171,0.85
1.318,9.987224,3.449477,31.04203,0.34067,0.85
1.319,9.980622,3.493918,31.041804,0.34017,0.85
1.32,9.971137,3.631419,31.043246,0.33967,0.85
1.321,9.983471,3.534018,31.044949,0.33917,0.85
1.322,9.962249,3.650604,31.046943,0.338669,0.85
1.323,9.975991,3.65671,31.049883,0.338169,0.85
1.324,9.965679,3.702753,31.050541,0.337669,0.85
1.325,9.955362,3.706647,31.051846,0.337169,0.85
1.326,9.956309,3.780565,31.053827,0.336668,0.85
1.327,9.946753,3.961785,31.056881,0.336168,0.85
1.328,9.946564,3.916829,31.059052,0.335668,0.85
1.329,9.941422,3.930187,31.061506,0.335168,0.85
1.33,9.933608,4.024084,31.062531,0.334667,0.85
1.331,9.917499,4.161194,31.06417,0.334167,0.85
1.332,9.93218,4.1771,31.065954,0.333667,0.85
1.333,9.928334,4.148726,31.069018,0.333167,0.85
1.334,9.919504,4.215355,31.07133,0.332666,0.85
1.335,9.9244,4.126892,31.07199,0.332166,0.85
1.336,9.907432,4.234486,31.073507,0.331666,0.85
1.337,9.920165,4.301134,31.076772,0.331166,0.85
1.338,9.904468,4.396191,31.08073,0.330665,0.85
1.339,9.892238,4.375394,31.083372,0.330165,0.85
1.34,9.885217,4.469034,31.086713,0.329665,0.85
1.341,9.87435,4.499659,31.090462,0.329165,0.85
1.342,9.891092,4.633547,31.09492,0.328664,0.85
1.343,9.873007,4.587397,31.095491,0.328164,0.85
1.344,9.876392,4.597438,31.096395,0.327664,0.85
1.345,9.868139,4.718475,31.098216,0.327164,0.85
1.346,9.865437,4.762272,31.099762,0.326663,0.85
1.347,9.860893,4.753401,31.101423,0.326163,0.85
1.348,9.86321,4.675787,31.103097,0.325663,0.85
1.349,9.845008,4.782775,31.104233,0.325163,0.85
1.35,9.85843,4.889076,31.108018,0.324662,0.85
1.351,9.835316,4.965371,31.111122,0.324162,0.85
1.352,9.842734,5.030464,31.113294,0.323662,0.85
1.353,9.852356,4.935332,31.117405,0.323162,0.85
1.354,9.822741,5.077325,31.119804,0.322661,0.85
1.355,9.811569,5.086194,31.122493,0.322161,0.85
1.356,9.809845,5.15117,31.125594,0.321661,0.85
1.357,9.806705,5.252335,31.129924,0.321161,0.85
1.358,9.811266,5.258683,31.132165,0.32066,0.85
1.359,9.804371,5.353915,31.135965,0.32016,0.85
1.36,9.791303,5.370285,31.140142,0.31966,0.85
1.361,9.795039,5.339149,31.143518,0.31916,0.85
1.362,9.7898,5.375238,31.146197,0.318659,0.85
1.363,9.779059,5.429639,31.148872,0.318159,0.85
1.364,9.775901,5.497789,31.152776,0.317659,0.85
1.365,9.789554,5.597276,31.154708,0.317159,0.85
1.366,9.768181,5.562261,31.157133,0.316658,0.85
1.367,9.781411,5.589204,31.161711,0.316158,0.85
1.368,9.776071,5.542967,31.16497,0.315658,0.85
1.369,9.775234,5.578317,31.167088,0.315158,0.85
1.37,9.768085,5.691784,31.170952,0.314657,0.85
1.371,9.761831,5.719353,31.175138,0.314157,0.85
1.372,9.752626,5.806383,31.179938,0.313657,0.85
1.373,9.75488,5.835919,31.181898,0.313157,0.85
1.374,9.755016,5.797462,31.186345,0.312656,0.85
1.375,9.746415,5.867284,31.191176,0.312156,0.85
1.376,9.726689,5.88487,31.197287,0.311656,0.85
1.377,9.737111,5.907743,31.199273,0.311156,0.85
1.378,9.722543,5.983943,31.203052,0.310655,0.85
1.379,9.738937,5.971629,31.209026,0.310155,0.85
1.38,9.72811,6.024581,31.213547,0.309655,0.85
1.381,9.708792,6.011908,31.219136,0.309155,0.85
1.382,9.718456,6.081193,31.224636,0.308654,0.85
1.383,9.710225,6.035302,31.228976,0.308154,0.85
1.384,9.712732,6.146701,31.234251,0.307654,0.85
1.385,9.698665,6.200577,31.24141,0.307154,0.85
1.386,9.708747,6.130396,31.245752,0.306653,0.85
1.387,9.717237,6.178013,31.251627,0.306153,0.85
1.388,9.698131,6.220965,31.253951,0.305653,0.85
1.389,9.694332,6.198718,31.257965,0.305153,0.85
1.39,9.688286,6.2647,31.262809,0.304652,0.85
1.391,9.693117,6.276276,31.267684,0.304152,0.85
1.392,9.67939,6.379993,31.273615,0.303652,0.85
1.393,9.68004,6.249,31.276841,0.303152,0.85
1.394,9.674115,6.421757,31.279963,0.302651,0.85
1.395,9.682299,6.293821,31.284078,0.302151,0.85
1.396,9.66497,6.326612,31.289946,0.301651,0.85
1.397,9.675333,6.447487,31.296218,0.301151,0.85
1.398,9.664501,6.405069,31.298959,0.30065,0.85
1.399,9.667038,6.361912,31.304181,0.30015,0.85
1.4,9.662803,6.401549,31.307778,0.29965,0.85
1.401,9.655569,6.502577,31.312283,0.29915,0.85
1.402,9.673583,6.370519,31.314986,0.298649,0.85
1.403,9.649189,6.462141,31.319787,0.298149,0.85
1.404,9.656651,6.453441,31.324642,0.297649,0.85
1.405,9.646143,6.483482,31.329243,0.297149,0.85
1.406,9.647424,6.51678,31.335096,0.296648,0.85
1.407,9.646775,6.440659,31.339213,0.296148,0.85
1.408,9.635989,6.479913,31.343369,0.295648,0.85
1.409,9.630943,6.528891,31.348524,0.295148,0.85
1.41,9.627964,6.556146,31.354383,0.294647,0.85
1.411,9.637024,6.457264,31.360224,0.294147,0.85
1.412,9.658799,6.44457,31.364952,0.293647,0.85
1.413,9.639855,6.610101,31.370356,0.293147,0.85
1.414,9.640357,6.431756,31.374109,0.292646,0.85
1.415,9.628698,6.499962,31.378913,0.292146,0.85
1.416,9.622872,6.490825,31.383064,0.291646,0.85
1.417,9.63538,6.468346,31.386571,0.291146,0.85
1.418,9.641453,6.458312,31.391206,0.290645,0.85
1.419,9.613587,6.521687,31.39487,0.290145,0.85
1.42,9.616066,6.503172,31.400857,0.289645,0.85
1.421,9.620334,6.447017,31.407153,0.289145,0.85
1.422,9.614525,6.507842,31.412369,0.288644,0.85
1.423,9.611832,6.503861,31.41562,0.288144,0.85
1.424,9.619244,6.369217,31.42009,0.287644,0.85
1.425,9.620733,6.492774,31.425589,0.287144,0.85
1.426,9.6222,6.465885,31.428539,0.286643,0.85
1.427,9.605728,6.347121,31.431917,0.286143,0.85
1.428,9.61144,6.401813,31.436931,0.285643,0.85
1.429,9.60875,6.420778,31.441587,0.285143,0.85
1.43,9.596925,6.355102,31.446185,0.284642,0.85
1.431,9.612981,6.394724,31.450111,0.284142,0.85
1.432,9.605019,6.465732,31.455645,0.283642,0.85
1.433,9.58126,6.345733,31.460701,0.283142,0.85
1.434,9.613557,6.305037,31.465272,0.282641,0.85
1.435,9.59286,6.359077,31.46962,0.282141,0.85
1.436,9.605945,6.262247,31.475108,0.281641,0.85
1.437,9.607458,6.254151,31.479914,0.281141,0.85
1.438,9.610823,6.166613,31.482983,0.28064,0.85
1.439,9.599772,6.119901,31.486193,0.28014,0.85
1.44,9.601313,6.215798,31.491375,0.27964,0.85
1.441,9.592827,6.165373,31.495174,0.27914,0.85
1.442,9.599109,6.145052,31.500594,0.278639,0.85
1.443,9.607153,6.046638,31.505097,0.278139,0.85
1.444,9.591563,6.203699,31.511103,0.277639,0.85
1.445,9.59786,6.076337,31.515606,0.277139,0.85
1.446,9.596627,6.049161,31.520869,0.276638,0.85
1.447,9.594237,6.081377,31.526019,0.276138,0.85
1.448,9.604508,5.967711,31.530206,0.275638,0.85
1.449,9.597938,6.017139,31.53352,0.275138,0.85
1.45,9.596096,5.923971,31.536065,0.274637,0.85
1.451,9.600573,5.828748,31.539315,0.274137,0.85
1.452,9.604263,5.832146,31.54525,0.273637,0.85
1.453,9.601009,5.849272,31.55054,0.273137,0.85
1.454,9.60082,5.727287,31.555697,0.272636,0.85
1.455,9.593132,5.829784,31.559162,0.272136,0.85
1.456,9.590627,5.797475,31.56321,0.271636,0.85
1.457,9.604719,5.619377,31.566145,0.271136,0.85
1.458,9.592264,5.673914,31.570704,0.270635,0.85
1.459,9.593196,5.582748,31.574053,0.270135,0.85
1.46,9.607821,5.541596,31.577665,0.269635,0.85
1.461,9.579955,5.489519,31.581579,0.269135,0.85
1.462,9.598415,5.519571,31.585503,0.268634,0.85
1.463,9.584501,5.458601,31.590075,0.268134,0.85
1.464,9.580799,5.456402,31.595357,0.267634,0.85
1.465,9.582313,5.421945,31.597835,0.267134,0.85
1.466,9.582004,5.403771,31.600307,0.266633,0.85
1.467,9.596324,5.309819,31.604046,0.266133,0.85
1.468,9.581249,5.299131,31.608358,0.265633,0.85
1.469,9.583682,5.266623,31.612615,0.265133,0.85
1.47,9.601737,5.225444,31.615542,0.264632,0.85
1.471,9.593109,5.119674,31.61875,0.264132,0.85
1.472,9.592881,5.112979,31.619467,0.263632,0.85
1.473,9.594791,5.03227,31.622951,0.263132,0.85
1.474,9.599129,5.074934,31.626726,0.262631,0.85
1.475,9.586765,5.037352,31.629428,0.262131,0.85
1.476,9.604642,4.969685,31.63123,0.261631,0.85
1.477,9.603908,4.898771,31.633853,0.261131,0.85
1.478,9.586586,4.966155,31.637649,0.26063,0.85
1.479,9.596644,4.834006,31.641149,0.26013,0.85
1.48,9.572637,4.910113,31.643335,0.25963,0.85
1.481,9.606379,4.678239,31.645412,0.25913,0.85
1.482,9.586588,4.740403,31.646844,0.258629,0.85
1.483,9.59497,4.638505,31.647137,0.258129,0.85
1.484,9.606803,4.608954,31.649392,0.257629,0.85
1.485,9.597986,4.654631,31.652424,0.257129,0.85
1.486,9.606263,4.534385,31.655193,0.256628,0.85
1.487,9.59775,4.533693,31.65742,0.256128,0.85
1.488,9.604082,4.437084,31.65888,0.255628,0.85
1.489,9.6046,4.23094,31.661639,0.255128,0.85
1.49,9.606285,4.37103,31.66426,0.254627,0.85
1.491,9.621714,4.32078,31.666441,0.254127,0.85
1.492,9.610197,4.320262,31.668159,0.253627,0.85
1.493,9.608084,4.170396,31.670071,0.253127,0.85
1.494,9.608978,4.150005,31.67123,0.252626,0.85
1.495,9.610578,4.108854,31.673054,0.252126,0.85
1.496,9.605352,4.093565,31.67445,0.251626,0.85
1.497,9.616439,4.042745,31.676292,0.251126,0.85
1.498,9.612234,4.003645,31.678065,0.250625,0.85
1.499,9.609992,3.980407,31.681211,0.250125,0.85
1.5,9.615153,3.872084,31.682715,0.249625,0.85
1.501,9.608468,3.839771,31.685113,0.249125,0.85
1.502,9.625005,3.829687,31.686803,0.248624,0.85
1.503,9.606928,3.809045,31.688365,0.248124,0.85
1.504,9.619487,3.671404,31.69076,0.247624,0.85
1.505,9.609434,3.75596,31.692518,0.247124,0.85
1.506,9.624031,3.689445,31.693677,0.246623,0.85
1.507,9.616028,3.64866,31.695535,0.246123,0.85
1.508,9.597126,3.633873,31.696365,0.245623,0.85
1.509,9.622334,3.489488,31.696809,0.245123,0.85
1.51,9.610192,3.498398,31.698824,0.244622,0.85
1.511,9.632333,3.421812,31.69911,0.244122,0.85
1.512,9.618472,3.418461,31.700195,0.243622,0.85
1.513,9.612405,3.364534,31.701634,0.243122,0.85
1.514,9.621714,3.273312,31.703229,0.242621,0.85
1.515,9.624131,3.255004,31.704153,0.242121,0.85
1.516,9.609062,3.234648,31.70493,0.241621,0.85
1.517,9.631569,3.175164,31.706317,0.241121,0.85
1.518,9.626747,3.146345,31.706605,0.24062,0.85
1.519,9.622102,3.127523,31.707165,0.24012,0.85
1.52,9.60758,3.091904,31.708762,0.23962,0.85
1.521,9.621471,3.113735,31.709943,0.23912,0.85
1.522,9.635957,2.960833,31.708673,0.238619,0.85
1.523,9.620689,2.925527,31.709071,0.238119,0.85
1.524,9.631013,2.895328,31.709631,0.237619,0.85
1.525,9.61852,2.902497,31.710048,0.237119,0.85
1.526,9.613349,2.912974,31.712242,0.236618,0.85
1.527,9.610269,2.857977,31.713122,0.236118,0.85
1.528,9.609981,2.885456,31.714738,0.235618,0.85
1.529,9.614364,2.7771,31.716331,0.235118,0.85
1.53,9.631414,2.638092,31.717263,0.234617,0.85
1.531,9.623298,2.57555,31.716564,0.234117,0.85
1.532,9.619343,2.599684,31.718015,0.233617,0.85
1.533,9.619496,2.556507,31.717569,0.233117,0.85
1.534,9.633446,2.540013,31.718585,0.232616,0.85
1.535,9.632264,2.48331,31.720392,0.232116,0.85
1.536,9.626077,2.508926,31.722775,0.231616,0.85
1.537,9.610845,2.498525,31.724302,0.231116,0.85
1.538,9.614271,2.434026,31.724114,0.230615,0.85
1.539,9.623595,2.472351,31.724509,0.230115,0.85
1.54,9.609967,2.474537,31.725101,0.229615,0.85
1.541,9.614742,2.340943,31.726772,0.229115,0.85
1.542,9.610486,2.336328,31.726457,0.228614,0.85
1.543,9.612347,2.247086,31.725592,0.228114,0.85
1.544,9.614172,2.281069,31.725908,0.227614,0.85
1.545,9.616101,2.302944,31.725483,0.227114,0.85
1.546,9.614233,2.335826,31.726931,0.226613,0.85
1.547,9.618036,2.248704,31.729401,0.226113,0.85
1.548,9.613269,2.279236,31.727801,0.225613,0.85
1.549,9.610377,2.242442,31.727855,0.225113,0.85
1.55,9.616761,2.160229,31.729924,0.224612,0.85
1.551,9.604306,2.16743,31.729552,0.224112,0.85
1.552,9.610312,2.079736,31.730767,0.223612,0.85
1.553,9.596235,2.166418,31.731828,0.223112,0.85
1.554,9.593617,2.11538,31.730441,0.222611,0.85
1.555,9.615578,2.120989,31.7291,0.222111,0.85
1.556,9.599916,2.115692,31.729437,0.221611,0.85
1.557,9.592635,2.112721,31.73071,0.221111,0.85
1.558,9.604117,2.116608,31.731932,0.22061,0.85
1.559,9.597558,2.022574,31.731454,0.22011,0.85
1.56,9.593923,2.031308,31.732652,0.21961,0.85
1.561,9.580954,2.040519,31.733457,0.21911,0.85
1.562,9.600637,2.020165,31.734435,0.218609,0.85
1.563,9.594788,1.996789,31.736446,0.218109,0.85
1.564,9.599579,1.931225,31.736039,0.217609,0.85
1.565,9.590482,1.952465,31.736315,0.217109,0.85
1.566,9.585415,2.010913,31.735811,0.216608,0.85
1.567,9.578085,2.046009,31.738205,0.216108,0.85
1.568,9.587798,2.032552,31.738872,0.215608,0.85
1.569,9.580714,2.095792,31.740696,0.215108,0.85
1.57,9.577531,2.034591,31.741077,0.214607,0.85
1.571,9.57408,2.014354,31.742499,0.214107,0.85
1.572,9.57929,2.014706,31.743528,0.213607,0.85
1.573,9.567031,1.986284,31.744932,0.213107,0.85
1.574,9.563607,2.03973,31.743393,0.212606,0.85
1.575,9.575043,2.040772,31.742973,0.212106,0.85
1.576,9.573092,2.033829,31.742774,0.211606,0.85
1.577,9.578177,1.92181,31.74164,0.211106,0.85
1.578,9.563641,2.031759,31.741858,0.210605,0.85
1.579,9.551856,2.138032,31.742912,0.210105,0.85
1.58,9.558603,2.019351,31.743817,0.209605,0.85
1.581,9.545364,2.035004,31.74294,0.209105,0.85
1.582,9.564809,2.020381,31.741703,0.208604,0.85
1.583,9.556628,2.147894,31.742206,0.208104,0.85
1.584,9.5391,2.154381,31.74236,0.207604,0.85
1.585,9.540021,2.056186,31.743389,0.207104,0.85
1.586,9.534495,2.100924,31.742732,0.206603,0.85
1.587,9.529101,2.043919,31.742486,0.206103,0.85
1.588,9.531096,2.305112,31.744475,0.205603,0.85
1.589,9.520415,2.150975,31.743363,0.205103,0.85
1.59,9.523582,2.187377,31.743763,0.204602,0.85
1.591,9.522796,2.142315,31.742567,0.204102,0.85
1.592,9.519315,2.159807,31.744192,0.203602,0.85
1.593,9.528039,2.19408,31.744665,0.203102,0.85
1.594,9.513817,2.180547,31.745935,0.202601,0.85
1.595,9.501307,2.288575,31.748194,0.202101,0.85
1.596,9.516144,2.312065,31.749118,0.201601,0.85
1.597,9.496285,2.369133,31.75056,0.201101,0.85
1.598,9.513474,2.289584,31.748923,0.2006,0.85
1.599,9.477363,2.431378,31.747513,0.2001,0.85
1.6,9.496942,2.313984,31.748476,0.1996,0.85
1.601,9.481592,2.426915,31.749063,0.1991,0.85
1.602,9.485539,2.405536,31.750091,0.198599,0.85
1.603,9.483293,2.444251,31.749433,0.198099,0.85
1.604,9.479716,2.528975,31.750416,0.197599,0.85
1.605,9.470261,2.465608,31.75091,0.197099,0.85
1.606,9.458828,2.591267,31.75038,0.196598,0.85
1.607,9.47459,2.521966,31.751421,0.196098,0.85
1.608,9.454219,2.628922,31.752221,0.195598,0.85
1.609,9.449984,2.667086,31.754705,0.195098,0.85
1.61,9.449482,2.696325,31.757063,0.194597,0.85
1.611,9.441171,2.666505,31.757903,0.194097,0.85
1.612,9.448466,2.697376,31.759883,0.193597,0.85
1.613,9.437798,2.751313,31.76079,0.193097,0.85
1.614,9.427476,2.834617,31.759938,0.192596,0.85
1.615,9.431548,2.79234,31.760739,0.192096,0.85
1.616,9.426294,2.83575,31.760641,0.191596,0.85
1.617,9.437352,2.84854,31.761097,0.191096,0.85
1.618,9.420411,2.846748,31.763052,0.190595,0.85
1.619,9.417416,2.941968,31.76428,0.190095,0.85
1.62,9.405465,2.99544,31.764959,0.189595,0.85
1.621,9.408913,3.019934,31.768228,0.189095,0.85
1.622,9.418406,3.047915,31.768239,0.188594,0.85
1.623,9.392655,3.085393,31.768547,0.188094,0.85
1.624,9.390789,3.220354,31.768047,0.187594,0.85
1.625,9.373812,3.154588,31.769031,0.187094,0.85
1.626,9.38309,3.231475,31.771459,0.186593,0.85
1.627,9.385763,3.227629,31.771854,0.186093,0.85
1.628,9.360173,3.372502,31.772561,0.185593,0.85
1.629,9.361634,3.457723,31.772505,0.185093,0.85
1.63,9.377828,3.413508,31.774261,0.184592,0.85
1.631,9.353293,3.456322,31.776163,0.184092,0.85
1.632,9.353361,3.453945,31.775893,0.183592,0.85
1.633,9.343348,3.503805,31.776575,0.183092,0.85
1.634,9.358634,3.557598,31.776308,0.182591,0.85
1.635,9.347216,3.613171,31.777038,0.182091,0.85
1.636,9.352521,3.621207,31.777458,0.181591,0.85
1.637,9.333241,3.784551,31.780842,0.181091,0.85
1.638,9.311488,3.777905,31.783096,0.18059,0.85
1.639,9.328437,3.734785,31.785602,0.18009,0.85
1.64,9.319031,3.840645,31.787647,0.17959,0.85
1.641,9.317752,3.988562,31.787269,0.17909,0.85
1.642,9.306348,3.988867,31.789289,0.178589,0.85
1.643,9.313005,3.977788,31.789532,0.178089,0.85
1.644,9.306211,3.996819,31.792135,0.177589,0.85
1.645,9.292051,4.155741,31.794124,0.177089,0.85
1.646,9.289138,4.039928,31.795187,0.176588,0.85
1.647,9.279834,4.150832,31.796348,0.176088,0.85
1.648,9.278313,4.17668,31.795681,0.175588,0.85
1.649,9.2758,4.214961,31.797183,0.175088,0.85
1.65,9.288074,4.244374,31.798549,0.174587,0.85
1.651,9.278184,4.30431,31.800105,0.174087,0.85
1.652,9.241999,4.35474,31.801685,0.173587,0.85
1.653,9.268809,4.436034,31.803296,0.173087,0.85
1.654,9.254672,4.416265,31.805444,0.172586,0.85
1.655,9.252733,4.498633,31.80925,0.172086,0.85
1.656,9.246565,4.570141,31.812626,0.171586,0.85
1.657,9.237303,4.666252,31.81441,0.171086,0.85
1.658,9.246149,4.687475,31.816412,0.170585,0.85
1.659,9.231572,4.70022,31.819342,0.170085,0.85
1.66,9.214374,4.754544,31.822879,0.169585,0.85
1.661,9.208902,4.835807,31.824619,0.169085,0.85
1.662,9.216405,4.809786,31.827282,0.168584,0.85
1.663,9.206384,4.859865,31.830401,0.168084,0.85
1.664,9.203043,4.80809,31.832806,0.167584,0.85
1.665,9.206355,4.969914,31.836967,0.167084,0.85
1.666,9.184949,4.937232,31.838442,0.166583,0.85
1.667,9.182173,4.966663,31.840356,0.166083,0.85
1.668,9.20053,5.055771,31.841764,0.165583,0.85
1.669,9.173772,5.114487,31.843551,0.165083,0.85
1.67,9.166563,5.235847,31.846594,0.164582,0.85
1.671,9.165224,5.232821,31.848217,0.164082,0.85
1.672,9.156518,5.301742,31.851908,0.163582,0.85
1.673,9.162563,5.254209,31.855489,0.163082,0.85
1.674,9.158529,5.335967,31.858224,0.162581,0.85
1.675,9.144643,5.295306,31.861583,0.162081,0.85
1.676,9.144959,5.402642,31.864867,0.161581,0.85
1.677,9.159264,5.411379,31.867165,0.161081,0.85
1.678,9.143747,5.409557,31.870392,0.16058,0.85
1.679,9.129945,5.463366,31.873722,0.16008,0.85
1.68,9.119128,5.528759,31.877472,0.15958,0.85
1.681,9.138181,5.590819,31.881407,0.15908,0.85
1.682,9.123987,5.647177,31.88616,0.158579,0.85
1.683,9.119423,5.599228,31.889559,0.158079,0.85
1.684,9.107029,5.713508,31.895109,0.157579,0.85
1.685,9.112921,5.7446,31.898176,0.157079,0.85
1.686,9.100687,5.748308,31.901722,0.156578,0.85
1.687,9.098714,5.837965,31.904364,0.156078,0.85
1.688,9.112574,5.728641,31.906702,0.155578,0.85
1.689,9.103739,5.823391,31.910071,0.155078,0.85
1.69,9.086499,5.862084,31.913877,0.154577,0.85
1.691,9.080377,5.886381,31.919036,0.154077,0.85
1.692,9.070556,5.959872,31.925108,0.153577,0.85
1.693,9.075463,6.047077,31.929351,0.153077,0.85
1.694,9.079402,5.982687,31.935916,0.152576,0.85
1.695,9.054027,6.143506,31.941594,0.152076,0.85
1.696,9.07665,6.020349,31.945548,0.151576,0.85
1.697,9.051013,6.106078,31.948273,0.151076,0.85
1.698,9.053394,6.12742,31.951036,0.150575,0.85
1.699,9.043649,6.164504,31.953326,0.150075,0.85
1.7,9.064246,6.118726,31.958404,0.149575,0.85
1.701,9.048874,6.207577,31.962139,0.149075,0.85
1.702,9.041383,6.12158,31.966892,0.148574,0.85
1.703,9.034108,6.232057,31.971679,0.148074,0.85
1.704,9.026358,6.28521,31.976776,0.147574,0.85
1.705,9.03653,6.340033,31.980576,0.147074,0.85
1.706,9.018358,6.344459,31.985612,0.146573,0.85
1.707,9.000072,6.370447,31.988912,0.146073,0.85
1.708,9.015648,6.294894,31.99232,0.145573,0.85
1.709,9.011668,6.338167,31.997202,0.145073,0.85
1.71,9.029893,6.328953,32.001531,0.144572,0.85
1.711,9.020361,6.396478,32.005159,0.144072,0.85
1.712,8.997126,6.375096,32.008463,0.143572,0.85
1.713,8.998205,6.31841,32.014538,0.143072,0.85
1.714,9.005849,6.361179,32.020215,0.142571,0.85
1.715,9.009752,6.409572,32.024733,0.142071,0.85
1.716,8.994494,6.452872,32.0278,0.141571,0.85
1.717,8.994188,6.49219,32.031354,0.141071,0.85
1.718,9.000005,6.424413,32.035678,0.14057,0.85
1.719,8.992981,6.548556,32.039866,0.14007,0.85
1.72,8.970564,6.469687,32.044011,0.13957,0.85
1.721,8.972512,6.390074,32.048559,0.13907,0.85
1.722,8.975891,6.496005,32.052242,0.138569,0.85
1.723,8.972187,6.562369,32.05666,0.138069,0.85
1.724,8.97519,6.467065,32.063772,0.137569,0.85
1.725,8.965051,6.547892,32.068819,0.137069,0.85
1.726,8.970876,6.56644,32.074204,0.136568,0.85
1.727,8.967854,6.440414,32.080034,0.136068,0.85
1.728,8.959342,6.529037,32.084816,0.135568,0.85
1.729,8.955389,6.541924,32.088521,0.135068,0.85
1.73,8.950156,6.439213,32.092812,0.134567,0.85
1.731,8.9483,6.590236,32.098653,0.134067,0.85
1.732,8.943736,6.468913,32.104568,0.133567,0.85
1.733,8.949818,6.406347,32.108102,0.133067,0.85
1.734,8.961432,6.42078,32.112366,0.132566,0.85
1.735,8.948508,6.498715,32.117548,0.132066,0.85
1.736,8.928516,6.448992,32.120924,0.131566,0.85
1.737,8.945266,6.436861,32.124127,0.131066,0.85
1.738,8.955125,6.330528,32.128869,0.130565,0.85
1.739,8.939366,6.447932,32.133586,0.130065,0.85
1.74,8.927165,6.489611,32.138079,0.129565,0.85
1.741,8.917651,6.479829,32.143458,0.129065,0.85
1.742,8.925798,6.494703,32.147069,0.128564,0.85
1.743,8.938939,6.33246,32.151004,0.128064,0.85
1.744,8.920732,6.441626,32.15558,0.127564,0.85
1.745,8.935886,6.312189,32.160234,0.127064,0.85
1.746,8.910095,6.40474,32.16402,0.126563,0.85
1.747,8.922991,6.332352,32.169648,0.126063,0.85
1.748,8.925521,6.29701,32.173995,0.125563,0.85
1.749,8.915021,6.319641,32.178499,0.125063,0.85
1.75,8.922209,6.358843,32.184258,0.124562,0.85
1.751,8.928652,6.207503,32.190337,0.124062,0.85
1.752,8.918357,6.192909,32.194187,0.123562,0.85
1.753,8.917608,6.228819,32.198449,0.123062,0.85
1.754,8.914024,6.197635,32.205107,0.122561,0.85
1.755,8.937758,6.154198,32.209985,0.122061,0.85
1.756,8.925573,6.159248,32.215121,0.121561,0.85
1.757,8.901515,6.15684,32.21903,0.121061,0.85
1.758,8.900456,6.05906,32.223393,0.12056,0.85
1.759,8.904432,6.138134,32.227548,0.12006,0.85
1.76,8.896386,6.02527,32.231718,0.11956,0.85
1.761,8.919591,6.01206,32.234351,0.11906,0.85
1.762,8.905786,5.899549,32.238512,0.118559,0.85
1.763,8.897616,6.064411,32.24166,0.118059,0.85
1.764,8.909854,5.941719,32.24467,0.117559,0.85
1.765,8.913848,5.868542,32.248012,0.117059,0.85
1.766,8.90952,5.813145,32.251588,0.116558,0.85
1.767,8.90836,5.829619,32.256163,0.116058,0.85
1.768,8.894557,5.768691,32.260419,0.115558,0.85
1.769,8.893758,5.796635,32.263448,0.115058,0.85
1.77,8.892883,5.806793,32.266867,0.114557,0.85
1.771,8.889241,5.775784,32.26976,0.114057,0.85
1.772,8.911516,5.70974,32.275191,0.113557,0.85
1.773,8.908428,5.643123,32.277951,0.113057,0.85
1.774,8.902187,5.563964,32.281785,0.112556,0.85
1.775,8.895458,5.590736,32.285702,0.112056,0.85
1.776,8.893657,5.513126,32.289379,0.111556,0.85
1.777,8.893921,5.499974,32.293528,0.111056,0.85
1.778,8.89872,5.536756,32.297458,0.110555,0.85
1.779,8.897168,5.375689,32.30175,0.110055,0.85
1.78,8.896383,5.370954,32.305492,0.109555,0.85
1.781,8.887618,5.405752,32.309833,0.109055,0.85
1.782,8.889034,5.332765,32.310788,0.108554,0.85
1.783,8.900836,5.190929,32.31441,0.108054,0.85
1.784,8.893473,5.319434,32.317292,0.107554,0.85
1.785,8.906018,5.075329,32.319576,0.107054,0.85
1.786,8.881897,5.17075,32.323362,0.106553,0.85
1.787,8.894568,5.190132,32.326228,0.106053,0.85
1.788,8.906046,5.056084,32.329698,0.105553,0.85
1.789,8.883603,5.05224,32.331137,0.105053,0.85
1.79,8.881975,5.00067,32.332624,0.104552,0.85
1.791,8.912634,4.85581,32.334628,0.104052,0.85
1.792,8.90125,4.857882,32.336947,0.103552,0.85
1.793,8.915687,4.778442,32.340515,0.103052,0.85
1.794,8.885316,4.834879,32.34368,0.102551,0.85
1.795,8.891399,4.713964,32.346513,0.102051,0.85
1.796,8.905724,4.675724,32.349662,0.101551,0.85
1.797,8.881003,4.694431,32.35288,0.101051,0.85
1.798,8.897485,4.602029,32.354866,0.10055,0.85
1.799,8.903422,4.536106,32.356389,0.10005,0.85
1.8,8.877468,4.518921,32.360148,0.09955,0.85
1.801,8.90028,4.491813,32.362415,0.09905,0.85
1.802,8.907434,4.354974,32.364751,0.098549,0.85
1.803,8.911222,4.36308,32.366352,0.098049,0.85
1.804,8.875677,4.316984,32.368782,0.097549,0.85
1.805,8.890973,4.319186,32.372951,0.097049,0.85
1.806,8.901151,4.240764,32.373726,0.096548,0.85
1.807,8.877255,4.26679,32.375849,0.096048,0.85
1.808,8.881764,4.190019,32.377688,0.095548,0.85
1.809,8.896284,4.094727,32.380111,0.095048,0.85
1.81,8.884563,4.110021,32.3827,0.094547,0.85
1.811,8.890476,4.011229,32.386821,0.094047,0.85
1.812,8.879569,3.987324,32.390298,0.093547,0.85
1.813,8.880278,3.949978,32.389539,0.093047,0.85
1.814,8.898131,3.860034,32.391857,0.092546,0.85
1.815,8.903896,3.809355,32.393679,0.092046,0.85
1.816,8.884799,3.805415,32.395526,0.091546,0.85
1.817,8.895867,3.715842,32.396629,0.091046,0.85
1.818,8.87747,3.839355,32.3981,0.090545,0.85
1.819,8.902632,3.687161,32.39927,0.090045,0.85
1.82,8.901304,3.544976,32.398513,0.089545,0.85
1.821,8.891103,3.676125,32.398846,0.089045,0.85
1.822,8.894236,3.566077,32.399262,0.088544,0.85
1.823,8.897797,3.592042,32.400035,0.088044,0.85
1.824,8.892733,3.494375,32.399459,0.087544,0.85
1.825,8.892729,3.38376,32.400069,0.087044,0.85
1.826,8.879706,3.428325,32.400852,0.086543,0.85
1.827,8.892583,3.365168,32.400357,0.086043,0.85
1.828,8.896904,3.307198,32.402416,0.085543,0.85
1.829,8.88921,3.281761,32.40307,0.085043,0.85
1.83,8.888252,3.226981,32.405739,0.084542,0.85
1.831,8.88847,3.217573,32.406127,0.084042,0.85
1.832,8.880734,3.151529,32.406927,0.083542,0.85
1.833,8.88841,3.138383,32.407706,0.083042,0.85
1.834,8.882192,3.059469,32.408697,0.082541,0.85
1.835,8.881575,3.03616,32.409836,0.082041,0.85
1.836,8.875137,3.061897,32.411499,0.081541,0.85
1.837,8.885582,3.003373,32.411706,0.081041,0.85
1.838,8.883415,2.959909,32.413913,0.08054,0.85
1.839,8.878554,2.921702,32.415936,0.08004,0.85
1.84,8.880148,2.786748,32.417156,0.07954,0.85
1.841,8.887122,2.730353,32.417651,0.07904,0.85
1.842,8.871579,2.757856,32.418668,0.078539,0.85
1.843,8.874093,2.740068,32.420652,0.078039,0.85
1.844,8.873027,2.760549,32.42226,0.077539,0.85
1.845,8.87582,2.619266,32.420518,0.077039,0.85
1.846,8.867956,2.659063,32.421193,0.076538,0.85
1.847,8.864382,2.675625,32.423195,0.076038,0.85
1.848,8.877312,2.542131,32.423856,0.075538,0.85
1.849,8.868999,2.599289,32.423607,0.075038,0.85
1.85,8.880982,2.61103,32.423184,0.074537,0.85
1.851,8.866081,2.535917,32.423203,0.074037,0.85
1.852,8.87904,2.406582,32.424688,0.073537,0.85
1.853,8.870397,2.478183,32.423957,0.073037,0.85
1.854,8.861102,2.415506,32.425457,0.072536,0.85
1.855,8.882601,2.352464,32.426429,0.072036,0.85
1.856,8.847923,2.435718,32.42663,0.071536,0.85
1.857,8.861713,2.237285,32.428299,0.071036,0.85
1.858,8.87091,2.335165,32.430113,0.070535,0.85
1.859,8.848633,2.366933,32.429228,0.070035,0.85
1.86,8.844651,2.231994,32.428852,0.069535,0.85
1.861,8.856213,2.157859,32.430181,0.069035,0.85
1.862,8.846197,2.355193,32.431786,0.068534,0.85
1.863,8.852836,2.309826,32.43281,0.068034,0.85
1.864,8.849209,2.154072,32.434545,0.067534,0.85
1.865,8.841606,2.191453,32.433718,0.067034,0.85
1.866,8.838544,2.156292,32.435386,0.066533,0.85
1.867,8.858986,2.079098,32.435052,0.066033,0.85
1.868,8.833891,2.154963,32.435183,0.065533,0.85
1.869,8.850903,1.993563,32.434861,0.065033,0.85
1.87,8.832019,2.129282,32.435078,0.064532,0.85
1.871,8.859575,1.963177,32.434681,0.064032,0.85
1.872,8.842325,2.148867,32.434685,0.063532,0.85
1.873,8.832004,2.023758,32.435167,0.063032,0.85
1.874,8.822045,1.977078,32.436716,0.062531,0.85
1.875,8.831046,2.023006,32.437459,0.062031,0.85
1.876,8.816689,2.052039,32.439125,0.061531,0.85
1.877,8.815655,2.016168,32.439235,0.061031,0.85
1.878,8.825683,1.977185,32.438114,0.06053,0.85
1.879,8.817741,2.013019,32.440645,0.06003,0.85
1.88,8.808532,2.10214,32.441035,0.05953,0.85
1.881,8.800416,1.9606,32.440625,0.05903,0.85
1.882,8.798654,2.036702,32.442413,0.058529,0.85
1.883,8.797485,2.002252,32.441048,0.058029,0.85
1.884,8.789494,1.945801,32.440522,0.057529,0.85
1.885,8.794272,2.019801,32.440399,0.057029,0.85
1.886,8.786234,2.060977,32.44186,0.056528,0.85
1.887,8.77829,2.063408,32.441627,0.056028,0.85
1.888,8.788158,2.106055,32.44175,0.055528,0.85
1.889,8.769881,2.057432,32.441016,0.055028,0.85
1.89,8.78608,1.95562,32.442682,0.054527,0.85
1.891,8.788064,2.001305,32.442924,0.054027,0.85
1.892,8.780198,1.974483,32.441063,0.053527,0.85
1.893,8.761178,2.098214,32.442137,0.053027,0.85
1.894,8.749111,2.082004,32.443914,0.052526,0.85
1.895,8.768749,2.037257,32.445648,0.052026,0.85
1.896,8.764866,2.03155,32.447944,0.051526,0.85
1.897,8.765167,2.02259,32.449528,0.051026,0.85
1.898,8.739351,2.128379,32.450407,0.050525,0.85
1.899,8.7408,2.316284,32.450029,0.050025,0.85
1.9,8.724644,2.123961,32.45133,0.049525,0.85
1.901,8.736425,2.190979,32.450251,0.049025,0.85
1.902,8.733751,2.108503,32.451348,0.048524,0.85
1.903,8.719145,2.100376,32.451833,0.048024,0.85
1.904,8.720312,2.156873,32.451336,0.047524,0.85
1.905,8.720464,2.103389,32.452821,0.047024,0.85
1.906,8.720269,2.315961,32.454112,0.046523,0.85
1.907,8.7164,2.180229,32.455652,0.046023,0.85
1.908,8.714983,2.247423,32.456891,0.045523,0.85
1.909,8.704546,2.391687,32.45546,0.045023,0.85
1.91,8.701281,2.212317,32.457726,0.044522,0.85
1.911,8.692726,2.263718,32.457496,0.044022,0.85
1.912,8.69974,2.313182,32.455816,0.043522,0.85
1.913,8.67514,2.329249,32.457409,0.043022,0.85
1.914,8.673193,2.386778,32.459684,0.042521,0.85
1.915,8.6808,2.393044,32.461752,0.042021,0.85
1.916,8.66692,2.410032,32.462047,0.041521,0.85
1.917,8.664274,2.443614,32.464648,0.041021,0.85
1.918,8.648956,2.524083,32.467317,0.04052,0.85
1.919,8.645556,2.538615,32.468144,0.04002,0.85
1.92,8.651618,2.534565,32.468211,0.03952,0.85
1.921,8.655021,2.589652,32.469962,0.03902,0.85
1.922,8.63909,2.493004,32.470834,0.038519,0.85
1.923,8.644802,2.623431,32.473088,0.038019,0.85
1.924,8.626028,2.59937,32.474711,0.037519,0.85
1.925,8.623849,2.770525,32.476045,0.037019,0.85
1.926,8.629131,2.709205,32.475431,0.036518,0.85
1.927,8.630603,2.670025,32.476154,0.036018,0.85
1.928,8.617997,2.757405,32.477405,0.035518,0.85
1.929,8.597396,2.814159,32.478844,0.035018,0.85
1.93,8.591984,2.888342,32.480194,0.034517,0.85
1.931,8.577535,2.878986,32.47964,0.034017,0.85
1.932,8.579466,2.953394,32.481348,0.033517,0.85
1.933,8.590779,2.89854,32.482128,0.033017,0.85
1.934,8.580678,3.008741,32.482784,0.032516,0.85
1.935,8.567472,3.069526,32.483996,0.032016,0.85
1.936,8.554343,3.120664,32.48607,0.031516,0.85
1.937,8.555033,3.225185,32.487423,0.031016,0.85
1.938,8.562502,3.10762,32.488918,0.030515,0.85
1.939,8.550095,3.18284,32.490642,0.030015,0.85
1.94,8.533258,3.241412,32.492341,0.029515,0.85
1.941,8.513974,3.294561,32.493488,0.029015,0.85
1.942,8.516458,3.372428,32.496113,0.028514,0.85
1.943,8.524603,3.357989,32.497735,0.028014,0.85
1.944,8.503253,3.418218,32.498158,0.027514,0.85
1.945,8.500732,3.382403,32.499243,0.027014,0.85
1.946,8.497931,3.462938,32.502234,0.026513,0.85
1.947,8.482074,3.552191,32.503143,0.026013,0.85
1.948,8.486957,3.52611,32.503835,0.025513,0.85
1.949,8.491854,3.510935,32.50497,0.025013,0.85
1.95,8.471526,3.568855,32.504554,0.024512,0.85
1.951,8.45717,3.637713,32.505907,0.024012,0.85
1.952,8.435069,3.851215,32.505952,0.023512,0.85
1.953,8.46312,3.727276,32.508776,0.023012,0.85
1.954,8.428665,3.851827,32.510455,0.022511,0.85
1.955,8.430557,3.81306,32.512136,0.022011,0.85
1.956,8.430209,3.89661,32.514301,0.021511,0.85
1.957,8.42678,3.989799,32.515724,0.021011,0.85
1.958,8.410642,3.948656,32.517647,0.02051,0.85
1.959,8.409585,4.03691,32.518031,0.02001,0.85
1.96,8.398806,4.113266,32.520712,0.01951,0.85
1.961,8.400392,4.136858,32.520629,0.01901,0.85
1.962,8.389093,4.243748,32.521537,0.018509,0.85
1.963,8.372994,4.238783,32.523997,0.018009,0.85
1.964,8.367901,4.258328,32.526362,0.017509,0.85
1.965,8.380331,4.246073,32.529473,0.017009,0.85
1.966,8.360362,4.369487,32.531097,0.016508,0.85
1.967,8.351776,4.38746,32.533244,0.016008,0.85
1.968,8.337163,4.467642,32.535534,0.015508,0.85
1.969,8.335087,4.485291,32.538719,0.015008,0.85
1.97,8.332513,4.586449,32.541627,0.014507,0.85
1.971,8.312254,4.638262,32.542822,0.014007,0.85
1.972,8.322147,4.61317,32.544852,0.013507,0.85
1.973,8.313559,4.710587,32.548347,0.013007,0.85
1.974,8.303843,4.685503,32.549879,0.012506,0.85
1.975,8.287393,4.745828,32.552035,0.012006,0.85
1.976,8.294246,4.827734,32.554646,0.011506,0.85
1.977,8.287207,4.751388,32.557559,0.011006,0.85
1.978,8.276547,4.895436,32.560282,0.010505,0.85
1.979,8.27085,4.92194,32.563375,0.010005,0.85
1.98,8.264667,4.992768,32.566882,0.009505,0.85
1.981,8.246741,5.085061,32.571893,0.009005,0.85
1.982,8.235567,5.101004,32.573192,0.008504,0.85
1.983,8.244312,5.11189,32.576624,0.008004,0.85
1.984,8.209455,5.18739,32.580471,0.007504,0.85
1.985,8.213006,5.272223,32.584255,0.007004,0.85
1.986,8.209726,5.313197,32.587093,0.006503,0.85
1.987,8.193444,5.216346,32.591211,0.006003,0.85
1.988,8.195001,5.425388,32.594337,0.005503,0.85
1.989,8.168789,5.452887,32.59831,0.005003,0.85
1.99,8.15747,5.356319,32.60288,0.004502,0.85
1.991,8.153081,5.466796,32.606979,0.004002,0.85
1.992,8.155435,5.455744,32.610209,0.003502,0.85
1.993,8.145904,5.589669,32.614124,0.003002,0.85
1.994,8.13993,5.514997,32.617966,0.002501,0.85
1.995,8.144688,5.600174,32.62193,0.002001,0.85
1.996,8.117767,5.585351,32.625279,0.001501,0.85
1.997,8.091454,5.652168,32.628457,0.001001,0.85
1.998,8.086944,5.61837,32.631775,0.0005,0.85
1.999,8.079575,5.62444,32.63397,0.0,0.85
0.0,12.06856,1.968017,28.0,1.0,0.8
0.001,12.072868,2.058754,28.001062,0.9995,0.8
0.002,12.070511,2.015376,28.001607,0.998999,0.8
0.003,12.065743,2.070975,28.002883,0.998499,0.8
0.004,12.060976,1.926627,28.003933,0.997999,0.8
0.005,12.067931,2.032925,28.003977,0.997499,0.8
0.006,12.067693,2.079069,28.004303,0.996998,0.8
0.007,12.06417,1.969272,28.005963,0.996498,0.8
0.008,12.067407,2.023755,28.006827,0.995998,0.8
0.009,12.039888,2.099467,28.007508,0.995498,0.8
0.01,12.039447,2.121598,28.009768,0.994997,0.8
0.011,12.047498,2.05805,28.009563,0.994497,0.8
0.012,12.053081,2.043328,28.011002,0.993997,0.8
0.013,12.039324,2.103026,28.011269,0.993497,0.8
0.014,12.053974,2.076575,28.012014,0.992996,0.8
0.015,12.050741,2.15398,28.013339,0.992496,0.8
0.016,12.044092,1.991667,28.012943,0.991996,0.8
0.017,12.045001,2.158793,28.01483,0.991496,0.8
0.018,12.036916,2.199221,28.014979,0.990995,0.8
0.019,12.023346,2.211876,28.014657,0.990495,0.8
0.02,12.043358,2.090292,28.013612,0.989995,0.8
0.021,12.037047,2.138745,28.014022,0.989495,0.8
0.022,12.009143,2.187067,28.015928,0.988994,0.8
0.023,12.023421,2.288162,28.017345,0.988494,0.8
0.024,12.014926,2.342954,28.016245,0.987994,0.8
0.025,12.00635,2.319505,28.017029,0.987494,0.8
0.026,12.035392,2.295407,28.01877,0.986993,0.8
0.027,12.023011,2.389897,28.019479,0.986493,0.8
0.028,12.026032,2.312186,28.021662,0.985993,0.8
0.029,12.008087,2.389555,28.023661,0.985493,0.8
0.03,12.013663,2.365694,28.024118,0.984992,0.8
0.031,12.0077,2.43705,28.022231,0.984492,0.8
0.032,11.989323,2.498078,28.024066,0.983992,0.8
0.033,11.996144,2.493692,28.025038,0.983492,0.8
0.034,12.006707,2.488805,28.025343,0.982991,0.8
0.035,12.000784,2.494417,28.024011,0.982491,0.8
0.036,11.989849,2.555647,28.024256,0.981991,0.8
0.037,11.982503,2.519222,28.025655,0.981491,0.8
0.038,11.975278,2.544504,28.025516,0.98099,0.8
0.039,11.967981,2.667268,28.026658,0.98049,0.8
0.04,11.974883,2.729001,28.026912,0.97999,0.8
0.041,11.984073,2.804244,28.027312,0.97949,0.8
0.042,11.977867,2.63885,28.029158,0.978989,0.8
0.043,11.976197,2.656682,28.028858,0.978489,0.8
0.044,11.946584,2.865325,28.030341,0.977989,0.8
0.045,11.955214,2.866609,28.028274,0.977489,0.8
0.046,11.94921,2.854694,28.027815,0.976988,0.8
0.047,11.952953,2.897339,28.029675,0.976488,0.8
0.048,11.949926,3.033992,28.032016,0.975988,0.8
0.049,11.950427,3.003062,28.030925,0.975488,0.8
0.05,11.946684,3.108635,28.032501,0.974987,0.8
0.051,11.945992,3.038464,28.035652,0.974487,0.8
0.052,11.923272,3.252784,28.036885,0.973987,0.8
0.053,11.935606,3.102915,28.038132,0.973487,0.8
0.054,11.918247,3.222399,28.039867,0.972986,0.8
0.055,11.918003,3.268696,28.041337,0.972486,0.8
0.056,11.910036,3.338744,28.043765,0.971986,0.8
0.057,11.923106,3.339653,28.046142,0.971486,0.8
0.058,11.916069,3.397004,28.04661,0.970985,0.8
0.059,11.914469,3.430223,28.046798,0.970485,0.8
0.06,11.91222,3.461222,28.047516,0.969985,0.8
0.061,11.893822,3.530347,28.048428,0.969485,0.8
0.062,11.892753,3.566021,28.051141,0.968984,0.8
0.063,11.886554,3.55426,28.049965,0.968484,0.8
0.064,11.891833,3.614112,28.050608,0.967984,0.8
0.065,11.886265,3.609411,28.052992,0.967484,0.8
0.066,11.872725,3.734104,28.054181,0.966983,0.8
0.067,11.867561,3.691427,28.055041,0.966483,0.8
0.068,11.869783,3.732652,28.056122,0.965983,0.8
0.069,11.850968,3.855244,28.058579,0.965483,0.8
0.07,11.863184,3.852566,28.06069,0.964982,0.8
0.071,11.849246,3.938796,28.062511,0.964482,0.8
0.072,11.844701,4.002452,28.063164,0.963982,0.8
0.073,11.84355,4.011877,28.064746,0.963482,0.8
0.074,11.844362,4.068414,28.068057,0.962981,0.8
0.075,11.841228,4.133059,28.069911,0.962481,0.8
0.076,11.832125,4.084876,28.070671,0.961981,0.8
0.077,11.81531,4.179241,28.074173,0.961481,0.8
0.078,11.827385,4.249137,28.078666,0.96098,0.8
0.079,11.811298,4.252209,28.081771,0.96048,0.8
0.08,11.80707,4.303413,28.085661,0.95998,0.8
0.081,11.820074,4.413968,28.087663,0.95948,0.8
0.082,11.818322,4.382553,28.089562,0.958979,0.8
0.083,11.80916,4.435932,28.093747,0.958479,0.8
0.084,11.80456,4.376553,28.095217,0.957979,0.8
0.085,11.782246,4.586741,28.098377,0.957479,0.8
0.086,11.804374,4.481306,28.101836,0.956978,0.8
0.087,11.773106,4.632612,28.104749,0.956478,0.8
0.088,11.783228,4.681491,28.108187,0.955978,0.8
0.089,11.791686,4.635197,28.112085,0.955478,0.8
0.09,11.76824,4.650759,28.114841,0.954977,0.8
0.091,11.778731,4.738071,28.118307,0.954477,0.8
0.092,11.749461,4.881923,28.120718,0.953977,0.8
0.093,11.751718,4.888495,28.123057,0.953477,0.8
0.094,11.756285,4.944811,28.126825,0.952976,0.8
0.095,11.761244,4.883978,28.129677,0.952476,0.8
0.096,11.748113,5.014595,28.132232,0.951976,0.8
0.097,11.74384,5.0464,28.134543,0.951476,0.8
0.098,11.744469,5.107243,28.136183,0.950975,0.8
0.099,11.730738,5.151882,28.138857,0.950475,0.8
0.1,11.711469,5.240071,28.142115,0.949975,0.8
0.101,11.720884,5.286682,28.146524,0.949475,0.8
0.102,11.710248,5.277641,28.15063,0.948974,0.8
0.103,11.722491,5.28431,28.153985,0.948474,0.8
0.104,11.732128,5.35421,28.157609,0.947974,0.8
0.105,11.71404,5.362949,28.1601,0.947474,0.8
0.106,11.718782,5.36338,28.162375,0.946973,0.8
0.107,11.700402,5.437425,28.165849,0.946473,0.8
0.108,11.709311,5.427184,28.170138,0.945973,0.8
0.109,11.697192,5.578568,28.174239,0.945473,0.8
0.11,11.696824,5.548789,28.178283,0.944972,0.8
0.111,11.688572,5.665298,28.17989,0.944472,0.8
0.112,11.694494,5.630742,28.182903,0.943972,0.8
0.113,11.679025,5.6549,28.18653,0.943472,0.8
0.114,11.679573,5.734538,28.191219,0.942971,0.8
0.115,11.68828,5.7823,28.19619,0.942471,0.8
0.116,11.66298,5.82267,28.200121,0.941971,0.8
0.117,11.674125,5.809021,28.205869,0.941471,0.8
0.118,11.660373,5.885672,28.210889,0.94097,0.8
0.119,11.664554,5.907529,28.214606,0.94047,0.8
0.12,11.663729,5.851471,28.219077,0.93997,0.8
0.121,11.667316,5.944271,28.223127,0.93947,0.8
0.122,11.652248,6.02298,28.226879,0.938969,0.8
0.123,11.643248,5.95084,28.231043,0.938469,0.8
0.124,11.656386,5.963697,28.234845,0.937969,0.8
0.125,11.643889,6.031974,28.240008,0.937469,0.8
0.126,11.631752,6.067158,28.244392,0.936968,0.8
0.127,11.626364,6.087264,28.249579,0.936468,0.8
0.128,11.648858,6.118958,28.253627,0.935968,0.8
0.129,11.640668,6.029167,28.25742,0.935468,0.8
0.13,11.632982,6.144873,28.260081,0.934967,0.8
0.131,11.61569,6.248058,28.265145,0.934467,0.8
0.132,11.631399,6.198489,28.270366,0.933967,0.8
0.133,11.620304,6.16204,28.275975,0.933467,0.8
0.134,11.620005,6.282961,28.282214,0.932966,0.8
0.135,11.621363,6.252328,28.28722,0.932466,0.8
0.136,11.616937,6.280848,28.292167,0.931966,0.8
0.137,11.630041,6.229293,28.296727,0.931466,0.8
0.138,11.592124,6.381473,28.301554,0.930965,0.8
0.139,11.607099,6.345652,28.307328,0.930465,0.8
0.14,11.608368,6.342186,28.313292,0.929965,0.8
0.141,11.603592,6.394261,28.318756,0.929465,0.8
0.142,11.599323,6.404872,28.321845,0.928964,0.8
0.143,11.587004,6.467713,28.328151,0.928464,0.8
0.144,11.601426,6.415831,28.334481,0.927964,0.8
0.145,11.594687,6.389315,28.339632,0.927464,0.8
0.146,11.592561,6.403059,28.344752,0.926963,0.8
0.147,11.597586,6.458961,28.351103,0.926463,0.8
0.148,11.573525,6.526861,28.355472,0.925963,0.8
0.149,11.594523,6.436361,28.360217,0.925463,0.8
0.15,11.586592,6.471047,28.363606,0.924962,0.8
0.151,11.580869,6.469289,28.368803,0.924462,0.8
0.152,11.562305,6.536631,28.373255,0.923962,0.8
0.153,11.582773,6.497022,28.379951,0.923462,0.8
0.154,11.570364,6.548899,28.383975,0.922961,0.8
0.155,11.574796,6.500435,28.390206,0.922461,0.8
0.156,11.567773,6.549159,28.394781,0.921961,0.8
0.157,11.563724,6.548826,28.399364,0.921461,0.8
0.158,11.565519,6.440951,28.407168,0.92096,0.8
0.159,11.56637,6.502092,28.410973,0.92046,0.8
0.16,11.585669,6.470562,28.41568,0.91996,0.8
0.161,11.563944,6.498135,28.422361,0.91946,0.8
0.162,11.576365,6.477875,28.426758,0.918959,0.8
0.163,11.548363,6.496216,28.43225,0.918459,0.8
0.164,11.561587,6.495914,28.438781,0.917959,0.8
0.165,11.5689,6.451787,28.444748,0.917459,0.8
0.166,11.577205,6.410848,28.450471,0.916958,0.8
0.167,11.566784,6.454488,28.454649,0.916458,0.8
0.168,11.5672,6.412083,28.458763,0.915958,0.8
0.169,11.580277,6.435785,28.465043,0.915458,0.8
0.17,11.549423,6.425601,28.471039,0.914957,0.8
0.171,11.564551,6.419425,28.476433,0.914457,0.8
0.172,11.556955,6.417081,28.483337,0.913957,0.8
0.173,11.559527,6.395927,28.488287,0.913457,0.8
0.174,11.57478,6.301999,28.492982,0.912956,0.8
0.175,11.564862,6.386051,28.498059,0.912456,0.8
0.176,11.546899,6.416448,28.501377,0.911956,0.8
0.177,11.561664,6.285664,28.506524,0.911456,0.8
0.178,11.550822,6.33139,28.509268,0.910955,0.8
0.179,11.558306,6.298547,28.514684,0.910455,0.8
0.18,11.558213,6.252124,28.519741,0.909955,0.8
0.181,11.561323,6.250344,28.523207,0.909455,0.8
0.182,11.560728,6.213047,28.527381,0.908954,0.8
0.183,11.545574,6.196757,28.530606,0.908454,0.8
0.184,11.563027,6.086761,28.534721,0.907954,0.8
0.185,11.566558,6.16671,28.539279,0.907454,0.8
0.186,11.544341,6.154315,28.542998,0.906953,0.8
0.187,11.55245,5.990339,28.546742,0.906453,0.8
0.188,11.552786,6.063099,28.551125,0.905953,0.8
0.189,11.549713,6.074004,28.555645,0.905453,0.8
0.19,11.551651,6.038468,28.559899,0.904952,0.8
0.191,11.570057,6.021557,28.565143,0.904452,0.8
0.192,11.556052,5.91214,28.56848,0.903952,0.8
0.193,11.563957,5.964863,28.571269,0.903452,0.8
0.194,11.555141,5.910387,28.575164,0.902951,0.8
0.195,11.558416,5.869441,28.578801,0.902451,0.8
0.196,11.553203,5.870042,28.582862,0.901951,0.8
0.197,11.57292,5.796892,28.586776,0.901451,0.8
0.198,11.560307,5.886457,28.589631,0.90095,0.8
0.199,11.560046,5.700448,28.595236,0.90045,0.8
0.2,11.5746,5.776766,28.599525,0.89995,0.8
0.201,11.557866,5.667228,28.604587,0.89945,0.8
0.202,11.571218,5.595941,28.608207,0.898949,0.8
0.203,11.56191,5.658176,28.613009,0.898449,0.8
0.204,11.565863,5.576457,28.617572,0.897949,0.8
0.205,11.568925,5.609065,28.622668,0.897449,0.8
0.206,11.579151,5.436434,28.627048,0.896948,0.8
0.207,11.564279,5.47711,28.63135,0.896448,0.8
0.208,11.56571,5.497462,28.634924,0.895948,0.8
0.209,11.593924,5.361882,28.638724,0.895448,0.8
0.21,11.572904,5.305379,28.641602,0.894947,0.8
0.211,11.581452,5.291495,28.647262,0.894447,0.8
0.212,11.566008,5.270805,28.649178,0.893947,0.8
0.213,11.578155,5.259641,28.652377,0.893447,0.8
0.214,11.566808,5.155595,28.655768,0.892946,0.8
0.215,11.566789,5.157181,28.65808,0.892446,0.8
0.216,11.568683,5.142056,28.660665,0.891946,0.8
0.217,11.593101,5.100661,28.664495,0.891446,0.8
0.218,11.582127,5.058598,28.666759,0.890945,0.8
0.219,11.58563,4.993096,28.671427,0.890445,0.8
0.22,11.590459,4.918027,28.675292,0.889945,0.8
0.221,11.580557,4.884841,28.678589,0.889445,0.8
0.222,11.584158,4.857723,28.681077,0.888944,0.8
0.223,11.577313,4.907533,28.684144,0.888444,0.8
0.224,11.578086,4.831672,28.685723,0.887944,0.8
0.225,11.585271,4.700874,28.688513,0.887444,0.8
0.226,11.575206,4.76277,28.691682,0.886943,0.8
0.227,11.592262,4.62513,28.694262,0.886443,0.8
0.228,11.594844,4.599727,28.697754,0.885943,0.8
0.229,11.605989,4.511238,28.699788,0.885443,0.8
0.23,11.615818,4.48701,28.702107,0.884942,0.8
0.231,11.603545,4.434715,28.705906,0.884442,0.8
0.232,11.600065,4.515153,28.709579,0.883942,0.8
0.233,11.595285,4.444085,28.712999,0.883442,0.8
0.234,11.604909,4.379406,28.715777,0.882941,0.8
0.235,11.607256,4.318467,28.717144,0.882441,0.8
0.236,11.610152,4.202048,28.720745,0.881941,0.8
0.237,11.597393,4.193578,28.723028,0.881441,0.8
0.238,11.612854,4.059954,28.723589,0.88094,0.8
0.239,11.621473,4.100403,28.724933,0.88044,0.8
0.24,11.625587,4.019862,28.726841,0.87994,0.8
0.241,11.623471,3.979456,28.729138,0.87944,0.8
0.242,11.624764,3.926828,28.729111,0.878939,0.8
0.243,11.616231,3.916864,28.730283,0.878439,0.8
0.244,11.627792,3.808124,28.733351,0.877939,0.8
0.245,11.615482,3.8103,28.734707,0.877439,0.8
0.246,11.613745,3.84609,28.737428,0.876938,0.8
0.247,11.626545,3.667182,28.73958,0.876438,0.8
0.248,11.637132,3.684681,28.741918,0.875938,0.8
0.249,11.62561,3.671578,28.744245,0.875438,0.8
0.25,11.631674,3.613134,28.745462,0.874937,0.8
0.251,11.635962,3.640187,28.745977,0.874437,0.8
0.252,11.631757,3.459685,28.748181,0.873937,0.8
0.253,11.640367,3.379516,28.74907,0.873437,0.8
0.254,11.637578,3.36021,28.750638,0.872936,0.8
0.255,11.647896,3.37112,28.752028,0.872436,0.8
0.256,11.644054,3.359706,28.752581,0.871936,0.8
0.257,11.63986,3.287778,28.753308,0.871436,0.8
0.258,11.6445,3.201736,28.754757,0.870935,0.8
0.259,11.6501,3.223637,28.756216,0.870435,0.8
0.26,11.642031,3.233618,28.758408,0.869935,0.8
0.261,11.638929,3.248079,28.76064,0.869435,0.8
0.262,11.6515,3.135231,28.762535,0.868934,0.8
0.263,11.649065,3.046292,28.763319,0.868434,0.8
0.264,11.653369,3.054036,28.76444,0.867934,0.8
0.265,11.663017,3.016376,28.76574,0.867434,0.8
0.266,11.639347,2.94483,28.767908,0.866933,0.8
0.267,11.65904,2.940976,28.769349,0.866433,0.8
0.268,11.650103,2.961646,28.769905,0.865933,0.8
0.269,11.654406,2.869417,28.772032,0.865433,0.8
0.27,11.639614,2.825189,28.77267,0.864932,0.8
0.271,11.654365,2.80862,28.773778,0.864432,0.8
0.272,11.653399,2.76727,28.774463,0.863932,0.8
0.273,11.654368,2.769469,28.774964,0.863432,0.8
0.274,11.657845,2.722441,28.776207,0.862931,0.8
0.275,11.657932,2.573511,28.776538,0.862431,0.8
0.276,11.647576,2.549566,28.776996,0.861931,0.8
0.277,11.655511,2.613213,28.778753,0.861431,0.8
0.278,11.643619,2.634185,28.780797,0.86093,0.8
0.279,11.6555,2.517011,28.782301,0.86043,0.8
0.28,11.644115,2.569193,28.783613,0.85993,0.8
0.281,11.660118,2.503993,28.784404,0.85943,0.8
0.282,11.651805,2.470124,28.78497,0.858929,0.8
0.283,11.664379,2.421688,28.785681,0.858429,0.8
0.284,11.663209,2.375681,28.788482,0.857929,0.8
0.285,11.647942,2.361747,28.788737,0.857429,0.8
0.286,11.665281,2.313581,28.78849,0.856928,0.8
0.287,11.651663,2.349225,28.789157,0.856428,0.8
0.288,11.664472,2.325919,28.788927,0.855928,0.8
0.289,11.656947,2.249681,28.790269,0.855428,0.8
0.29,11.659192,2.202769,28.790631,0.854927,0.8
0.291,11.670946,2.14584,28.791911,0.854427,0.8
0.292,11.650514,2.217083,28.792835,0.853927,0.8
0.293,11.655907,2.314623,28.792086,0.853427,0.8
0.294,11.662985,2.183289,28.793212,0.852926,0.8
0.295,11.669597,2.071199,28.794174,0.852426,0.8
0.296,11.6477,2.21688,28.794536,0.851926,0.8
0.297,11.646495,2.158513,28.795081,0.851426,0.8
0.298,11.655356,2.085736,28.79364,0.850925,0.8
0.299,11.670244,2.079597,28.795646,0.850425,0.8
0.3,11.663783,2.12396,28.796854,0.849925,0.8
0.301,11.661191,2.039353,28.797297,0.849425,0.8
0.302,11.657105,1.966904,28.798814,0.848924,0.8
0.303,11.657319,2.068368,28.798707,0.848424,0.8
0.304,11.657089,2.099393,28.797692,0.847924,0.8
0.305,11.654195,2.044817,28.79762,0.847424,0.8
0.306,11.641733,2.08251,28.798768,0.846923,0.8
0.307,11.647221,1.944815,28.798758,0.846423,0.8
0.308,11.637284,2.077981,28.799316,0.845923,0.8
0.309,11.653507,1.996915,28.798607,0.845423,0.8
0.31,11.659234,2.012479,28.800795,0.844922,0.8
0.311,11.658841,1.924977,28.801819,0.844422,0.8
0.312,11.646378,2.01955,28.804472,0.843922,0.8
0.313,11.630018,1.967329,28.805569,0.843422,0.8
0.314,11.63121,1.952519,28.806145,0.842921,0.8
0.315,11.636312,1.982558,28.805756,0.842421,0.8
0.316,11.648154,2.024048,28.804184,0.841921,0.8
0.317,11.647048,2.047209,28.804574,0.841421,0.8
0.318,11.63507,1.932516,28.803545,0.84092,0.8
0.319,11.64018,1.954835,28.80374,0.84042,0.8
0.32,11.632019,2.044524,28.803729,0.83992,0.8
0.321,11.623474,2.012774,28.804006,0.83942,0.8
0.322,11.627604,2.044321,28.805435,0.838919,0.8
0.323,11.640011,2.036619,28.8051,0.838419,0.8
0.324,11.61397,2.025727,28.806541,0.837919,0.8
0.325,11.639633,2.009484,28.805198,0.837419,0.8
0.326,11.636607,2.028425,28.80661,0.836918,0.8
0.327,11.632041,1.94456,28.806197,0.836418,0.8
0.328,11.612319,2.125481,28.807502,0.835918,0.8
0.329,11.618904,2.031028,28.808353,0.835418,0.8
0.33,11.614405,2.065683,28.810452,0.834917,0.8
0.331,11.595613,2.1473,28.810809,0.834417,0.8
0.332,11.602535,2.185242,28.81198,0.833917,0.8
0.333,11.592394,2.208,28.813044,0.833417,0.8
0.334,11.612235,2.188588,28.813337,0.832916,0.8
0.335,11.61231,2.212081,28.814998,0.832416,0.8
0.336,11.600786,2.187888,28.817401,0.831916,0.8
0.337,11.591143,2.116339,28.8191,0.831416,0.8
0.338,11.601723,2.264692,28.819894,0.830915,0.8
0.339,11.598012,2.304127,28.820989,0.830415,0.8
0.34,11.599405,2.290676,28.822051,0.829915,0.8
0.341,11.600228,2.326914,28.821639,0.829415,0.8
0.342,11.603204,2.264981,28.820524,0.828914,0.8
0.343,11.574385,2.458397,28.819977,0.828414,0.8
0.344,11.56718,2.410075,28.820107,0.827914,0.8
0.345,11.565156,2.437945,28.81999,0.827414,0.8
0.346,11.562587,2.482963,28.819787,0.826913,0.8
0.347,11.56624,2.368584,28.819629,0.826413,0.8
0.348,11.579379,2.445945,28.821777,0.825913,0.8
0.349,11.55582,2.532207,28.821895,0.825413,0.8
0.35,11.557637,2.558015,28.821637,0.824912,0.8
0.351,11.546037,2.634408,28.822672,0.824412,0.8
0.352,11.543075,2.568338,28.821566,0.823912,0.8
0.353,11.545906,2.655133,28.821453,0.823412,0.8
0.354,11.542543,2.674116,28.823117,0.822911,0.8
0.355,11.549107,2.640604,28.823154,0.822411,0.8
0.356,11.516079,2.740873,28.823138,0.821911,0.8
0.357,11.533545,2.758263,28.823964,0.821411,0.8
0.358,11.541365,2.74205,28.823644,0.82091,0.8
0.359,11.517279,2.87246,28.825528,0.82041,0.8
0.36,11.529403,2.892418,28.826988,0.81991,0.8
0.361,11.520173,2.909353,28.827465,0.81941,0.8
0.362,11.518952,2.986477,28.827454,0.818909,0.8
0.363,11.524367,2.935365,28.830008,0.818409,0.8
0.364,11.504155,2.966838,28.830047,0.817909,0.8
0.365,11.514669,3.016108,28.832484,0.817409,0.8
0.366,11.511195,3.120494,28.834565,0.816908,0.8
0.367,11.521111,3.122969,28.835765,0.816408,0.8
0.368,11.505202,3.182282,28.836835,0.815908,0.8
0.369,11.49268,3.21111,28.838718,0.815408,0.8
0.37,11.481068,3.265316,28.83917,0.814907,0.8
0.371,11.486285,3.293117,28.840549,0.814407,0.8
0.372,11.463878,3.462999,28.840544,0.813907,0.8
0.373,11.470665,3.367385,28.843095,0.813407,0.8
0.374,11.470953,3.426678,28.845587,0.812906,0.8
0.375,11.445866,3.567261,28.848063,0.812406,0.8
0.376,11.459509,3.505561,28.849262,0.811906,0.8
0.377,11.453444,3.483887,28.850171,0.811406,0.8
0.378,11.46346,3.654811,28.85193,0.810905,0.8
0.379,11.430839,3.69068,28.854018,0.810405,0.8
0.38,11.445105,3.644879,28.85677,0.809905,0.8
0.381,11.433928,3.751569,28.859176,0.809405,0.8
0.382,11.432214,3.862928,28.860506,0.808904,0.8
0.383,11.441307,3.750566,28.861586,0.808404,0.8
0.384,11.434833,3.863314,28.863079,0.807904,0.8
0.385,11.413856,3.962677,28.864183,0.807404,0.8
0.386,11.422052,3.928613,28.865235,0.806903,0.8
0.387,11.42975,3.99309,28.868402,0.806403,0.8
0.388,11.425875,4.004619,28.871248,0.805903,0.8
0.389,11.405103,4.131961,28.873302,0.805403,0.8
0.39,11.400628,4.207783,28.876554,0.804902,0.8
0.391,11.396898,4.1541,28.878128,0.804402,0.8
0.392,11.393359,4.235076,28.88081,0.803902,0.8
0.393,11.387234,4.26443,28.884152,0.803402,0.8
0.394,11.393066,4.346054,28.886791,0.802901,0.8
0.395,11.393387,4.284116,28.888451,0.802401,0.8
0.396,11.38264,4.41084,28.892784,0.801901,0.8
0.397,11.372602,4.421774,28.893277,0.801401,0.8
0.398,11.360069,4.504478,28.896338,0.8009,0.8
0.399,11.368214,4.478656,28.899509,0.8004,0.8
0.4,11.336748,4.653795,28.903543,0.7999,0.8
0.401,11.348308,4.546165,28.90483,0.7994,0.8
0.402,11.339563,4.745439,28.908065,0.798899,0.8
0.403,11.353218,4.669524,28.911921,0.798399,0.8
0.404,11.340077,4.815458,28.915219,0.797899,0.8
0.405,11.348038,4.771855,28.918464,0.797399,0.8
0.406,11.317389,4.918093,28.920259,0.796898,0.8
0.407,11.331406,4.906426,28.922701,0.796398,0.8
0.408,11.311301,4.981916,28.925847,0.795898,0.8
0.409,11.327022,5.012632,28.92898,0.795398,0.8
0.41,11.321396,4.93693,28.932554,0.794897,0.8
0.411,11.313205,5.088947,28.936094,0.794397,0.8
0.412,11.31403,5.179278,28.938145,0.793897,0.8
0.413,11.291259,5.144038,28.939318,0.793397,0.8
0.414,11.300273,5.144461,28.941753,0.792896,0.8
0.415,11.29313,5.128599,28.946604,0.792396,0.8
0.416,11.288707,5.291454,28.950164,0.791896,0.8
0.417,11.286604,5.302996,28.954408,0.791396,0.8
0.418,11.256995,5.468003,28.956819,0.790895,0.8
0.419,11.276017,5.401557,28.960704,0.790395,0.8
0.42,11.271239,5.315038,28.96444,0.789895,0.8
0.421,11.268647,5.427577,28.967127,0.789395,0.8
0.422,11.257881,5.483373,28.969735,0.788894,0.8
0.423,11.262412,5.558884,28.97438,0.788394,0.8
0.424,11.266602,5.54542,28.980616,0.787894,0.8
0.425,11.251367,5.563622,28.985162,0.787394,0.8
0.426,11.25335,5.644118,28.991612,0.786893,0.8
0.427,11.245183,5.701593,28.995152,0.786393,0.8
0.428,11.241615,5.667701,28.999282,0.785893,0.8
0.429,11.252967,5.699329,29.002493,0.785393,0.8
0.43,11.249468,5.765668,29.006089,0.784892,0.8
0.431,11.233129,5.828217,29.009021,0.784392,0.8
0.432,11.229197,5.855567,29.01451,0.783892,0.8
0.433,11.234684,5.915395,29.018967,0.783392,0.8
0.434,11.21596,5.881327,29.023404,0.782891,0.8
0.435,11.204183,6.045424,29.028662,0.782391,0.8
0.436,11.217032,6.048367,29.034733,0.781891,0.8
0.437,11.207825,6.057975,29.039564,0.781391,0.8
0.438,11.206662,6.084143,29.043795,0.78089,0.8
0.439,11.210228,6.079694,29.048335,0.78039,0.8
0.44,11.191912,6.096882,29.05175,0.77989,0.8
0.441,11.196368,6.094057,29.05626,0.77939,0.8
0.442,11.185842,6.209225,29.059971,0.778889,0.8
0.443,11.212244,6.119751,29.064925,0.778389,0.8
0.444,11.195235,6.169026,29.069003,0.777889,0.8
0.445,11.193048,6.121083,29.074247,0.777389,0.8
0.446,11.188389,6.261811,29.078222,0.776888,0.8
0.447,11.183926,6.188736,29.082402,0.776388,0.8
0.448,11.166578,6.257276,29.086755,0.775888,0.8
0.449,11.174504,6.335274,29.092016,0.775388,0.8
0.45,11.170924,6.362014,29.097849,0.774887,0.8
0.451,11.182314,6.346019,29.101606,0.774387,0.8
0.452,11.155922,6.388538,29.106207,0.773887,0.8
0.453,11.173523,6.334633,29.112012,0.773387,0.8
0.454,11.167814,6.445187,29.11708,0.772886,0.8
0.455,11.152344,6.441042,29.122394,0.772386,0.8
0.456,11.16187,6.397657,29.128681,0.771886,0.8
0.457,11.161629,6.529779,29.133948,0.771386,0.8
0.458,11.152592,6.407815,29.137958,0.770885,0.8
0.459,11.152181,6.553319,29.142905,0.770385,0.8
0.46,11.153028,6.509069,29.149709,0.769885,0.8
0.461,11.152081,6.456878,29.153812,0.769385,0.8
0.462,11.132996,6.440411,29.158541,0.768884,0.8
0.463,11.157526,6.485734,29.164329,0.768384,0.8
0.464,11.156997,6.386172,29.168523,0.767884,0.8
0.465,11.134647,6.449255,29.174235,0.767384,0.8
0.466,11.14597,6.532251,29.180889,0.766883,0.8
0.467,11.135837,6.47122,29.187852,0.766383,0.8
0.468,11.139051,6.5327,29.192312,0.765883,0.8
0.469,11.144129,6.456985,29.198162,0.765383,0.8
0.47,11.131579,6.483937,29.203641,0.764882,0.8
0.471,11.124467,6.431396,29.210233,0.764382,0.8
0.472,11.132515,6.460485,29.215249,0.763882,0.8
0.473,11.134365,6.441106,29.22099,0.763382,0.8
0.474,11.141069,6.510348,29.225155,0.762881,0.8
0.475,11.116583,6.484968,29.230141,0.762381,0.8
0.476,11.140659,6.445418,29.234852,0.761881,0.8
0.477,11.128413,6.444342,29.239793,0.761381,0.8
0.478,11.12173,6.499891,29.245287,0.76088,0.8
0.479,11.114258,6.505124,29.251199,0.76038,0.8
0.48,11.11902,6.494928,29.257485,0.75988,0.8
0.481,11.112611,6.485211,29.260456,0.75938,0.8
0.482,11.123693,6.456135,29.265727,0.758879,0.8
0.483,11.119522,6.468351,29.270134,0.758379,0.8
0.484,11.11598,6.354302,29.275559,0.757879,0.8
0.485,11.110434,6.464186,29.279648,0.757379,0.8
0.486,11.134744,6.303208,29.284097,0.756878,0.8
0.487,11.126313,6.465054,29.290159,0.756378,0.8
0.488,11.11031,6.335658,29.294344,0.755878,0.8
0.489,11.110639,6.392075,29.301404,0.755378,0.8
0.49,11.123187,6.338206,29.306334,0.754877,0.8
0.491,11.102559,6.407836,29.311829,0.754377,0.8
0.492,11.127752,6.311618,29.316357,0.753877,0.8
0.493,11.121056,6.326163,29.320387,0.753377,0.8
0.494,11.098157,6.291139,29.326131,0.752876,0.8
0.495,11.123535,6.2398,29.331988,0.752376,0.8
0.496,11.131002,6.176148,29.336501,0.751876,0.8
0.497,11.109615,6.144849,29.341883,0.751376,0.8
0.498,11.10391,6.285708,29.347521,0.750875,0.8
0.499,11.118115,6.202355,29.351573,0.750375,0.8
0.5,11.114565,6.22138,29.356318,0.749875,0.8
0.501,11.104561,6.05707,29.360846,0.749375,0.8
0.502,11.100107,6.139866,29.365451,0.748874,0.8
0.503,11.104683,6.026479,29.370172,0.748374,0.8
0.504,11.111632,6.089995,29.373911,0.747874,0.8
0.505,11.101134,6.068406,29.379102,0.747374,0.8
0.506,11.119482,5.934091,29.385404,0.746873,0.8
0.507,11.112273,5.879194,29.389491,0.746373,0.8
0.508,11.111715,5.901246,29.394256,0.745873,0.8
0.509,11.11955,5.918919,29.399632,0.745373,0.8
0.51,11.128357,5.852339,29.404119,0.744872,0.8
0.511,11.119864,5.741449,29.408005,0.744372,0.8
0.512,11.128781,5.726267,29.4121,0.743872,0.8
0.513,11.108812,5.647014,29.41434,0.743372,0.8
0.514,11.12466,5.727804,29.418827,0.742871,0.8
0.515,11.111311,5.699891,29.421343,0.742371,0.8
0.516,11.115473,5.751374,29.425677,0.741871,0.8
0.517,11.121935,5.662799,29.429941,0.741371,0.8
0.518,11.126953,5.61654,29.434577,0.74087,0.8
0.519,11.132035,5.485108,29.438836,0.74037,0.8
0.52,11.11682,5.539428,29.441881,0.73987,0.8
0.521,11.130917,5.408498,29.445172,0.73937,0.8
0.522,11.127992,5.445978,29.44935,0.738869,0.8
0.523,11.125076,5.404545,29.452629,0.738369,0.8
0.524,11.126184,5.377609,29.45514,0.737869,0.8
0.525,11.122675,5.426967,29.457654,0.737369,0.8
0.526,11.124812,5.215936,29.460045,0.736868,0.8
0.527,11.138085,5.286232,29.463502,0.736368,0.8
0.528,11.135157,5.225034,29.466624,0.735868,0.8
0.529,11.11971,5.230589,29.470585,0.735368,0.8
0.53,11.127494,5.149238,29.475185,0.734867,0.8
0.531,11.14125,5.0243,29.478253,0.734367,0.8
0.532,11.149056,4.971739,29.481612,0.733867,0.8
0.533,11.123392,5.038149,29.484539,0.733367,0.8
0.534,11.144752,4.929166,29.48728,0.732866,0.8
0.535,11.143813,4.828966,29.491071,0.732366,0.8
0.536,11.148326,4.882747,29.492589,0.731866,0.8
0.537,11.138763,4.777331,29.494866,0.731366,0.8
0.538,11.135939,4.849361,29.496869,0.730865,0.8
0.539,11.139642,4.703941,29.49805,0.730365,0.8
0.54,11.152477,4.695305,29.5005,0.729865,0.8
0.541,11.135237,4.692992,29.502472,0.729365,0.8
0.542,11.161189,4.573852,29.504979,0.728864,0.8
0.543,11.141938,4.611011,29.505629,0.728364,0.8
0.544,11.159819,4.461847,29.50753,0.727864,0.8
0.545,11.147025,4.439803,29.509784,0.727364,0.8
0.546,11.135517,4.534746,29.512106,0.726863,0.8
0.547,11.152436,4.371867,29.512574,0.726363,0.8
0.548,11.151986,4.367573,29.514393,0.725863,0.8
0.549,11.152762,4.314852,29.516591,0.725363,0.8
0.55,11.172444,4.254532,29.518937,0.724862,0.8
0.551,11.144048,4.219826,29.52238,0.724362,0.8
0.552,11.176433,4.120067,29.524562,0.723862,0.8
0.553,11.162714,4.09982,29.526544,0.723362,0.8
0.554,11.164706,4.087737,29.528587,0.722861,0.8
0.555,11.160852,4.018942,29.530548,0.722361,0.8
0.556,11.159432,3.992643,29.53169,0.721861,0.8
0.557,11.179716,3.933832,29.531563,0.721361,0.8
0.558,11.185455,3.961322,29.534766,0.72086,0.8
0.559,11.18648,3.801213,29.536571,0.72036,0.8
0.56,11.174078,3.782563,29.538266,0.71986,0.8
0.561,11.17567,3.73512,29.541227,0.71936,0.8
0.562,11.179646,3.737835,29.542541,0.718859,0.8
0.563,11.170803,3.67772,29.545622,0.718359,0.8
0.564,11.183847,3.666084,29.545657,0.717859,0.8
0.565,11.181374,3.559382,29.547274,0.717359,0.8
0.566,11.170889,3.551466,29.549858,0.716858,0.8
0.567,11.194396,3.53066,29.550812,0.716358,0.8
0.568,11.19503,3.468084,29.551744,0.715858,0.8
0.569,11.175855,3.384676,29.552307,0.715358,0.8
0.57,11.192311,3.226259,29.553754,0.714857,0.8
0.571,11.201042,3.257674,29.554775,0.714357,0.8
0.572,11.200072,3.279945,29.556494,0.713857,0.8
0.573,11.190649,3.223671,29.556808,0.713357,0.8
0.574,11.176736,3.21677,29.557427,0.712856,0.8
0.575,11.192625,3.113001,29.558093,0.712356,0.8
0.576,11.185913,3.102398,29.560031,0.711856,0.8
0.577,11.207165,3.015386,29.559751,0.711356,0.8
0.578,11.224645,2.933156,29.561739,0.710855,0.8
0.579,11.214571,2.982607,29.562554,0.710355,0.8
0.58,11.195953,3.029678,29.56189,0.709855,0.8
0.581,11.191218,2.942045,29.562946,0.709355,0.8
0.582,11.19177,2.945758,29.564943,0.708854,0.8
0.583,11.198784,2.890508,29.56412,0.708354,0.8
0.584,11.216819,2.754481,29.563964,0.707854,0.8
0.585,11.212046,2.760494,29.564981,0.707354,0.8
0.586,11.211689,2.747213,29.566068,0.706853,0.8
0.587,11.194372,2.751174,29.568168,0.706353,0.8
0.588,11.209297,2.676845,29.568321,0.705853,0.8
0.589,11.20608,2.681699,29.569123,0.705353,0.8
0.59,11.208147,2.676197,29.571463,0.704852,0.8
0.591,11.216567,2.573084,29.573191,0.704352,0.8
0.592,11.204754,2.506318,29.573769,0.703852,0.8
0.593,11.209688,2.586041,29.57558,0.703352,0.8
0.594,11.20624,2.487514,29.57694,0.702851,0.8
0.595,11.206484,2.466537,29.57711,0.702351,0.8
0.596,11.211628,2.486963,29.579712,0.701851,0.8
0.597,11.213918,2.393351,29.58109,0.701351,0.8
0.598,11.213693,2.369244,29.58116,0.70085,0.8
0.599,11.204198,2.434196,29.582817,0.70035,0.8
0.6,11.203437,2.323199,29.58555,0.69985,0.8
0.601,11.206938,2.363534,29.585371,0.69935,0.8
0.602,11.225537,2.318573,29.585984,0.698849,0.8
0.603,11.205172,2.248961,29.585202,0.698349,0.8
0.604,11.204587,2.210539,29.585074,0.697849,0.8
0.605,11.203194,2.281378,29.58567,0.697349,0.8
0.606,11.207618,2.125157,29.586797,0.696848,0.8
0.607,11.206096,2.157556,29.58625,0.696348,0.8
0.608,11.221082,2.253428,29.58836,0.695848,0.8
0.609,11.215492,2.146172,29.588617,0.695348,0.8
0.61,11.210101,2.095801,29.588347,0.694847,0.8
0.611,11.209615,2.096895,29.589742,0.694347,0.8
0.612,11.207206,2.151376,29.589772,0.693847,0.8
0.613,11.196306,2.109344,29.589731,0.693347,0.8
0.614,11.20019,2.08288,29.590603,0.692846,0.8
0.615,11.214476,2.105531,29.591479,0.692346,0.8
0.616,11.200359,2.09525,29.594912,0.691846,0.8
0.617,11.203318,2.159513,29.59356,0.691346,0.8
0.618,11.186022,2.145149,29.595293,0.690845,0.8
0.619,11.207048,1.997936,29.595029,0.690345,0.8
0.62,11.200703,2.021123,29.59475,0.689845,0.8
0.621,11.196503,2.022348,29.595354,0.689345,0.8
0.622,11.204417,1.914473,29.595224,0.688844,0.8
0.623,11.203362,1.969778,29.595321,0.688344,0.8
0.624,11.210542,1.955346,29.59631,0.687844,0.8
0.625,11.206432,2.002123,29.596178,0.687344,0.8
0.626,11.200985,2.017594,29.596855,0.686843,0.8
0.627,11.186096,2.126998,29.597764,0.686343,0.8
0.628,11.190472,2.063599,29.59853,0.685843,0.8
0.629,11.186362,2.005608,29.597189,0.685343,0.8
0.63,11.185284,2.028533,29.59654,0.684842,0.8
0.631,11.181209,1.969252,29.598363,0.684342,0.8
0.632,11.193365,2.051961,29.599156,0.683842,0.8
0.633,11.1836,2.053568,29.598454,0.683342,0.8
0.634,11.181811,2.001978,29.600188,0.682841,0.8
0.635,11.174806,1.985891,29.600207,0.682341,0.8
0.636,11.172951,2.08414,29.601409,0.681841,0.8
0.637,11.171452,2.092266,29.601901,0.681341,0.8
0.638,11.169224,2.040172,29.602981,0.68084,0.8
0.639,11.175686,2.055382,29.603868,0.68034,0.8
0.64,11.161379,2.05148,29.603681,0.67984,0.8
0.641,11.163929,2.080499,29.603518,0.67934,0.8
0.642,11.175149,2.089202,29.605311,0.678839,0.8
0.643,11.163554,2.076686,29.604998,0.678339,0.8
0.644,11.170446,2.179434,29.606196,0.677839,0.8
0.645,11.152836,2.117015,29.606012,0.677339,0.8
0.646,11.149012,2.13617,29.604226,0.676838,0.8
0.647,11.163167,2.115291,29.605327,0.676338,0.8
0.648,11.152405,2.248887,29.604326,0.675838,0.8
0.649,11.144181,2.220875,29.605925,0.675338,0.8
0.65,11.147209,2.161203,29.607457,0.674837,0.8
0.651,11.13829,2.247069,29.607313,0.674337,0.8
0.652,11.14828,2.291066,29.609077,0.673837,0.8
0.653,11.134406,2.270933,29.608278,0.673337,0.8
0.654,11.126212,2.269632,29.606986,0.672836,0.8
0.655,11.118958,2.24739,29.608705,0.672336,0.8
0.656,11.125478,2.404117,29.609636,0.671836,0.8
0.657,11.127047,2.374369,29.609967,0.671336,0.8
0.658,11.129233,2.355799,29.610487,0.670835,0.8
0.659,11.115085,2.359765,29.613203,0.670335,0.8
0.66,11.123685,2.522955,29.616513,0.669835,0.8
0.661,11.123775,2.440433,29.616954,0.669335,0.8
0.662,11.119853,2.463624,29.61773,0.668834,0.8
0.663,11.105292,2.44658,29.616231,0.668334,0.8
0.664,11.106517,2.556556,29.618633,0.667834,0.8
0.665,11.110152,2.639884,29.619352,0.667334,0.8
0.666,11.114327,2.517668,29.618986,0.666833,0.8
0.667,11.073165,2.713301,29.620225,0.666333,0.8
0.668,11.094827,2.622108,29.620643,0.665833,0.8
0.669,11.073727,2.722189,29.620685,0.665333,0.8
0.67,11.098304,2.648361,29.620232,0.664832,0.8
0.671,11.072095,2.791529,29.619467,0.664332,0.8
0.672,11.073136,2.741394,29.620441,0.663832,0.8
0.673,11.078679,2.826552,29.621402,0.663332,0.8
0.674,11.060389,2.889896,29.622003,0.662831,0.8
0.675,11.066992,2.894329,29.622914,0.662331,0.8
0.676,11.042401,3.026764,29.624967,0.661831,0.8
0.677,11.064598,2.947927,29.625711,0.661331,0.8
0.678,11.054257,2.996326,29.62604,0.66083,0.8
0.679,11.057359,3.013337,29.62644,0.66033,0.8
0.68,11.024285,3.129612,29.627942,0.65983,0.8
0.681,11.041499,3.153768,29.628736,0.65933,0.8
0.682,11.036859,3.18276,29.627254,0.658829,0.8
0.683,11.027976,3.206419,29.629449,0.658329,0.8
0.684,11.024253,3.243446,29.630374,0.657829,0.8
0.685,11.024448,3.217416,29.631481,0.657329,0.8
0.686,11.016272,3.323093,29.632721,0.656828,0.8
0.687,11.0227,3.405071,29.634037,0.656328,0.8
0.688,11.013909,3.361247,29.636117,0.655828,0.8
0.689,11.0052,3.514268,29.636652,0.655328,0.8
0.69,10.996561,3.523576,29.638717,0.654827,0.8
0.691,11.001085,3.54692,29.639657,0.654327,0.8
0.692,10.984791,3.556241,29.639519,0.653827,0.8
0.693,10.983317,3.617007,29.642486,0.653327,0.8
0.694,10.962662,3.744923,29.645966,0.652826,0.8
0.695,10.980976,3.789238,29.649814,0.652326,0.8
0.696,10.981431,3.867668,29.651766,0.651826,0.8
0.697,10.9787,3.809539,29.652939,0.651326,0.8
0.698,10.954464,3.843838,29.654308,0.650825,0.8
0.699,10.960372,3.908771,29.656697,0.650325,0.8
0.7,10.952507,4.061002,29.65809,0.649825,0.8
0.701,10.967013,3.939583,29.65925,0.649325,0.8
0.702,10.953248,4.061938,29.662155,0.648824,0.8
0.703,10.951598,4.028406,29.664346,0.648324,0.8
0.704,10.936001,4.065409,29.667095,0.647824,0.8
0.705,10.933007,4.269115,29.66898,0.647324,0.8
0.706,10.945382,4.107838,29.671845,0.646823,0.8
0.707,10.927467,4.292878,29.674917,0.646323,0.8
0.708,10.941276,4.268388,29.677848,0.645823,0.8
0.709,10.912918,4.44971,29.678957,0.645323,0.8
0.71,10.917054,4.374054,29.682584,0.644822,0.8
0.711,10.900835,4.453705,29.68373,0.644322,0.8
0.712,10.917264,4.434572,29.685758,0.643822,0.8
0.713,10.89222,4.504376,29.689242,0.643322,0.8
0.714,10.89232,4.631463,29.693359,0.642821,0.8
0.715,10.892574,4.655679,29.696738,0.642321,0.8
0.716,10.897687,4.599438,29.700879,0.641821,0.8
0.717,10.877817,4.703177,29.70322,0.641321,0.8
0.718,10.875508,4.8031,29.70574,0.64082,0.8
0.719,10.874984,4.807945,29.708604,0.64032,0.8
0.72,10.857244,4.866729,29.713557,0.63982,0.8
0.721,10.86285,4.854198,29.717608,0.63932,0.8
0.722,10.866708,4.944509,29.721343,0.638819,0.8
0.723,10.857467,4.850291,29.72443,0.638319,0.8
0.724,10.856844,4.952732,29.727776,0.637819,0.8
0.725,10.844377,5.044649,29.730173,0.637319,0.8
0.726,10.833016,5.107396,29.733883,0.636818,0.8
0.727,10.836151,5.156676,29.737639,0.636318,0.8
0.728,10.841072,5.148309,29.740158,0.635818,0.8
0.729,10.835618,5.197405,29.743481,0.635318,0.8
0.73,10.838818,5.24721,29.746053,0.634817,0.8
0.731,10.830895,5.24143,29.748213,0.634317,0.8
0.732,10.82124,5.326205,29.752183,0.633817,0.8
0.733,10.815876,5.333188,29.756348,0.633317,0.8
0.734,10.813377,5.408097,29.760782,0.632816,0.8
0.735,10.801642,5.486247,29.764586,0.632316,0.8
0.736,10.814752,5.407075,29.768404,0.631816,0.8
0.737,10.788048,5.631665,29.770718,0.631316,0.8
0.738,10.800572,5.486103,29.775129,0.630815,0.8
0.739,10.798152,5.598847,29.779683,0.630315,0.8
0.74,10.786882,5.636185,29.784839,0.629815,0.8
0.741,10.799665,5.619032,29.789167,0.629315,0.8
0.742,10.784912,5.64211,29.794168,0.628814,0.8
0.743,10.775086,5.76129,29.799659,0.628314,0.8
0.744,10.776526,5.815312,29.803615,0.627814,0.8
0.745,10.772337,5.789916,29.808018,0.627314,0.8
0.746,10.74839,5.946794,29.812435,0.626813,0.8
0.747,10.771196,5.831552,29.817117,0.626313,0.8
0.748,10.741952,5.922728,29.821977,0.625813,0.8
0.749,10.745896,5.884512,29.827548,0.625313,0.8
0.75,10.75004,6.04074,29.832665,0.624812,0.8
0.751,10.74746,5.936346,29.836512,0.624312,0.8
0.752,10.734906,6.020033,29.841864,0.623812,0.8
0.753,10.740931,6.072453,29.846727,0.623312,0.8
0.754,10.742027,6.138077,29.85268,0.622811,0.8
0.755,10.734661,6.142613,29.858336,0.622311,0.8
0.756,10.733465,6.171786,29.861131,0.621811,0.8
0.757,10.742744,6.079302,29.863863,0.621311,0.8
0.758,10.719357,6.123783,29.866383,0.62081,0.8
0.759,10.725303,6.2119,29.870777,0.62031,0.8
0.76,10.701251,6.280482,29.875305,0.61981,0.8
0.761,10.734117,6.204376,29.880288,0.61931,0.8
0.762,10.712778,6.277591,29.884636,0.618809,0.8
0.763,10.716229,6.310821,29.891542,0.618309,0.8
0.764,10.705028,6.217094,29.895817,0.617809,0.8
0.765,10.696102,6.388537,29.902319,0.617309,0.8
0.766,10.711751,6.256822,29.907402,0.616808,0.8
0.767,10.708565,6.289564,29.912041,0.616308,0.8
0.768,10.702492,6.398979,29.916977,0.615808,0.8
0.769,10.708108,6.382953,29.921416,0.615308,0.8
0.77,10.699008,6.370481,29.927061,0.614807,0.8
0.771,10.692778,6.315114,29.931644,0.614307,0.8
0.772,10.686367,6.48288,29.935392,0.613807,0.8
0.773,10.690442,6.486892,29.939788,0.613307,0.8
0.774,10.681243,6.474606,29.945822,0.612806,0.8
0.775,10.678029,6.541939,29.949655,0.612306,0.8
0.776,10.680447,6.415163,29.954839,0.611806,0.8
0.777,10.68042,6.428326,29.958828,0.611306,0.8
0.778,10.676443,6.447543,29.964807,0.610805,0.8
0.779,10.671401,6.387543,29.969721,0.610305,0.8
0.78,10.676666,6.443225,29.976555,0.609805,0.8
0.781,10.663693,6.428718,29.981764,0.609305,0.8
0.782,10.670454,6.461167,29.98813,0.608804,0.8
0.783,10.658121,6.53131,29.993168,0.608304,0.8
0.784,10.655958,6.427862,29.996614,0.607804,0.8
0.785,10.665082,6.403659,30.002007,0.607304,0.8
0.786,10.660636,6.513485,30.007915,0.606803,0.8
0.787,10.670614,6.409093,30.013594,0.606303,0.8
0.788,10.656309,6.542918,30.019177,0.605803,0.8
0.789,10.640592,6.523233,30.024816,0.605303,0.8
0.79,10.655905,6.453943,30.029661,0.604802,0.8
0.791,10.663093,6.492361,30.035692,0.604302,0.8
0.792,10.648374,6.535455,30.043244,0.603802,0.8
0.793,10.650003,6.54956,30.04824,0.603302,0.8
0.794,10.640596,6.442935,30.053279,0.602801,0.8
0.795,10.65855,6.44546,30.056792,0.602301,0.8
0.796,10.662386,6.496247,30.062378,0.601801,0.8
0.797,10.66382,6.397796,30.06746,0.601301,0.8
0.798,10.651617,6.360437,30.071947,0.6008,0.8
0.799,10.641577,6.464158,30.076583,0.6003,0.8
0.8,10.645524,6.342463,30.081448,0.5998,0.8
0.801,10.632263,6.422756,30.084571,0.5993,0.8
0.802,10.638112,6.407063,30.091258,0.598799,0.8
0.803,10.649094,6.322712,30.095804,0.598299,0.8
0.804,10.635666,6.322399,30.102297,0.597799,0.8
0.805,10.646391,6.334919,30.108821,0.597299,0.8
0.806,10.641476,6.359947,30.113006,0.596798,0.8
0.807,10.657152,6.202478,30.118506,0.596298,0.8
0.808,10.658693,6.257338,30.121641,0.595798,0.8
0.809,10.632642,6.273057,30.127155,0.595298,0.8
0.81,10.647282,6.258371,30.130517,0.594797,0.8
0.811,10.63708,6.255639,30.135251,0.594297,0.8
0.812,10.650944,6.239717,30.140132,0.593797,0.8
0.813,10.63534,6.12903,30.14406,0.593297,0.8
0.814,10.636345,6.143763,30.1499,0.592796,0.8
0.815,10.642906,6.142348,30.154637,0.592296,0.8
0.816,10.637882,6.068074,30.158139,0.591796,0.8
0.817,10.644415,5.99621,30.162206,0.591296,0.8
0.818,10.637679,6.044461,30.166775,0.590795,0.8
0.819,10.638047,5.999646,30.173308,0.590295,0.8
0.82,10.636152,6.018492,30.177071,0.589795,0.8
0.821,10.65245,5.9194,30.18211,0.589295,0.8
0.822,10.642007,5.89263,30.184258,0.588794,0.8
0.823,10.637833,5.949191,30.189404,0.588294,0.8
0.824,10.652312,5.788232,30.195122,0.587794,0.8
0.825,10.650421,5.828598,30.201562,0.587294,0.8
0.826,10.651192,5.773742,30.204386,0.586793,0.8
0.827,10.654408,5.799889,30.209333,0.586293,0.8
0.828,10.658115,5.706334,30.214808,0.585793,0.8
0.829,10.639392,5.734058,30.218523,0.585293,0.8
0.83,10.661157,5.672034,30.222582,0.584792,0.8
0.831,10.640606,5.634195,30.226419,0.584292,0.8
0.832,10.658906,5.548676,30.230289,0.583792,0.8
0.833,10.64767,5.57956,30.233756,0.583292,0.8
0.834,10.669441,5.330902,30.237283,0.582791,0.8
0.835,10.665608,5.491754,30.240769,0.582291,0.8
0.836,10.638747,5.503694,30.246262,0.581791,0.8
0.837,10.658514,5.404219,30.250237,0.581291,0.8
0.838,10.659661,5.371904,30.253216,0.58079,0.8
0.839,10.667495,5.30761,30.255824,0.58029,0.8
0.84,10.6567,5.2726,30.257823,0.57979,0.8
0.841,10.645528,5.331973,30.260227,0.57929,0.8
0.842,10.659134,5.170231,30.264642,0.578789,0.8
0.843,10.66363,5.147618,30.268723,0.578289,0.8
0.844,10.655402,5.14013,30.273655,0.577789,0.8
0.845,10.666151,5.058229,30.276757,0.577289,0.8
0.846,10.661502,4.985827,30.280573,0.576788,0.8
0.847,10.658408,5.120539,30.284302,0.576288,0.8
0.848,10.687636,4.901631,30.286822,0.575788,0.8
0.849,10.657614,4.963608,30.289975,0.575288,0.8
0.85,10.662416,4.83919,30.293813,0.574787,0.8
0.851,10.649912,4.890749,30.298125,0.574287,0.8
0.852,10.650221,4.870637,30.299013,0.573787,0.8
0.853,10.663398,4.747598,30.302947,0.573287,0.8
0.854,10.677311,4.726333,30.306107,0.572786,0.8
0.855,10.673935,4.638142,30.307883,0.572286,0.8
0.856,10.675399,4.665969,30.310902,0.571786,0.8
0.857,10.683409,4.530451,30.31405,0.571286,0.8
0.858,10.669607,4.530704,30.317677,0.570785,0.8
0.859,10.681676,4.433911,30.318758,0.570285,0.8
0.86,10.680764,4.489165,30.319525,0.569785,0.8
0.861,10.683775,4.308959,30.322272,0.569285,0.8
0.862,10.685933,4.278898,30.325289,0.568784,0.8
0.863,10.68722,4.360673,30.327329,0.568284,0.8
0.864,10.676084,4.228379,30.330154,0.567784,0.8
0.865,10.684682,4.179922,30.33357,0.567284,0.8
0.866,10.682419,4.171072,30.334241,0.566783,0.8
0.867,10.677583,4.122928,30.335182,0.566283,0.8
0.868,10.6944,4.064372,30.337059,0.565783,0.8
0.869,10.701882,4.03124,30.339027,0.565283,0.8
0.87,10.696028,3.973478,30.342779,0.564782,0.8
0.871,10.696518,3.992399,30.343638,0.564282,0.8
0.872,10.690785,3.938849,30.34621,0.563782,0.8
0.873,10.693337,3.927314,30.34791,0.563282,0.8
0.874,10.702297,3.792809,30.348713,0.562781,0.8
0.875,10.706036,3.769909,30.348172,0.562281,0.8
0.876,10.704711,3.692949,30.350047,0.561781,0.8
0.877,10.702236,3.6398,30.352111,0.561281,0.8
0.878,10.710745,3.603789,30.354277,0.56078,0.8
0.879,10.697833,3.654188,30.356192,0.56028,0.8
0.88,10.702547,3.584397,30.357685,0.55978,0.8
0.881,10.718288,3.535223,30.360505,0.55928,0.8
0.882,10.707093,3.543331,30.362134,0.558779,0.8
0.883,10.722787,3.395812,30.36431,0.558279,0.8
0.884,10.716827,3.314781,30.364565,0.557779,0.8
0.885,10.726012,3.237675,30.367153,0.557279,0.8
0.886,10.721036,3.327667,30.3671,0.556778,0.8
0.887,10.710769,3.2167,30.367363,0.556278,0.8
0.888,10.699456,3.277934,30.367975,0.555778,0.8
0.889,10.71515,3.144359,30.369906,0.555278,0.8
0.89,10.713225,3.198972,30.372569,0.554777,0.8
0.891,10.711936,3.160774,30.372534,0.554277,0.8
0.892,10.728438,3.038332,30.374266,0.553777,0.8
0.893,10.714154,3.008505,30.375276,0.553277,0.8
0.894,10.716704,3.022212,30.375523,0.552776,0.8
0.895,10.717253,2.958762,30.375381,0.552276,0.8
0.896,10.700395,2.788808,30.376375,0.551776,0.8
0.897,10.726366,2.900597,30.377897,0.551276,0.8
0.898,10.727418,2.860138,30.378847,0.550775,0.8
0.899,10.718892,2.810359,30.380547,0.550275,0.8
0.9,10.728447,2.702941,30.382196,0.549775,0.8
0.901,10.718003,2.799355,30.38391,0.549275,0.8
0.902,10.726116,2.658252,30.38529,0.548774,0.8
0.903,10.718615,2.70777,30.38709,0.548274,0.8
0.904,10.728951,2.584817,30.386579,0.547774,0.8
0.905,10.724599,2.571343,30.389178,0.547274,0.8
0.906,10.71274,2.654161,30.389271,0.546773,0.8
0.907,10.727986,2.497641,30.389289,0.546273,0.8
0.908,10.71849,2.428271,30.388082,0.545773,0.8
0.909,10.727647,2.464899,30.388856,0.545273,0.8
0.91,10.724402,2.407564,30.390767,0.544772,0.8
0.911,10.735971,2.498417,30.391086,0.544272,0.8
0.912,10.726638,2.356289,30.393109,0.543772,0.8
0.913,10.713114,2.387889,30.394902,0.543272,0.8
0.914,10.724018,2.411112,30.39607,0.542771,0.8
0.915,10.719106,2.385357,30.398995,0.542271,0.8
0.916,10.724257,2.354408,30.399815,0.541771,0.8
0.917,10.727861,2.264167,30.401584,0.541271,0.8
0.918,10.717519,2.306303,30.403174,0.54077,0.8
0.919,10.711454,2.285809,30.404792,0.54027,0.8
0.92,10.734769,2.259757,30.40436,0.53977,0.8
0.921,10.72534,2.165652,30.404967,0.53927,0.8
0.922,10.741577,2.021305,30.40423,0.538769,0.8
0.923,10.72109,2.129287,30.403834,0.538269,0.8
0.924,10.703285,2.181897,30.404143,0.537769,0.8
0.925,10.730187,2.140161,30.405734,0.537269,0.8
0.926,10.716271,2.180821,30.40531,0.536768,0.8
0.927,10.716721,2.092066,30.40513,0.536268,0.8
0.928,10.724914,2.132216,30.408017,0.535768,0.8
0.929,10.708832,2.098879,30.408344,0.535268,0.8
0.93,10.721129,2.008607,30.409486,0.534767,0.8
0.931,10.711731,2.070991,30.408408,0.534267,0.8
0.932,10.715271,2.001682,30.409626,0.533767,0.8
0.933,10.725836,2.009472,30.409382,0.533267,0.8
0.934,10.71468,2.074004,30.410249,0.532766,0.8
0.935,10.706638,2.06603,30.41135,0.532266,0.8
0.936,10.698023,2.112813,30.412034,0.531766,0.8
0.937,10.706763,1.957255,30.412657,0.531266,0.8
0.938,10.719364,2.041892,30.414063,0.530765,0.8
0.939,10.711452,2.017843,30.414633,0.530265,0.8
0.94,10.693266,2.008272,30.414816,0.529765,0.8
0.941,10.699255,2.086996,30.41588,0.529265,0.8
0.942,10.708945,1.947909,30.415083,0.528764,0.8
0.943,10.709939,2.000039,30.416313,0.528264,0.8
0.944,10.69953,1.937228,30.41657,0.527764,0.8
0.945,10.694559,1.957771,30.415962,0.527264,0.8
0.946,10.700247,2.004081,30.415411,0.526763,0.8
0.947,10.683796,1.993155,30.416516,0.526263,0.8
0.948,10.687641,2.0154,30.417207,0.525763,0.8
0.949,10.686426,2.04367,30.416344,0.525263,0.8
0.95,10.692892,1.992039,30.4161,0.524762,0.8
0.951,10.695791,2.067616,30.416863,0.524262,0.8
0.952,10.678047,2.106392,30.41821,0.523762,0.8
0.953,10.689528,2.080662,30.420076,0.523262,0.8
0.954,10.685652,1.986402,30.419354,0.522761,0.8
0.955,10.680666,2.033177,30.421644,0.522261,0.8
0.956,10.665846,2.149543,30.42279,0.521761,0.8
0.957,10.657433,2.208256,30.424796,0.521261,0.8
0.958,10.676388,2.073329,30.425865,0.52076,0.8
0.959,10.671488,2.162565,30.425415,0.52026,0.8
0.96,10.660464,2.135235,30.42615,0.51976,0.8
0.961,10.672019,2.174779,30.425388,0.51926,0.8
0.962,10.675764,2.163333,30.424632,0.518759,0.8
0.963,10.652218,2.180984,30.42638,0.518259,0.8
0.964,10.644375,2.22547,30.42658,0.517759,0.8
0.965,10.669929,2.148078,30.428577,0.517259,0.8
0.966,10.634745,2.266099,30.430188,0.516758,0.8
0.967,10.642697,2.207151,30.430665,0.516258,0.8
0.968,10.637763,2.320625,30.430424,0.515758,0.8
0.969,10.643979,2.309991,30.42924,0.515258,0.8
0.97,10.653122,2.293864,30.430348,0.514757,0.8
0.971,10.634493,2.440305,30.431944,0.514257,0.8
0.972,10.622057,2.482743,30.43226,0.513757,0.8
0.973,10.62295,2.441758,30.431506,0.513257,0.8
0.974,10.618633,2.470056,30.432857,0.512756,0.8
0.975,10.61122,2.520842,30.434609,0.512256,0.8
0.976,10.630383,2.530079,30.435459,0.511756,0.8
0.977,10.618345,2.489017,30.437532,0.511256,0.8
0.978,10.598936,2.614126,30.438042,0.510755,0.8
0.979,10.602719,2.578775,30.438472,0.510255,0.8
0.98,10.616851,2.591383,30.438721,0.509755,0.8
0.981,10.595537,2.710837,30.439385,0.509255,0.8
0.982,10.589058,2.676991,30.439898,0.508754,0.8
0.983,10.579886,2.720238,30.439856,0.508254,0.8
0.984,10.578465,2.792803,30.440904,0.507754,0.8
0.985,10.604071,2.716875,30.443382,0.507254,0.8
0.986,10.591066,2.772549,30.443847,0.506753,0.8
0.987,10.575676,2.895876,30.444052,0.506253,0.8
0.988,10.575898,2.916242,30.444731,0.505753,0.8
0.989,10.572522,2.852056,30.445776,0.505253,0.8
0.99,10.560407,2.902766,30.446621,0.504752,0.8
0.991,10.570431,2.879249,30.447373,0.504252,0.8
0.992,10.556991,2.937904,30.448431,0.503752,0.8
0.993,10.554867,3.021586,30.45028,0.503252,0.8
0.994,10.561062,3.071563,30.451222,0.502751,0.8
0.995,10.55101,3.158601,30.451875,0.502251,0.8
0.996,10.537571,3.25276,30.451912,0.501751,0.8
0.997,10.534177,3.164734,30.452865,0.501251,0.8
0.998,10.522202,3.229973,30.454245,0.50075,0.8
0.999,10.529882,3.354186,30.4566,0.50025,0.8
1.0,10.521842,3.279533,30.456991,0.49975,0.8
1.001,10.505084,3.398445,30.459917,0.49925,0.8
1.002,10.505249,3.330178,30.45998,0.498749,0.8
1.003,10.499521,3.43238,30.459591,0.498249,0.8
1.004,10.499986,3.537909,30.459658,0.497749,0.8
1.005,10.496773,3.524613,30.461687,0.497249,0.8
1.006,10.504148,3.601452,30.464178,0.496748,0.8
1.007,10.489141,3.570833,30.465337,0.496248,0.8
1.008,10.486214,3.63008,30.466194,0.495748,0.8
1.009,10.48814,3.679489,30.468749,0.495248,0.8
1.01,10.470845,3.807806,30.471673,0.494747,0.8
1.011,10.459866,3.875299,30.474406,0.494247,0.8
1.012,10.460543,3.840663,30.476586,0.493747,0.8
1.013,10.465986,3.946981,30.478148,0.493247,0.8
1.014,10.477304,3.933662,30.480061,0.492746,0.8
1.015,10.453677,3.984343,30.48349,0.492246,0.8
1.016,10.466164,3.94662,30.484004,0.491746,0.8
1.017,10.445377,4.085356,30.484874,0.491246,0.8
1.018,10.439662,4.190754,30.48539,0.490745,0.8
1.019,10.42481,4.149501,30.486829,0.490245,0.8
1.02,10.429628,4.250357,30.487935,0.489745,0.8
1.021,10.43843,4.219075,30.491057,0.489245,0.8
1.022,10.422476,4.286823,30.493625,0.488744,0.8
1.023,10.429768,4.286222,30.494863,0.488244,0.8
1.024,10.423839,4.330837,30.498051,0.487744,0.8
1.025,10.426628,4.403052,30.50149,0.487244,0.8
1.026,10.405889,4.45878,30.504183,0.486743,0.8
1.027,10.423177,4.469582,30.507127,0.486243,0.8
1.028,10.388788,4.635361,30.511462,0.485743,0.8
1.029,10.404372,4.606062,30.515248,0.485243,0.8
1.03,10.393355,4.721669,30.517953,0.484742,0.8
1.031,10.381656,4.724203,30.520576,0.484242,0.8
1.032,10.367584,4.754184,30.524533,0.483742,0.8
1.033,10.368715,4.75331,30.527081,0.483242,0.8
1.034,10.369995,4.87478,30.528454,0.482741,0.8
1.035,10.360599,4.960219,30.530113,0.482241,0.8
1.036,10.35319,4.864401,30.533974,0.481741,0.8
1.037,10.355514,4.897427,30.539646,0.481241,0.8
1.038,10.352682,4.978881,30.54322,0.48074,0.8
1.039,10.367826,4.940611,30.546051,0.48024,0.8
1.04,10.344895,5.112115,30.550184,0.47974,0.8
1.041,10.346556,5.096286,30.555512,0.47924,0.8
1.042,10.365867,5.078198,30.559816,0.478739,0.8
1.043,10.323515,5.190466,30.561494,0.478239,0.8
1.044,10.337264,5.186486,30.564507,0.477739,0.8
1.045,10.330133,5.306283,30.568464,0.477239,0.8
1.046,10.327575,5.25068,30.572096,0.476738,0.8
1.047,10.303158,5.293584,30.57582,0.476238,0.8
1.048,10.310365,5.411434,30.578851,0.475738,0.8
1.049,10.316722,5.330787,30.582778,0.475238,0.8
1.05,10.314474,5.475401,30.585712,0.474737,0.8
1.051,10.304596,5.519544,30.590389,0.474237,0.8
1.052,10.298001,5.51866,30.594882,0.473737,0.8
1.053,10.30566,5.576676,30.597552,0.473237,0.8
1.054,10.289871,5.636578,30.600332,0.472736,0.8
1.055,10.282669,5.664778,30.604076,0.472236,0.8
1.056,10.280309,5.636518,30.60909,0.471736,0.8
1.057,10.254123,5.748557,30.613307,0.471236,0.8
1.058,10.262298,5.798666,30.616224,0.470735,0.8
1.059,10.271005,5.807,30.619073,0.470235,0.8
1.06,10.263756,5.86285,30.622472,0.469735,0.8
1.061,10.267602,5.852799,30.625583,0.469235,0.8
1.062,10.280735,5.843373,30.630559,0.468734,0.8
1.063,10.239107,5.924397,30.634085,0.468234,0.8
1.064,10.230815,5.983352,30.639707,0.467734,0.8
1.065,10.259597,5.907432,30.645782,0.467234,0.8
1.066,10.237043,6.057132,30.65088,0.466733,0.8
1.067,10.236551,6.077473,30.655055,0.466233,0.8
1.068,10.2346,6.115387,30.658862,0.465733,0.8
1.069,10.239888,6.037778,30.662984,0.465233,0.8
1.07,10.229716,6.151843,30.666886,0.464732,0.8
1.071,10.219519,6.106086,30.672228,0.464232,0.8
1.072,10.228197,6.17617,30.679191,0.463732,0.8
1.073,10.221378,6.183588,30.684427,0.463232,0.8
1.074,10.212512,6.149479,30.688954,0.462731,0.8
1.075,10.223098,6.152137,30.69393,0.462231,0.8
1.076,10.204388,6.20414,30.697326,0.461731,0.8
1.077,10.195122,6.319612,30.702,0.461231,0.8
1.078,10.210101,6.256156,30.707909,0.46073,0.8
1.079,10.219943,6.282285,30.712981,0.46023,0.8
1.08,10.195273,6.320064,30.718029,0.45973,0.8
1.081,10.209936,6.39312,30.723459,0.45923,0.8
1.082,10.197146,6.309017,30.725781,0.458729,0.8
1.083,10.192207,6.423216,30.731407,0.458229,0.8
1.084,10.178988,6.337788,30.73587,0.457729,0.8
1.085,10.186108,6.362682,30.741903,0.457229,0.8
1.086,10.201812,6.440083,30.746065,0.456728,0.8
1.087,10.18225,6.443088,30.752452,0.456228,0.8
1.088,10.156923,6.520138,30.758445,0.455728,0.8
1.089,10.167572,6.531835,30.764183,0.455228,0.8
1.09,10.159575,6.467875,30.770322,0.454727,0.8
1.091,10.179371,6.539626,30.775829,0.454227,0.8
1.092,10.184454,6.506978,30.781026,0.453727,0.8
1.093,10.173978,6.423996,30.785653,0.453227,0.8
1.094,10.182246,6.514954,30.7921,0.452726,0.8
1.095,10.169252,6.515436,30.796643,0.452226,0.8
1.096,10.154474,6.505987,30.801207,0.451726,0.8
1.097,10.146912,6.502335,30.804641,0.451226,0.8
1.098,10.152637,6.612168,30.810695,0.450725,0.8
1.099,10.156604,6.545298,30.8169,0.450225,0.8
1.1,10.16363,6.515723,30.823038,0.449725,0.8
1.101,10.157198,6.535243,30.827265,0.449225,0.8
1.102,10.15018,6.482046,30.833509,0.448724,0.8
1.103,10.152566,6.547487,30.837864,0.448224,0.8
1.104,10.142928,6.483158,30.843977,0.447724,0.8
1.105,10.138795,6.549751,30.849789,0.447224,0.8
1.106,10.143383,6.518145,30.855609,0.446723,0.8
1.107,10.138926,6.517765,30.861156,0.446223,0.8
1.108,10.158113,6.463651,30.865246,0.445723,0.8
1.109,10.151183,6.412991,30.869389,0.445223,0.8
1.11,10.13899,6.438552,30.876523,0.444722,0.8
1.111,10.131109,6.470797,30.88292,0.444222,0.8
1.112,10.131699,6.480264,30.888104,0.443722,0.8
1.113,10.135434,6.489466,30.889837,0.443222,0.8
1.114,10.122864,6.309797,30.894653,0.442721,0.8
1.115,10.142194,6.397283,30.900347,0.442221,0.8
1.116,10.139831,6.333753,30.905508,0.441721,0.8
1.117,10.151824,6.344036,30.909512,0.441221,0.8
1.118,10.126069,6.363064,30.913225,0.44072,0.8
1.119,10.140423,6.267033,30.916754,0.44022,0.8
1.12,10.144928,6.250911,30.922023,0.43972,0.8
1.121,10.126984,6.349445,30.9274,0.43922,0.8
1.122,10.131309,6.275847,30.933032,0.438719,0.8
1.123,10.132057,6.197176,30.939434,0.438219,0.8
1.124,10.148626,6.205254,30.944174,0.437719,0.8
1.125,10.125784,6.266474,30.947683,0.437219,0.8
1.126,10.127142,6.228605,30.95425,0.436718,0.8
1.127,10.125919,6.200889,30.960036,0.436218,0.8
1.128,10.137545,6.063343,30.965699,0.435718,0.8
1.129,10.128266,6.098724,30.968606,0.435218,0.8
1.13,10.126358,6.167636,30.973834,0.434717,0.8
1.131,10.133005,6.09724,30.979282,0.434217,0.8
1.132,10.131393,6.097997,30.982985,0.433717,0.8
1.133,10.129468,5.975061,30.986806,0.433217,0.8
1.134,10.125746,6.021986,30.992194,0.432716,0.8
1.135,10.147531,5.914553,30.996018,0.432216,0.8
1.136,10.141761,5.911733,31.000685,0.431716,0.8
1.137,10.132106,5.879681,31.005247,0.431216,0.8
1.138,10.126997,5.842968,31.009793,0.430715,0.8
1.139,10.121296,5.749409,31.013005,0.430215,0.8
1.14,10.1299,5.828325,31.019295,0.429715,0.8
1.141,10.119612,5.855948,31.02232,0.429215,0.8
1.142,10.147504,5.676916,31.028035,0.428714,0.8
1.143,10.130634,5.757615,31.03212,0.428214,0.8
1.144,10.133676,5.669668,31.035679,0.427714,0.8
1.145,10.125139,5.653817,31.040069,0.427214,0.8
1.146,10.144578,5.595112,31.045087,0.426713,0.8
1.147,10.133674,5.52434,31.050169,0.426213,0.8
1.148,10.141549,5.53758,31.053887,0.425713,0.8
1.149,10.149209,5.404295,31.057521,0.425213,0.8
1.15,10.137409,5.496849,31.062981,0.424712,0.8
1.151,10.125642,5.489786,31.066138,0.424212,0.8
1.152,10.141753,5.39089,31.068632,0.423712,0.8
1.153,10.143611,5.369074,31.071641,0.423212,0.8
1.154,10.128948,5.374473,31.076565,0.422711,0.8
1.155,10.156482,5.21263,31.077267,0.422211,0.8
1.156,10.152487,5.274546,31.081508,0.421711,0.8
1.157,10.149529,5.11574,31.083638,0.421211,0.8
1.158,10.144965,5.134074,31.087508,0.42071,0.8
1.159,10.133824,5.074415,31.091193,0.42021,0.8
1.16,10.135853,5.019961,31.094367,0.41971,0.8
1.161,10.149186,5.042899,31.097346,0.41921,0.8
1.162,10.155478,4.968687,31.098975,0.418709,0.8
1.163,10.141432,4.93933,31.102218,0.418209,0.8
1.164,10.158392,4.981322,31.105228,0.417709,0.8
1.165,10.139732,4.882225,31.108631,0.417209,0.8
1.166,10.158943,4.770505,31.110607,0.416708,0.8
1.167,10.160535,4.754115,31.111577,0.416208,0.8
1.168,10.146026,4.780157,31.112678,0.415708,0.8
1.169,10.144784,4.686785,31.114015,0.415208,0.8
1.17,10.163383,4.5433,31.116726,0.414707,0.8
1.171,10.155775,4.575089,31.11879,0.414207,0.8
1.172,10.158628,4.556784,31.1196,0.413707,0.8
1.173,10.149491,4.456914,31.12258,0.413207,0.8
1.174,10.146641,4.465012,31.124627,0.412706,0.8
1.175,10.165321,4.360259,31.12843,0.412206,0.8
1.176,10.177163,4.317283,31.130709,0.411706,0.8
1.177,10.166525,4.249049,31.13381,0.411206,0.8
1.178,10.17519,4.184538,31.135032,0.410705,0.8
1.179,10.168627,4.257677,31.136763,0.410205,0.8
1.18,10.172477,4.194796,31.13875,0.409705,0.8
1.181,10.17264,4.091421,31.140082,0.409205,0.8
1.182,10.175828,4.105287,31.142315,0.408704,0.8
1.183,10.174996,3.998183,31.143073,0.408204,0.8
1.184,10.184145,3.991362,31.145533,0.407704,0.8
1.185,10.183381,3.877925,31.146525,0.407204,0.8
1.186,10.170574,3.863106,31.147932,0.406703,0.8
1.187,10.171677,3.830107,31.149319,0.406203,0.8
1.188,10.177103,3.832826,31.151011,0.405703,0.8
1.189,10.193894,3.762292,31.151882,0.405203,0.8
1.19,10.175464,3.727762,31.15323,0.404702,0.8
1.191,10.179978,3.614576,31.155073,0.404202,0.8
1.192,10.170467,3.589947,31.157345,0.403702,0.8
1.193,10.201255,3.530967,31.160051,0.403202,0.8
1.194,10.181757,3.590863,31.161438,0.402701,0.8
1.195,10.185802,3.553416,31.162819,0.402201,0.8
1.196,10.185797,3.387739,31.165864,0.401701,0.8
1.197,10.181542,3.505954,31.166978,0.401201,0.8
1.198,10.190497,3.369527,31.168041,0.4007,0.8
1.199,10.192314,3.28325,31.169179,0.4002,0.8
1.2,10.176643,3.33025,31.170842,0.3997,0.8
1.201,10.181166,3.316561,31.171509,0.3992,0.8
1.202,10.189978,3.213243,31.172812,0.398699,0.8
1.203,10.189258,3.156487,31.175402,0.398199,0.8
1.204,10.201546,3.084307,31.177616,0.397699,0.8
1.205,10.189281,3.053906,31.178733,0.397199,0.8
1.206,10.187891,3.063568,31.17943,0.396698,0.8
1.207,10.198914,2.988257,31.181177,0.396198,0.8
1.208,10.189542,2.981244,31.182635,0.395698,0.8
1.209,10.185729,3.030701,31.183583,0.395198,0.8
1.21,10.206307,2.884117,31.184606,0.394697,0.8
1.211,10.197941,2.773389,31.185059,0.394197,0.8
1.212,10.196445,2.854424,31.185262,0.393697,0.8
1.213,10.196671,2.798092,31.186898,0.393197,0.8
1.214,10.190473,2.777827,31.186609,0.392696,0.8
1.215,10.186901,2.728394,31.18808,0.392196,0.8
1.216,10.209643,2.728002,31.189503,0.391696,0.8
1.217,10.192684,2.676199,31.189868,0.391196,0.8
1.218,10.19327,2.63607,31.188733,0.390695,0.8
1.219,10.194069,2.645127,31.189536,0.390195,0.8
1.22,10.210049,2.578778,31.18819,0.389695,0.8
1.221,10.207041,2.519688,31.189678,0.389195,0.8
1.222,10.207468,2.469402,31.188728,0.388694,0.8
1.223,10.192852,2.529472,31.191028,0.388194,0.8
1.224,10.203783,2.512946,31.19259,0.387694,0.8
1.225,10.202082,2.380227,31.19384,0.387194,0.8
1.226,10.200565,2.378003,31.192492,0.386693,0.8
1.227,10.193547,2.379399,31.192946,0.386193,0.8
1.228,10.207955,2.418326,31.191553,0.385693,0.8
1.229,10.20933,2.279761,31.191633,0.385193,0.8
1.23,10.196519,2.310035,31.192889,0.384692,0.8
1.231,10.21419,2.21384,31.192861,0.384192,0.8
1.232,10.19254,2.232634,31.194697,0.383692,0.8
1.233,10.209402,2.170661,31.195492,0.383192,0.8
1.234,10.194634,2.222679,31.195952,0.382691,0.8
1.235,10.205074,2.203946,31.196914,0.382191,0.8
1.236,10.198297,2.206107,31.197222,0.381691,0.8
1.237,10.201549,2.169299,31.198014,0.381191,0.8
1.238,10.195059,2.230684,31.19721,0.38069,0.8
1.239,10.198419,2.216041,31.196563,0.38019,0.8
1.24,10.191587,2.193899,31.195681,0.37969,0.8
1.241,10.188751,2.139764,31.195676,0.37919,0.8
1.242,10.195962,2.04652,31.197135,0.378689,0.8
1.243,10.187725,2.129272,31.197704,0.378189,0.8
1.244,10.196411,2.100427,31.197778,0.377689,0.8
1.245,10.188085,2.0019,31.196212,0.377189,0.8
1.246,10.19728,2.004023,31.196419,0.376688,0.8
1.247,10.192856,2.080361,31.197443,0.376188,0.8
1.248,10.190784,2.120184,31.199278,0.375688,0.8
1.249,10.192285,2.061473,31.199806,0.375188,0.8
1.25,10.181671,2.099367,31.199885,0.374687,0.8
1.251,10.174086,2.006792,31.200304,0.374187,0.8
1.252,10.181586,1.978535,31.202034,0.373687,0.8
1.253,10.183245,1.967161,31.20169,0.373187,0.8
1.254,10.164322,2.008365,31.200579,0.372686,0.8
1.255,10.163926,2.046046,31.201928,0.372186,0.8
1.256,10.158163,2.074793,31.203082,0.371686,0.8
1.257,10.184202,1.950907,31.204357,0.371186,0.8
1.258,10.182759,2.013806,31.205794,0.370685,0.8
1.259,10.173202,2.004249,31.206794,0.370185,0.8
1.26,10.171684,1.988847,31.208599,0.369685,0.8
1.261,10.175244,1.986992,31.209324,0.369185,0.8
1.262,10.161268,1.896994,31.21025,0.368684,0.8
1.263,10.162662,2.04618,31.210559,0.368184,0.8
1.264,10.158539,2.140167,31.211931,0.367684,0.8
1.265,10.140856,2.02933,31.214287,0.367184,0.8
1.266,10.155928,2.01606,31.215974,0.366683,0.8
1.267,10.156208,2.062387,31.215308,0.366183,0.8
1.268,10.153952,2.029981,31.215877,0.365683,0.8
1.269,10.135163,2.077428,31.217576,0.365183,0.8
1.27,10.14625,2.09742,31.217771,0.364682,0.8
1.271,10.128537,2.139472,31.218735,0.364182,0.8
1.272,10.129035,2.072191,31.218355,0.363682,0.8
1.273,10.141148,2.132731,31.217612,0.363182,0.8
1.274,10.120849,2.291925,31.218199,0.362681,0.8
1.275,10.124587,2.121097,31.217996,0.362181,0.8
1.276,10.123494,2.241981,31.217724,0.361681,0.8
1.277,10.127252,2.219277,31.219827,0.361181,0.8
1.278,10.133243,2.107987,31.221948,0.36068,0.8
1.279,10.140454,2.193093,31.223026,0.36018,0.8
1.28,10.116399,2.19565,31.223916,0.35968,0.8
1.281,10.092493,2.30351,31.225298,0.35918,0.8
1.282,10.099357,2.317151,31.22712,0.358679,0.8
1.283,10.102349,2.285381,31.228819,0.358179,0.8
1.284,10.106864,2.305306,31.22951,0.357679,0.8
1.285,10.09547,2.390582,31.229495,0.357179,0.8
1.286,10.098495,2.314013,31.230343,0.356678,0.8
1.287,10.093958,2.448257,31.231152,0.356178,0.8
1.288,10.080821,2.402661,31.231454,0.355678,0.8
1.289,10.091659,2.488073,31.230211,0.355178,0.8
1.29,10.072868,2.455664,31.231851,0.354677,0.8
1.291,10.074285,2.520444,31.230974,0.354177,0.8
1.292,10.061317,2.53762,31.232432,0.353677,0.8
1.293,10.073904,2.559774,31.235714,0.353177,0.8
1.294,10.067441,2.559547,31.235198,0.352676,0.8
1.295,10.052144,2.634496,31.234883,0.352176,0.8
1.296,10.059881,2.65962,31.233716,0.351676,0.8
1.297,10.045538,2.636337,31.234689,0.351176,0.8
1.298,10.061214,2.687711,31.235794,0.350675,0.8
1.299,10.046174,2.808555,31.238799,0.350175,0.8
1.3,10.032093,2.776276,31.238526,0.349675,0.8
1.301,10.035057,2.870895,31.23968,0.349175,0.8
1.302,10.040311,2.905249,31.239218,0.348674,0.8
1.303,10.032946,2.8257,31.239781,0.348174,0.8
1.304,10.030407,2.914676,31.239881,0.347674,0.8
1.305,10.023182,2.992473,31.238952,0.347174,0.8
1.306,10.006078,2.970619,31.239213,0.346673,0.8
1.307,10.003605,3.072455,31.240583,0.346173,0.8
1.308,10.000174,3.072996,31.2417,0.345673,0.8
1.309,10.007426,3.097526,31.241577,0.345173,0.8
1.31,10.002529,3.159804,31.244927,0.344672,0.8
1.311,9.996706,3.154455,31.248614,0.344172,0.8
1.312,9.979706,3.259162,31.247753,0.343672,0.8
1.313,9.98168,3.30057,31.248472,0.343172,0.8
1.314,9.974897,3.351587,31.249941,0.342671,0.8
1.315,9.976852,3.416208,31.252754,0.342171,0.8
1.316,9.973284,3.359762,31.254652,0.341671,0.8
1.317,9.974568,3.41845,31.25654,0.341171,0.8
1.318,9.969996,3.560496,31.259152,0.34067,0.8
1.319,9.97389,3.493785,31.260197,0.34017,0.8
1.32,9.975514,3.597853,31.26285,0.33967,0.8
1.321,9.932199,3.630339,31.266396,0.33917,0.8
1.322,9.937929,3.731045,31.268382,0.338669,0.8
1.323,9.944555,3.680122,31.270707,0.338169,0.8
1.324,9.931017,3.79989,31.273761,0.337669,0.8
1.325,9.934669,3.731044,31.275167,0.337169,0.8
1.326,9.935142,3.78355,31.276321,0.336668,0.8
1.327,9.91914,3.868073,31.278125,0.336168,0.8
1.328,9.910813,3.900367,31.281435,0.335668,0.8
1.329,9.914298,4.04086,31.285485,0.335168,0.8
1.33,9.911715,4.078397,31.286728,0.334667,0.8
1.331,9.908937,4.002683,31.288916,0.334167,0.8
1.332,9.899496,4.014193,31.2916,0.333667,0.8
1.333,9.905419,4.083266,31.293356,0.333167,0.8
1.334,9.884724,4.198193,31.296239,0.332666,0.8
1.335,9.881869,4.287319,31.299175,0.332166,0.8
1.336,9.898537,4.26951,31.300909,0.331666,0.8
1.337,9.88267,4.340521,31.304193,0.331166,0.8
1.338,9.87539,4.29271,31.306746,0.330665,0.8
1.339,9.864752,4.3736,31.310606,0.330165,0.8
1.34,9.853142,4.419965,31.315206,0.329665,0.8
1.341,9.849244,4.540453,31.319258,0.329165,0.8
1.342,9.854359,4.548697,31.321208,0.328664,0.8
1.343,9.85133,4.733616,31.323191,0.328164,0.8
1.344,9.844025,4.63621,31.324831,0.327664,0.8
1.345,9.838123,4.655657,31.328052,0.327164,0.8
1.346,9.828328,4.673805,31.329974,0.326663,0.8
1.347,9.816457,4.822042,31.333845,0.326163,0.8
1.348,9.831777,4.680008,31.334132,0.325663,0.8
1.349,9.824177,4.853563,31.336912,0.325163,0.8
1.35,9.809545,4.920276,31.340473,0.324662,0.8
1.351,9.803538,4.974372,31.344534,0.324162,0.8
1.352,9.805492,4.997931,31.34809,0.323662,0.8
1.353,9.800473,5.059407,31.352045,0.323162,0.8
1.354,9.789243,5.150171,31.354423,0.322661,0.8
1.355,9.784421,5.180771,31.358788,0.322161,0.8
1.356,9.790041,5.23682,31.362224,0.321661,0.8
1.357,9.796423,5.171104,31.366464,0.321161,0.8
1.358,9.7954,5.217408,31.368404,0.32066,0.8
1.359,9.7821,5.256404,31.371432,0.32016,0.8
1.36,9.777212,5.291343,31.374051,0.31966,0.8
1.361,9.755995,5.377424,31.377456,0.31916,0.8
1.362,9.76445,5.408558,31.379991,0.318659,0.8
1.363,9.76011,5.392734,31.383374,0.318159,0.8
1.364,9.755248,5.55612,31.387656,0.317659,0.8
1.365,9.753617,5.492692,31.392464,0.317159,0.8
1.366,9.742472,5.564276,31.397525,0.316658,0.8
1.367,9.737404,5.565963,31.402007,0.316158,0.8
1.368,9.738546,5.635195,31.40486,0.315658,0.8
1.369,9.735613,5.641061,31.409471,0.315158,0.8
1.37,9.726424,5.751516,31.414356,0.314657,0.8
1.371,9.720159,5.662114,31.419333,0.314157,0.8
1.372,9.704862,5.794852,31.422965,0.313657,0.8
1.373,9.716409,5.856867,31.42712,0.313157,0.8
1.374,9.710463,5.847608,31.430979,0.312656,0.8
1.375,9.722661,5.827152,31.434745,0.312156,0.8
1.376,9.688194,5.900007,31.441669,0.311656,0.8
1.377,9.68631,6.019965,31.447427,0.311156,0.8
1.378,9.687585,6.010485,31.452762,0.310655,0.8
1.379,9.69669,5.916233,31.457824,0.310155,0.8
1.38,9.688967,6.021211,31.46205,0.309655,0.8
1.381,9.688913,6.047357,31.465389,0.309155,0.8
1.382,9.688003,6.06292,31.472508,0.308654,0.8
1.383,9.665557,6.207038,31.47791,0.308154,0.8
1.384,9.656018,6.133603,31.482008,0.307654,0.8
1.385,9.672674,6.068156,31.486811,0.307154,0.8
1.386,9.667319,6.146125,31.491097,0.306653,0.8
1.387,9.662296,6.195373,31.494939,0.306153,0.8
1.388,9.65478,6.332759,31.500987,0.305653,0.8
1.389,9.655967,6.190288,31.505605,0.305153,0.8
1.39,9.644218,6.310715,31.51013,0.304652,0.8
1.391,9.663495,6.202393,31.513444,0.304152,0.8
1.392,9.657316,6.182222,31.517509,0.303652,0.8
1.393,9.643047,6.338051,31.521507,0.303152,0.8
1.394,9.63639,6.296508,31.525834,0.302651,0.8
1.395,9.640578,6.265411,31.531572,0.302151,0.8
1.396,9.624878,6.475063,31.536971,0.301651,0.8
1.397,9.628692,6.352806,31.541449,0.301151,0.8
1.398,9.638811,6.393178,31.546832,0.30065,0.8
1.399,9.630786,6.394568,31.551743,0.30015,0.8
1.4,9.63244,6.410855,31.558184,0.29965,0.8
1.401,9.629696,6.398347,31.56305,0.29915,0.8
1.402,9.631227,6.364689,31.567871,0.298649,0.8
1.403,9.600761,6.482491,31.573186,0.298149,0.8
1.404,9.627438,6.418786,31.578168,0.297649,0.8
1.405,9.611363,6.507542,31.583056,0.297149,0.8
1.406,9.605022,6.520768,31.588997,0.296648,0.8
1.407,9.608907,6.493264,31.594835,0.296148,0.8
1.408,9.606034,6.519755,31.600379,0.295648,0.8
1.409,9.601585,6.516701,31.606207,0.295148,0.8
1.41,9.599367,6.326155,31.612125,0.294647,0.8
1.411,9.584108,6.501735,31.617518,0.294147,0.8
1.412,9.604752,6.507572,31.622999,0.293647,0.8
1.413,9.593995,6.564731,31.628167,0.293147,0.8
1.414,9.594269,6.453868,31.634011,0.292646,0.8
1.415,9.587686,6.557302,31.639506,0.292146,0.8
1.416,9.600976,6.405095,31.645808,0.291646,0.8
1.417,9.593161,6.478657,31.650869,0.291146,0.8
1.418,9.585612,6.483611,31.655383,0.290645,0.8
1.419,9.56958,6.579594,31.659889,0.290145,0.8
1.42,9.580556,6.520961,31.665135,0.289645,0.8
1.421,9.579843,6.453891,31.66963,0.289145,0.8
1.422,9.564063,6.568179,31.674032,0.288644,0.8
1.423,9.591753,6.477518,31.681015,0.288144,0.8
1.424,9.572137,6.499479,31.686602,0.287644,0.8
1.425,9.597991,6.335369,31.692522,0.287144,0.8
1.426,9.567689,6.536979,31.698557,0.286643,0.8
1.427,9.552389,6.471804,31.70363,0.286143,0.8
1.428,9.585955,6.42678,31.710223,0.285643,0.8
1.429,9.56838,6.438957,31.715402,0.285143,0.8
1.43,9.579361,6.320579,31.720262,0.284642,0.8
1.431,9.572048,6.354276,31.724935,0.284142,0.8
1.432,9.562602,6.412682,31.72964,0.283642,0.8
1.433,9.571302,6.338258,31.734069,0.283142,0.8
1.434,9.571874,6.296334,31.739968,0.282641,0.8
1.435,9.570055,6.23733,31.746061,0.282141,0.8
1.436,9.580201,6.146225,31.752722,0.281641,0.8
1.437,9.55415,6.276563,31.757963,0.281141,0.8
1.438,9.549711,6.238144,31.76084,0.28064,0.8
1.439,9.548305,6.165188,31.76513,0.28014,0.8
1.44,9.557604,6.151799,31.76945,0.27964,0.8
1.441,9.557939,6.194323,31.772644,0.27914,0.8
1.442,9.571114,6.151734,31.778528,0.278639,0.8
1.443,9.562501,6.12725,31.786214,0.278139,0.8
1.444,9.562732,6.086767,31.791303,0.277639,0.8
1.445,9.568698,6.029383,31.794682,0.277139,0.8
1.446,9.558911,5.996385,31.798376,0.276638,0.8
1.447,9.551749,6.02121,31.803536,0.276138,0.8
1.448,9.559339,5.989387,31.807811,0.275638,0.8
1.449,9.542475,5.999345,31.811646,0.275138,0.8
1.45,9.547052,5.950596,31.815607,0.274637,0.8
1.451,9.563379,5.941696,31.819474,0.274137,0.8
1.452,9.556681,5.921376,31.823316,0.273637,0.8
1.453,9.571951,5.850138,31.828848,0.273137,0.8
1.454,9.569411,5.811482,31.834109,0.272636,0.8
1.455,9.555326,5.696084,31.837035,0.272136,0.8
1.456,9.552159,5.696612,31.840843,0.271636,0.8
1.457,9.554133,5.726839,31.844633,0.271136,0.8
1.458,9.562013,5.694343,31.848657,0.270635,0.8
1.459,9.539626,5.648636,31.853239,0.270135,0.8
1.46,9.570681,5.61945,31.857717,0.269635,0.8
1.461,9.542471,5.598632,31.860508,0.269135,0.8
1.462,9.561923,5.545614,31.863897,0.268634,0.8
1.463,9.560996,5.446513,31.866133,0.268134,0.8
1.464,9.568975,5.406591,31.86832,0.267634,0.8
1.465,9.558588,5.467569,31.872542,0.267134,0.8
1.466,9.562243,5.367853,31.875189,0.266633,0.8
1.467,9.560858,5.399902,31.880972,0.266133,0.8
1.468,9.556177,5.347368,31.883354,0.265633,0.8
1.469,9.565527,5.286729,31.88589,0.265133,0.8
1.47,9.560113,5.20351,31.888997,0.264632,0.8
1.471,9.562195,5.176782,31.893591,0.264132,0.8
1.472,9.561674,5.102493,31.896348,0.263632,0.8
1.473,9.570371,5.146644,31.900499,0.263132,0.8
1.474,9.564137,5.0378,31.904319,0.262631,0.8
1.475,9.574222,4.98357,31.90797,0.262131,0.8
1.476,9.597728,4.970259,31.911147,0.261631,0.8
1.477,9.573491,5.012427,31.914396,0.261131,0.8
1.478,9.561786,4.864909,31.918092,0.26063,0.8
1.479,9.563882,4.880275,31.920628,0.26013,0.8
1.48,9.579952,4.753454,31.924815,0.25963,0.8
1.481,9.568073,4.703921,31.9275,0.25913,0.8
1.482,9.574587,4.749799,31.93157,0.258629,0.8
1.483,9.577829,4.546497,31.935293,0.258129,0.8
1.484,9.567926,4.703901,31.937609,0.257629,0.8
1.485,9.584275,4.532616,31.941436,0.257129,0.8
1.486,9.557751,4.547735,31.944491,0.256628,0.8
1.487,9.582843,4.461129,31.947124,0.256128,0.8
1.488,9.575113,4.505657,31.94964,0.255628,0.8
1.489,9.591711,4.392335,31.951668,0.255128,0.8
1.49,9.582019,4.391026,31.954391,0.254627,0.8
1.491,9.580721,4.316854,31.95824,0.254127,0.8
1.492,9.58682,4.280114,31.960554,0.253627,0.8
1.493,9.576153,4.290346,31.963135,0.253127,0.8
1.494,9.591065,4.075672,31.964621,0.252626,0.8
1.495,9.578673,4.112072,31.966551,0.252126,0.8
1.496,9.580965,4.15793,31.967811,0.251626,0.8
1.497,9.592166,4.044627,31.969679,0.251126,0.8
1.498,9.56912,4.02131,31.970621,0.250625,0.8
1.499,9.574355,3.971498,31.973087,0.250125,0.8
1.5,9.583267,3.864904,31.975346,0.249625,0.8
1.501,9.597276,3.887214,31.977909,0.249125,0.8
1.502,9.599594,3.832142,31.978849,0.248624,0.8
1.503,9.583069,3.707699,31.981434,0.248124,0.8
1.504,9.587788,3.689798,31.983073,0.247624,0.8
1.505,9.58995,3.641313,31.984318,0.247124,0.8
1.506,9.601096,3.666724,31.985235,0.246623,0.8
1.507,9.604308,3.49764,31.985323,0.246123,0.8
1.508,9.60107,3.540804,31.988176,0.245623,0.8
1.509,9.606458,3.429859,31.987786,0.245123,0.8
1.51,9.598971,3.44559,31.988239,0.244622,0.8
1.511,9.592526,3.443853,31.989743,0.244122,0.8
1.512,9.597157,3.387205,31.992606,0.243622,0.8
1.513,9.594202,3.31753,31.995474,0.243122,0.8
1.514,9.601387,3.280852,31.997694,0.242621,0.8
1.515,9.596764,3.281875,31.998043,0.242121,0.8
1.516,9.606031,3.112041,31.999463,0.241621,0.8
1.517,9.606103,3.18332,32.000053,0.241121,0.8
1.518,9.602862,3.155301,32.001626,0.24062,0.8
1.519,9.596798,3.19366,32.001686,0.24012,0.8
1.52,9.613267,3.016283,32.003387,0.23962,0.8
1.521,9.598081,3.022297,32.004891,0.23912,0.8
1.522,9.605541,2.997643,32.004159,0.238619,0.8
1.523,9.606267,2.938916,32.00487,0.238119,0.8
1.524,9.606465,2.958041,32.004783,0.237619,0.8
1.525,9.595122,2.939062,32.006571,0.237119,0.8
1.526,9.599422,2.854862,32.008755,0.236618,0.8
1.527,9.602997,2.868102,32.010563,0.236118,0.8
1.528,9.619207,2.736409,32.011457,0.235618,0.8
1.529,9.612533,2.748723,32.012096,0.235118,0.8
1.53,9.598152,2.637634,32.012253,0.234617,0.8
1.531,9.615687,2.740889,32.014253,0.234117,0.8
1.532,9.606534,2.619864,32.014774,0.233617,0.8
1.533,9.603064,2.540697,32.014711,0.233117,0.8
1.534,9.606916,2.496511,32.015687,0.232616,0.8
1.535,9.602673,2.539123,32.016309,0.232116,0.8
1.536,9.613842,2.463586,32.015755,0.231616,0.8
1.537,9.620635,2.433953,32.016498,0.231116,0.8
1.538,9.626152,2.358952,32.018181,0.230615,0.8
1.539,9.610277,2.413697,32.01786,0.230115,0.8
1.54,9.599935,2.368754,32.019282,0.229615,0.8
1.541,9.597067,2.449327,32.020467,0.229115,0.8
1.542,9.58856,2.377861,32.019002,0.228614,0.8
1.543,9.601237,2.352845,32.018818,0.228114,0.8
1.544,9.601651,2.261889,32.019231,0.227614,0.8
1.545,9.600079,2.264214,32.017774,0.227114,0.8
1.546,9.619499,2.207925,32.020589,0.226613,0.8
1.547,9.61253,2.181317,32.021609,0.226113,0.8
1.548,9.596669,2.168748,32.023281,0.225613,0.8
1.549,9.599373,2.240169,32.023565,0.225113,0.8
1.55,9.607676,2.084615,32.024265,0.224612,0.8
1.551,9.599921,2.217406,32.022797,0.224112,0.8
1.552,9.588656,2.240694,32.023304,0.223612,0.8
1.553,9.595719,2.050179,32.023864,0.223112,0.8
1.554,9.578633,2.201214,32.024254,0.222611,0.8
1.555,9.587397,2.085308,32.02427,0.222111,0.8
1.556,9.596059,1.998365,32.024105,0.221611,0.8
1.557,9.595923,2.103338,32.024118,0.221111,0.8
1.558,9.589234,2.052025,32.024332,0.22061,0.8
1.559,9.591679,2.096701,32.02674,0.22011,0.8
1.56,9.579488,2.019836,32.028149,0.21961,0.8
1.561,9.581891,2.033579,32.02852,0.21911,0.8
1.562,9.579116,2.099177,32.027723,0.218609,0.8
1.563,9.591509,1.976998,32.031112,0.218109,0.8
1.564,9.565744,2.077767,32.031858,0.217609,0.8
1.565,9.564887,2.063428,32.030931,0.217109,0.8
1.566,9.570327,2.059896,32.031957,0.216608,0.8
1.567,9.568651,2.046611,32.031636,0.216108,0.8
1.568,9.573543,2.029564,32.031489,0.215608,0.8
1.569,9.572452,2.046026,32.031879,0.215108,0.8
1.57,9.565574,2.005691,32.033899,0.214607,0.8
1.571,9.562478,1.956515,32.034721,0.214107,0.8
1.572,9.552766,2.040207,32.035218,0.213607,0.8
1.573,9.550702,2.066216,32.035672,0.213107,0.8
1.574,9.553158,2.030673,32.037087,0.212606,0.8
1.575,9.554971,2.037498,32.036856,0.212106,0.8
1.576,9.543355,1.998013,32.036746,0.211606,0.8
1.577,9.537007,1.992655,32.038297,0.211106,0.8
1.578,9.543259,1.997737,32.038348,0.210605,0.8
1.579,9.532363,2.054949,32.039212,0.210105,0.8
1.58,9.547536,2.040999,32.041237,0.209605,0.8
1.581,9.525123,2.109009,32.041001,0.209105,0.8
1.582,9.535215,2.108154,32.042475,0.208604,0.8
1.583,9.519639,2.061254,32.042641,0.208104,0.8
1.584,9.537995,2.122091,32.043561,0.207604,0.8
1.585,9.534928,2.046598,32.044977,0.207104,0.8
1.586,9.524978,2.140113,32.044591,0.206603,0.8
1.587,9.510323,2.167874,32.044893,0.206103,0.8
1.588,9.527188,2.17462,32.044896,0.205603,0.8
1.589,9.514866,2.120352,32.045476,0.205103,0.8
1.59,9.510716,2.127906,32.044986,0.204602,0.8
1.591,9.51183,2.115943,32.045231,0.204102,0.8
1.592,9.502083,2.190687,32.044432,0.203602,0.8
1.593,9.499601,2.182321,32.043563,0.203102,0.8
1.594,9.491732,2.261399,32.044033,0.202601,0.8
1.595,9.49382,2.219544,32.044234,0.202101,0.8
1.596,9.492447,2.249978,32.045078,0.201601,0.8
1.597,9.478113,2.346315,32.04381,0.201101,0.8
1.598,9.482943,2.369671,32.04478,0.2006,0.8
1.599,9.499269,2.31587,32.045654,0.2001,0.8
1.6,9.469336,2.353475,32.047638,0.1996,0.8
1.601,9.495275,2.330842,32.049224,0.1991,0.8
1.602,9.47572,2.395112,32.048973,0.198599,0.8
1.603,9.456495,2.502428,32.048475,0.198099,0.8
1.604,9.46991,2.41659,32.049323,0.197599,0.8
1.605,9.453352,2.512021,32.049844,0.197099,0.8
1.606,9.464694,2.545086,32.050338,0.196598,0.8
1.607,9.461691,2.584363,32.051815,0.196098,0.8
1.608,9.44787,2.569766,32.053042,0.195598,0.8
1.609,9.442525,2.542888,32.054094,0.195098,0.8
1.61,9.443625,2.749909,32.053853,0.194597,0.8
1.611,9.45144,2.636402,32.053603,0.194097,0.8
1.612,9.419747,2.654434,32.053965,0.193597,0.8
1.613,9.426425,2.848055,32.05499,0.193097,0.8
1.614,9.431047,2.869252,32.055521,0.192596,0.8
1.615,9.411323,2.743507,32.055654,0.192096,0.8
1.616,9.426088,2.854701,32.057599,0.191596,0.8
1.617,9.415291,2.851127,32.059269,0.191096,0.8
1.618,9.403631,2.862113,32.058319,0.190595,0.8
1.619,9.39479,2.992055,32.059477,0.190095,0.8
1.62,9.400073,3.056876,32.061637,0.189595,0.8
1.621,9.386146,3.090174,32.062761,0.189095,0.8
1.622,9.377095,3.153586,32.062537,0.188594,0.8
1.623,9.393885,3.023933,32.063582,0.188094,0.8
1.624,9.362104,3.213322,32.064617,0.187594,0.8
1.625,9.384891,3.211701,32.06523,0.187094,0.8
1.626,9.361174,3.29213,32.066215,0.186593,0.8
1.627,9.370245,3.331253,32.067778,0.186093,0.8
1.628,9.357704,3.203398,32.068539,0.185593,0.8
1.629,9.337542,3.395905,32.070076,0.185093,0.8
1.63,9.349902,3.40748,32.072676,0.184592,0.8
1.631,9.343458,3.376751,32.073657,0.184092,0.8
1.632,9.334693,3.469293,32.075298,0.183592,0.8
1.633,9.321074,3.579458,32.076096,0.183092,0.8
1.634,9.339993,3.531542,32.077297,0.182591,0.8
1.635,9.345169,3.594645,32.078417,0.182091,0.8
1.636,9.305893,3.604757,32.082043,0.181591,0.8
1.637,9.307428,3.758808,32.083119,0.181091,0.8
1.638,9.303351,3.773881,32.0857,0.18059,0.8
1.639,9.306298,3.720108,32.086544,0.18009,0.8
1.64,9.289727,3.810075,32.088932,0.17959,0.8
1.641,9.308523,3.819994,32.090853,0.17909,0.8
1.642,9.286104,3.873453,32.092759,0.178589,0.8
1.643,9.283167,4.07983,32.092139,0.178089,0.8
1.644,9.269816,3.998101,32.092415,0.177589,0.8
1.645,9.263947,4.160894,32.094082,0.177089,0.8
1.646,9.264186,4.202326,32.09583,0.176588,0.8
1.647,9.273992,4.167473,32.097599,0.176088,0.8
1.648,9.266384,4.203667,32.099087,0.175588,0.8
1.649,9.252175,4.294445,32.103164,0.175088,0.8
1.65,9.24369,4.18326,32.10446,0.174587,0.8
1.651,9.245095,4.291277,32.109221,0.174087,0.8
1.652,9.234432,4.310643,32.112906,0.173587,0.8
1.653,9.244811,4.426916,32.115186,0.173087,0.8
1.654,9.235053,4.445742,32.117134,0.172586,0.8
1.655,9.22331,4.464735,32.118882,0.172086,0.8
1.656,9.217885,4.556187,32.123044,0.171586,0.8
1.657,9.231881,4.514753,32.125083,0.171086,0.8
1.658,9.194806,4.745551,32.127743,0.170585,0.8
1.659,9.183367,4.733658,32.129584,0.170085,0.8
1.66,9.209187,4.650929,32.132853,0.169585,0.8
1.661,9.186745,4.831247,32.134592,0.169085,0.8
1.662,9.182838,4.811099,32.13658,0.168584,0.8
1.663,9.180981,4.86642,32.139866,0.168084,0.8
1.664,9.170774,4.93105,32.143715,0.167584,0.8
1.665,9.178459,4.906629,32.147474,0.167084,0.8
1.666,9.166211,5.059771,32.151259,0.166583,0.8
1.667,9.154776,5.090993,32.153037,0.166083,0.8
1.668,9.142436,5.110616,32.157324,0.165583,0.8
1.669,9.164369,5.021533,32.162567,0.165083,0.8
1.67,9.139194,5.166367,32.16595,0.164582,0.8
1.671,9.142172,5.228602,32.168395,0.164082,0.8
1.672,9.122772,5.316494,32.171002,0.163582,0.8
1.673,9.134489,5.241579,32.174763,0.163082,0.8
1.674,9.13107,5.303318,32.178094,0.162581,0.8
1.675,9.11729,5.346722,32.182003,0.162081,0.8
1.676,9.115814,5.355324,32.186123,0.161581,0.8
1.677,9.088149,5.504783,32.190041,0.161081,0.8
1.678,9.097734,5.473506,32.193067,0.16058,0.8
1.679,9.113856,5.448048,32.195077,0.16008,0.8
1.68,9.093471,5.489698,32.198199,0.15958,0.8
1.681,9.087404,5.573731,32.201995,0.15908,0.8
1.682,9.077877,5.553227,32.20606,0.158579,0.8
1.683,9.079535,5.706923,32.210052,0.158079,0.8
1.684,9.07505,5.680149,32.215449,0.157579,0.8
1.685,9.078784,5.792138,32.221357,0.157079,0.8
1.686,9.069267,5.787217,32.225359,0.156578,0.8
1.687,9.065021,5.796831,32.230976,0.156078,0.8
1.688,9.071126,5.849855,32.234429,0.155578,0.8
1.689,9.047722,5.956479,32.240629,0.155078,0.8
1.69,9.057069,5.867627,32.244893,0.154577,0.8
1.691,9.049675,5.929642,32.24915,0.154077,0.8
1.692,9.051197,5.897893,32.254718,0.153577,0.8
1.693,9.03779,5.952974,32.260212,0.153077,0.8
1.694,9.035153,6.0113,32.266972,0.152576,0.8
1.695,9.029664,5.948974,32.272082,0.152076,0.8
1.696,9.022763,6.037395,32.274712,0.151576,0.8
1.697,9.019161,6.03576,32.279135,0.151076,0.8
1.698,9.018976,6.143346,32.285287,0.150575,0.8
1.699,9.019536,6.123671,32.289918,0.150075,0.8
1.7,9.023177,6.104832,32.293731,0.149575,0.8
1.701,9.003879,6.227393,32.299263,0.149075,0.8
1.702,9.007561,6.193809,32.305201,0.148574,0.8
1.703,9.006045,6.228307,32.310112,0.148074,0.8
1.704,8.985642,6.359649,32.315043,0.147574,0.8
1.705,8.993749,6.29631,32.319662,0.147074,0.8
1.706,8.989444,6.291267,32.326214,0.146573,0.8
1.707,8.992048,6.259097,32.332287,0.146073,0.8
1.708,8.994745,6.306912,32.336679,0.145573,0.8
1.709,8.989577,6.403585,32.343866,0.145073,0.8
1.71,8.975169,6.350046,32.34868,0.144572,0.8
1.711,8.974662,6.40513,32.353786,0.144072,0.8
1.712,8.963741,6.448028,32.359763,0.143572,0.8
1.713,8.964899,6.389302,32.363963,0.143072,0.8
1.714,8.968299,6.424171,32.371451,0.142571,0.8
1.715,8.950114,6.366898,32.376959,0.142071,0.8
1.716,8.967312,6.405721,32.381983,0.141571,0.8
1.717,8.952003,6.428434,32.388026,0.141071,0.8
1.718,8.945459,6.447127,32.392362,0.14057,0.8
1.719,8.949744,6.496865,32.396991,0.14007,0.8
1.72,8.948425,6.427424,32.402899,0.13957,0.8
1.721,8.932208,6.46268,32.408016,0.13907,0.8
1.722,8.941833,6.458214,32.411912,0.138569,0.8
1.723,8.929568,6.51147,32.417555,0.138069,0.8
1.724,8.917339,6.540718,32.424158,0.137569,0.8
1.725,8.928504,6.500596,32.429303,0.137069,0.8
1.726,8.919626,6.571888,32.434799,0.136568,0.8
1.727,8.926566,6.473124,32.440349,0.136068,0.8
1.728,8.923927,6.519938,32.444831,0.135568,0.8
1.729,8.92697,6.401736,32.45188,0.135068,0.8
1.73,8.911582,6.483184,32.455575,0.134567,0.8
1.731,8.92275,6.428013,32.459113,0.134067,0.8
1.732,8.897564,6.536283,32.46595,0.133567,0.8
1.733,8.89699,6.562213,32.469837,0.133067,0.8
1.734,8.912427,6.515361,32.47519,0.132566,0.8
1.735,8.902896,6.49883,32.479255,0.132066,0.8
1.736,8.907855,6.494094,32.484041,0.131566,0.8
1.737,8.905676,6.405535,32.488266,0.131066,0.8
1.738,8.907297,6.367744,32.493494,0.130565,0.8
1.739,8.898807,6.482346,32.501228,0.130065,0.8
1.74,8.896459,6.470238,32.506825,0.129565,0.8
1.741,8.886668,6.431481,32.511994,0.129065,0.8
1.742,8.906914,6.438517,32.517798,0.128564,0.8
1.743,8.892891,6.350426,32.524054,0.128064,0.8
1.744,8.891669,6.325442,32.528788,0.127564,0.8
1.745,8.880478,6.428909,32.535188,0.127064,0.8
1.746,8.887154,6.343061,32.540625,0.126563,0.8
1.747,8.892218,6.326038,32.543749,0.126063,0.8
1.748,8.88816,6.254912,32.549356,0.125563,0.8
1.749,8.886547,6.329428,32.553649,0.125063,0.8
1.75,8.885957,6.221475,32.557742,0.124562,0.8
1.751,8.869772,6.306995,32.561592,0.124062,0.8
1.752,8.877911,6.290473,32.566512,0.123562,0.8
1.753,8.865226,6.26742,32.571012,0.123062,0.8
1.754,8.881631,6.234334,32.576076,0.122561,0.8
1.755,8.886739,6.119439,32.579869,0.122061,0.8
1.756,8.87676,6.111505,32.583273,0.121561,0.8
1.757,8.890555,5.987917,32.58761,0.121061,0.8
1.758,8.868493,6.077462,32.593997,0.12056,0.8
1.759,8.88617,6.017592,32.598217,0.12006,0.8
1.76,8.875736,6.088928,32.60261,0.11956,0.8
1.761,8.860311,6.023907,32.607293,0.11906,0.8
1.762,8.864848,6.058527,32.611911,0.118559,0.8
1.763,8.863227,6.006365,32.616659,0.118059,0.8
1.764,8.864353,6.007187,32.621012,0.117559,0.8
1.765,8.89447,5.872266,32.62603,0.117059,0.8
1.766,8.861344,6.001969,32.630967,0.116558,0.8
1.767,8.873059,5.858892,32.634065,0.116058,0.8
1.768,8.877341,5.763428,32.635863,0.115558,0.8
1.769,8.878383,5.731915,32.638705,0.115058,0.8
1.77,8.854418,5.76096,32.641173,0.114557,0.8
1.771,8.869253,5.711305,32.644627,0.114057,0.8
1.772,8.875445,5.605945,32.649572,0.113557,0.8
1.773,8.859577,5.685261,32.65427,0.113057,0.8
1.774,8.864256,5.644638,32.657427,0.112556,0.8
1.775,8.861882,5.585663,32.662366,0.112056,0.8
1.776,8.859391,5.474292,32.668065,0.111556,0.8
1.777,8.868016,5.529721,32.670764,0.111056,0.8
1.778,8.864433,5.526207,32.675502,0.110555,0.8
1.779,8.879771,5.440742,32.681333,0.110055,0.8
1.78,8.873632,5.460466,32.684501,0.109555,0.8
1.781,8.869051,5.329453,32.690526,0.109055,0.8
1.782,8.862022,5.224636,32.694226,0.108554,0.8
1.783,8.875105,5.206573,32.699141,0.108054,0.8
1.784,8.874279,5.240757,32.703818,0.107554,0.8
1.785,8.853695,5.245599,32.708088,0.107054,0.8
1.786,8.857992,5.189652,32.712412,0.106553,0.8
1.787,8.871753,4.977717,32.716394,0.106053,0.8
1.788,8.86724,4.998264,32.720691,0.105553,0.8
1.789,8.860075,5.008737,32.722992,0.105053,0.8
1.79,8.864303,4.963291,32.72639,0.104552,0.8
1.791,8.855874,5.051879,32.728984,0.104052,0.8
1.792,8.853606,4.962072,32.731303,0.103552,0.8
1.793,8.861911,4.773944,32.731906,0.103052,0.8
1.794,8.853731,4.785115,32.733781,0.102551,0.8
1.795,8.869304,4.741282,32.735451,0.102051,0.8
1.796,8.872796,4.608071,32.739156,0.101551,0.8
1.797,8.869109,4.701938,32.743113,0.101051,0.8
1.798,8.866476,4.618966,32.745374,0.10055,0.8
1.799,8.865591,4.541318,32.747734,0.10005,0.8
1.8,8.850241,4.567988,32.749041,0.09955,0.8
1.801,8.862822,4.543184,32.751761,0.09905,0.8
1.802,8.870909,4.371655,32.753802,0.098549,0.8
1.803,8.863797,4.408783,32.755041,0.098049,0.8
1.804,8.877694,4.348724,32.756656,0.097549,0.8
1.805,8.878557,4.270264,32.757217,0.097049,0.8
1.806,8.860651,4.270722,32.760515,0.096548,0.8
1.807,8.860661,4.197229,32.761918,0.096048,0.8
1.808,8.865088,4.253083,32.76587,0.095548,0.8
1.809,8.869773,4.122859,32.766555,0.095048,0.8
1.81,8.868298,4.084656,32.770254,0.094547,0.8
1.811,8.857728,4.075332,32.771719,0.094047,0.8
1.812,8.871024,3.937631,32.774168,0.093547,0.8
1.813,8.865211,4.005416,32.775253,0.093047,0.8
1.814,8.874965,3.872939,32.778311,0.092546,0.8
1.815,8.873764,3.85236,32.779417,0.092046,0.8
1.816,8.871777,3.798899,32.781445,0.091546,0.8
1.817,8.867214,3.798997,32.783864,0.091046,0.8
1.818,8.887607,3.704551,32.7868,0.090545,0.8
1.819,8.869722,3.709469,32.78867,0.090045,0.8
1.82,8.879062,3.639143,32.790995,0.089545,0.8
1.821,8.871228,3.574162,32.793232,0.089045,0.8
1.822,8.862709,3.578363,32.794102,0.088544,0.8
1.823,8.867757,3.560396,32.795354,0.088044,0.8
1.824,8.866698,3.588207,32.796991,0.087544,0.8
1.825,8.877308,3.41984,32.799816,0.087044,0.8
1.826,8.863521,3.360255,32.801425,0.086543,0.8
1.827,8.860712,3.340287,32.802432,0.086043,0.8
1.828,8.865912,3.276715,32.804633,0.085543,0.8
1.829,8.886643,3.306337,32.804572,0.085043,0.8
1.83,8.874558,3.264058,32.804709,0.084542,0.8
1.831,8.866832,3.082926,32.804879,0.084042,0.8
1.832,8.878205,3.127571,32.804714,0.083542,0.8
1.833,8.867125,3.090193,32.807122,0.083042,0.8
1.834,8.868582,3.081337,32.808783,0.082541,0.8
1.835,8.86857,3.001172,32.810292,0.082041,0.8
1.836,8.859398,2.976636,32.811793,0.081541,0.8
1.837,8.874257,2.934763,32.811456,0.081041,0.8
1.838,8.864587,2.956002,32.813105,0.08054,0.8
1.839,8.862208,2.824759,32.815275,0.08004,0.8
1.84,8.878137,2.900582,32.816465,0.07954,0.8
1.841,8.866874,2.822028,32.817677,0.07904,0.8
1.842,8.867881,2.772023,32.818125,0.078539,0.8
1.843,8.846869,2.804713,32.818979,0.078039,0.8
1.844,8.867927,2.637981,32.820433,0.077539,0.8
1.845,8.849621,2.711982,32.821989,0.077039,0.8
1.846,8.855969,2.626752,32.821705,0.076538,0.8
1.847,8.866246,2.550631,32.822155,0.076038,0.8
1.848,8.857027,2.568409,32.823092,0.075538,0.8
1.849,8.860513,2.503231,32.823404,0.075038,0.8
1.85,8.854703,2.612001,32.824403,0.074537,0.8
1.851,8.844405,2.38464,32.823649,0.074037,0.8
1.852,8.853925,2.579334,32.824375,0.073537,0.8
1.853,8.85307,2.492898,32.826608,0.073037,0.8
1.854,8.85427,2.40145,32.82722,0.072536,0.8
1.855,8.849612,2.427675,32.827668,0.072036,0.8
1.856,8.849648,2.399879,32.828805,0.071536,0.8
1.857,8.83562,2.345674,32.829854,0.071036,0.8
1.858,8.843767,2.208036,32.831803,0.070535,0.8
1.859,8.850999,2.242261,32.83398,0.070035,0.8
1.86,8.843882,2.290581,32.833559,0.069535,0.8
1.861,8.835581,2.322558,32.834645,0.069035,0.8
1.862,8.831872,2.249095,32.836247,0.068534,0.8
1.863,8.844193,2.277694,32.834923,0.068034,0.8
1.864,8.828906,2.189047,32.836622,0.067534,0.8
1.865,8.839928,2.233238,32.836834,0.067034,0.8
1.866,8.832229,2.224498,32.83734,0.066533,0.8
1.867,8.831643,2.212973,32.835894,0.066033,0.8
1.868,8.827344,2.053792,32.836658,0.065533,0.8
1.869,8.83188,2.193367,32.837057,0.065033,0.8
1.87,8.813009,2.100584,32.838657,0.064532,0.8
1.871,8.818874,2.10593,32.83873,0.064032,0.8
1.872,8.821358,2.106323,32.839706,0.063532,0.8
1.873,8.815235,2.181389,32.840316,0.063032,0.8
1.874,8.796246,2.126199,32.842037,0.062531,0.8
1.875,8.812447,2.062862,32.84255,0.062031,0.8
1.876,8.80594,2.041863,32.842979,0.061531,0.8
1.877,8.809892,1.954103,32.843344,0.061031,0.8
1.878,8.800002,2.029885,32.845092,0.06053,0.8
1.879,8.804679,2.018339,32.845095,0.06003,0.8
1.88,8.802773,2.008785,32.846782,0.05953,0.8
1.881,8.786556,2.052419,32.847331,0.05903,0.8
1.882,8.782158,2.028457,32.846924,0.058529,0.8
1.883,8.784134,1.997272,32.849862,0.058029,0.8
1.884,8.796217,1.970185,32.851032,0.057529,0.8
1.885,8.773781,2.024525,32.851758,0.057029,0.8
1.886,8.77403,2.14165,32.85226,0.056528,0.8
1.887,8.771777,1.980462,32.853308,0.056028,0.8
1.888,8.781021,2.045555,32.852942,0.055528,0.8
1.889,8.775845,2.008389,32.851535,0.055028,0.8
1.89,8.754109,2.037393,32.85108,0.054527,0.8
1.891,8.753009,2.042133,32.850524,0.054027,0.8
1.892,8.741291,2.125884,32.852487,0.053527,0.8
1.893,8.760691,2.058891,32.855203,0.053027,0.8
1.894,8.763759,2.021072,32.853337,0.052526,0.8
1.895,8.74252,2.112067,32.854001,0.052026,0.8
1.896,8.744351,2.038138,32.852616,0.051526,0.8
1.897,8.737781,2.127948,32.851085,0.051026,0.8
1.898,8.725695,2.101035,32.852984,0.050525,0.8
1.899,8.716411,2.131121,32.853971,0.050025,0.8
1.9,8.735333,2.049555,32.85503,0.049525,0.8
1.901,8.731849,2.121501,32.858398,0.049025,0.8
1.902,8.734259,2.15158,32.860037,0.048524,0.8
1.903,8.71548,2.188863,32.860297,0.048024,0.8
1.904,8.717737,2.185056,32.859701,0.047524,0.8
1.905,8.707229,2.14513,32.860922,0.047024,0.8
1.906,8.691484,2.277497,32.860981,0.046523,0.8
1.907,8.696042,2.163461,32.861432,0.046023,0.8
1.908,8.692834,2.265523,32.862078,0.045523,0.8
1.909,8.683692,2.322605,32.862733,0.045023,0.8
1.91,8.684418,2.290243,32.86337,0.044522,0.8
1.911,8.673244,2.259017,32.864423,0.044022,0.8
1.912,8.672245,2.286252,32.86445,0.043522,0.8
1.913,8.660994,2.380688,32.863558,0.043022,0.8
1.914,8.661185,2.36694,32.864072,0.042521,0.8
1.915,8.664905,2.418709,32.86381,0.042021,0.8
1.916,8.645758,2.375351,32.86434,0.041521,0.8
1.917,8.644599,2.501035,32.86484,0.041021,0.8
1.918,8.649241,2.402185,32.863461,0.04052,0.8
1.919,8.657614,2.521341,32.863214,0.04002,0.8
1.92,8.630008,2.54147,32.866032,0.03952,0.8
1.921,8.640259,2.409697,32.866149,0.03902,0.8
1.922,8.607161,2.649748,32.867114,0.038519,0.8
1.923,8.605181,2.712004,32.868975,0.038019,0.8
1.924,8.599435,2.645699,32.868269,0.037519,0.8
1.925,8.612683,2.677909,32.870742,0.037019,0.8
1.926,8.596074,2.766431,32.871008,0.036518,0.8
1.927,8.590411,2.749689,32.869241,0.036018,0.8
1.928,8.589866,2.776179,32.86936,0.035518,0.8
1.929,8.590297,2.71508,32.870398,0.035018,0.8
1.93,8.595948,2.809747,32.871371,0.034517,0.8
1.931,8.583623,2.845549,32.871418,0.034017,0.8
1.932,8.56819,2.971771,32.871409,0.033517,0.8
1.933,8.552778,3.03055,32.872079,0.033017,0.8
1.934,8.545722,2.961959,32.873585,0.032516,0.8
1.935,8.53857,3.047835,32.874459,0.032016,0.8
1.936,8.554328,2.991002,32.874923,0.031516,0.8
1.937,8.540861,3.077525,32.875177,0.031016,0.8
1.938,8.527499,3.199292,32.876301,0.030515,0.8
1.939,8.550451,3.093779,32.874998,0.030015,0.8
1.94,8.52313,3.168776,32.875989,0.029515,0.8
1.941,8.507688,3.371268,32.876481,0.029015,0.8
1.942,8.50095,3.403124,32.878315,0.028514,0.8
1.943,8.508937,3.37238,32.880081,0.028014,0.8
1.944,8.490966,3.366047,32.880583,0.027514,0.8
1.945,8.464816,3.484143,32.883425,0.027014,0.8
1.946,8.477035,3.424414,32.884032,0.026513,0.8
1.947,8.476477,3.471124,32.886316,0.026013,0.8
1.948,8.445334,3.589859,32.888621,0.025513,0.8
1.949,8.470381,3.557892,32.891632,0.025013,0.8
1.95,8.432691,3.609347,32.893162,0.024512,0.8
1.951,8.448716,3.678278,32.895199,0.024012,0.8
1.952,8.430756,3.770091,32.898399,0.023512,0.8
1.953,8.419874,3.809649,32.901156,0.023012,0.8
1.954,8.411553,3.857159,32.901765,0.022511,0.8
1.955,8.417041,3.844342,32.902469,0.022011,0.8
1.956,8.415329,3.938397,32.903147,0.021511,0.8
1.957,8.410461,3.924049,32.905788,0.021011,0.8
1.958,8.391023,4.035004,32.908216,0.02051,0.8
1.959,8.392711,4.110959,32.909944,0.02001,0.8
1.96,8.385651,4.097569,32.912557,0.01951,0.8
1.961,8.378566,4.136325,32.914462,0.01901,0.8
1.962,8.364375,4.207106,32.915971,0.018509,0.8
1.963,8.378735,4.164383,32.916962,0.018009,0.8
1.964,8.351449,4.27652,32.919419,0.017509,0.8
1.965,8.337235,4.361814,32.921557,0.017009,0.8
1.966,8.32198,4.367345,32.923007,0.016508,0.8
1.967,8.319999,4.469664,32.923618,0.016008,0.8
1.968,8.318912,4.374252,32.925524,0.015508,0.8
1.969,8.325787,4.472964,32.928361,0.015008,0.8
1.97,8.304343,4.60059,32.931497,0.014507,0.8
1.971,8.308178,4.570733,32.93311,0.014007,0.8
1.972,8.280277,4.622207,32.936405,0.013507,0.8
1.973,8.281424,4.751987,32.93677,0.013007,0.8
1.974,8.265538,4.832264,32.940427,0.012506,0.8
1.975,8.262063,4.766327,32.942131,0.012006,0.8
1.976,8.265116,4.834468,32.944454,0.011506,0.8
1.977,8.253422,4.780351,32.949142,0.011006,0.8
1.978,8.239714,4.934603,32.951114,0.010505,0.8
1.979,8.244942,4.951841,32.954429,0.010005,0.8
1.98,8.232709,4.991521,32.957631,0.009505,0.8
1.981,8.223977,4.997118,32.961464,0.009005,0.8
1.982,8.200644,5.09009,32.96494,0.008504,0.8
1.983,8.209745,5.013469,32.968138,0.008004,0.8
1.984,8.188849,5.166983,32.972094,0.007504,0.8
1.985,8.181236,5.235587,32.974107,0.007004,0.8
1.986,8.172099,5.251432,32.977946,0.006503,0.8
1.987,8.15516,5.270615,32.981746,0.006003,0.8
1.988,8.152659,5.353586,32.98333,0.005503,0.8
1.989,8.147533,5.369012,32.98884,0.005003,0.8
1.99,8.161897,5.327561,32.993372,0.004502,0.8
1.991,8.126527,5.42618,32.996373,0.004002,0.8
1.992,8.132646,5.459786,32.998982,0.003502,0.8
1.993,8.107096,5.494511,33.002466,0.003002,0.8
1.994,8.099848,5.57705,33.006915,0.002501,0.8
1.995,8.079643,5.573705,33.008421,0.002001,0.8
1.996,8.093964,5.576362,33.013635,0.001501,0.8
1.997,8.075831,5.622239,33.01849,0.001001,0.8
1.998,8.053094,5.73756,33.021878,0.0005,0.8
1.999,8.031579,5.826976,33.026251,0.0,0.8
0.0,12.060265,2.002107,28.001504,1.0,0.75
0.001,12.06914,1.964801,28.001728,0.9995,0.75
0.002,12.063387,1.972183,28.00415,0.998999,0.75
0.003,12.04937,2.058293,28.00727,0.998499,0.75
0.004,12.058771,2.044316,28.007704,0.997999,0.75
0.005,12.051344,1.976663,28.008826,0.997499,0.75
0.006,12.047598,2.083045,28.009736,0.996998,0.75
0.007,12.027026,2.073402,28.007908,0.996498,0.75
0.008,12.033143,2.017185,28.007348,0.995998,0.75
0.009,12.037904,2.038799,28.006945,0.995498,0.75
0.01,12.041821,2.104811,28.00551,0.994997,0.75
0.011,12.0382,2.10768,28.007071,0.994497,0.75
0.012,12.045902,1.997156,28.007523,0.993997,0.75
0.013,12.034713,2.102719,28.006869,0.993497,0.75
0.014,12.03803,2.07289,28.005413,0.992996,0.75
0.015,12.03608,2.019256,28.00679,0.992496,0.75
0.016,12.016322,2.093825,28.007129,0.991996,0.75
0.017,12.022995,2.120928,28.007581,0.991496,0.75
0.018,12.024633,2.131527,28.008425,0.990995,0.75
0.019,12.012311,2.11961,28.006643,0.990495,0.75
0.02,12.009361,2.214455,28.007659,0.989995,0.75
0.021,12.011537,2.239247,28.009705,0.989495,0.75
0.022,12.021612,2.27682,28.012141,0.988994,0.75
0.023,12.016158,2.307769,28.010801,0.988494,0.75
0.024,12.016398,2.245353,28.011404,0.987994,0.75
0.025,12.016315,2.226498,28.014227,0.987494,0.75
0.026,11.999946,2.305438,28.016146,0.986993,0.75
0.027,12.008592,2.321738,28.01501,0.986493,0.75
0.028,11.998494,2.317198,28.014246,0.985993,0.75
0.029,11.997833,2.318819,28.015156,0.985493,0.75
0.03,11.997645,2.405914,28.017384,0.984992,0.75
0.031,11.973739,2.452442,28.018095,0.984492,0.75
0.032,11.982884,2.396186,28.019138,0.983992,0.75
0.033,11.990158,2.473046,28.019358,0.983492,0.75
0.034,11.973138,2.540566,28.019406,0.982991,0.75
0.035,11.989345,2.570533,28.020403,0.982491,0.75
0.036,11.980879,2.511982,28.021042,0.981991,0.75
0.037,11.969076,2.612515,28.023492,0.981491,0.75
0.038,11.969327,2.670369,28.026301,0.98099,0.75
0.039,11.963625,2.687823,28.026401,0.98049,0.75
0.04,11.96941,2.608346,28.028964,0.97999,0.75
0.041,11.944813,2.796759,28.028861,0.97949,0.75
0.042,11.938138,2.73751,28.028671,0.978989,0.75
0.043,11.9511,2.782573,28.029545,0.978489,0.75
0.044,11.959943,2.748847,28.030489,0.977989,0.75
0.045,11.933137,2.859422,28.031778,0.977489,0.75
0.046,11.926966,2.963939,28.033761,0.976988,0.75
0.047,11.923469,2.950326,28.034683,0.976488,0.75
0.048,11.937656,3.015132,28.037334,0.975988,0.75
0.049,11.919379,3.0272,28.038011,0.975488,0.75
0.05,11.915388,3.044753,28.037859,0.974987,0.75
0.051,11.916306,3.102361,28.039047,0.974487,0.75
0.052,11.921502,3.103899,28.041774,0.973987,0.75
0.053,11.913444,3.192031,28.042269,0.973487,0.75
0.054,11.898449,3.259887,28.044813,0.972986,0.75
0.055,11.917482,3.138056,28.044627,0.972486,0.75
0.056,11.883227,3.36335,28.045958,0.971986,0.75
0.057,11.888093,3.246729,28.048405,0.971486,0.75
0.058,11.879061,3.347763,28.050049,0.970985,0.75
0.059,11.882646,3.414632,28.051768,0.970485,0.75
0.06,11.875346,3.406969,28.050094,0.969985,0.75
0.061,11.878999,3.582361,28.051447,0.969485,0.75
0.062,11.873655,3.438414,28.052231,0.968984,0.75
0.063,11.86822,3.549235,28.053161,0.968484,0.75
0.064,11.871498,3.577004,28.056959,0.967984,0.75
0.065,11.851419,3.669347,28.059754,0.967484,0.75
0.066,11.85938,3.671913,28.061182,0.966983,0.75
0.067,11.849555,3.747617,28.062867,0.966483,0.75
0.068,11.848098,3.713054,28.064719,0.965983,0.75
0.069,11.84185,3.8445,28.068003,0.965483,0.75
0.07,11.842871,3.83444,28.07012,0.964982,0.75
0.071,11.838399,3.885518,28.071782,0.964482,0.75
0.072,11.801144,3.929526,28.075891,0.963982,0.75
0.073,11.832288,3.966492,28.077242,0.963482,0.75
0.074,11.818571,4.007708,28.080243,0.962981,0.75
0.075,11.811877,4.140169,28.083211,0.962481,0.75
0.076,11.810788,4.15938,28.085797,0.961981,0.75
0.077,11.805246,4.153717,28.089221,0.961481,0.75
0.078,11.802886,4.247445,28.092539,0.96098,0.75
0.079,11.794694,4.345146,28.094587,0.96048,0.75
0.08,11.773164,4.341637,28.097516,0.95998,0.75
0.081,11.7912,4.333767,28.100824,0.95948,0.75
0.082,11.780651,4.380335,28.104504,0.958979,0.75
0.083,11.767584,4.467435,28.108777,0.958479,0.75
0.084,11.771263,4.505813,28.111174,0.957979,0.75
0.085,11.766483,4.488886,28.112853,0.957479,0.75
0.086,11.756983,4.581265,28.115016,0.956978,0.75
0.087,11.745298,4.708006,28.117637,0.956478,0.75
0.088,11.757511,4.687164,28.120781,0.955978,0.75
0.089,11.739721,4.691449,28.123898,0.955478,0.75
0.09,11.729145,4.822349,28.126954,0.954977,0.75
0.091,11.753547,4.710772,28.130705,0.954477,0.75
0.092,11.739956,4.813787,28.134431,0.953977,0.75
0.093,11.734251,4.911839,28.137964,0.953477,0.75
0.094,11.730743,5.042806,28.141685,0.952976,0.75
0.095,11.727225,4.977954,28.146727,0.952476,0.75
0.096,11.7315,5.056941,28.151123,0.951976,0.75
0.097,11.708696,5.071871,28.155923,0.951476,0.75
0.098,11.728671,5.072233,28.158235,0.950975,0.75
0.099,11.713236,5.079642,28.162082,0.950475,0.75
0.1,11.707236,5.256643,28.166533,0.949975,0.75
0.101,11.698662,5.24508,28.170929,0.949475,0.75
0.102,11.685155,5.268299,28.172622,0.948974,0.75
0.103,11.687726,5.30765,28.174322,0.948474,0.75
0.104,11.673989,5.429183,28.178265,0.947974,0.75
0.105,11.682997,5.355568,28.183211,0.947474,0.75
0.106,11.689353,5.429363,28.187197,0.946973,0.75
0.107,11.673793,5.387558,28.189678,0.946473,0.75
0.108,11.666077,5.492309,28.194102,0.945973,0.75
0.109,11.652694,5.524302,28.198649,0.945473,0.75
0.11,11.661705,5.559918,28.20241,0.944972,0.75
0.111,11.644394,5.663279,28.207305,0.944472,0.75
0.112,11.673136,5.600445,28.212889,0.943972,0.75
0.113,11.657677,5.710663,28.218807,0.943472,0.75
0.114,11.655258,5.653899,28.2229,0.942971,0.75
0.115,11.628897,5.820998,28.228209,0.942471,0.75
0.116,11.655542,5.741831,28.232688,0.941971,0.75
0.117,11.63984,5.836089,28.236373,0.941471,0.75
0.118,11.642647,5.860731,28.241659,0.94097,0.75
0.119,11.628023,5.816737,28.248153,0.94047,0.75
0.12,11.628977,5.963423,28.252365,0.93997,0.75
0.121,11.61799,5.937881,28.256415,0.93947,0.75
0.122,11.609992,6.014013,28.260517,0.938969,0.75
0.123,11.62577,6.052235,28.265707,0.938469,0.75
0.124,11.616266,5.95756,28.26957,0.937969,0.75
0.125,11.61037,6.030129,28.275478,0.937469,0.75
0.126,11.598512,6.088529,28.282206,0.936968,0.75
0.127,11.612451,6.139078,28.287502,0.936468,0.75
0.128,11.58711,6.153357,28.293632,0.935968,0.75
0.129,11.595206,6.102369,28.298401,0.935468,0.75
0.13,11.583842,6.192361,28.30622,0.934967,0.75
0.131,11.577922,6.142409,28.311417,0.934467,0.75
0.132,11.596516,6.240911,28.317887,0.933967,0.75
0.133,11.587143,6.289355,28.32417,0.933467,0.75
0.134,11.571919,6.269819,28.328562,0.932966,0.75
0.135,11.57872,6.26948,28.335202,0.932466,0.75
0.136,11.572074,6.310595,28.343295,0.931966,0.75
0.137,11.565086,6.35998,28.348565,0.931466,0.75
0.138,11.594229,6.21528,28.355041,0.930965,0.75
0.139,11.560877,6.400623,28.362477,0.930465,0.75
0.14,11.549629,6.383779,28.368028,0.929965,0.75
0.141,11.560725,6.353456,28.371896,0.929465,0.75
0.142,11.549843,6.413731,28.378777,0.928964,0.75
0.143,11.55476,6.359076,28.383266,0.928464,0.75
0.144,11.553089,6.472317,28.389025,0.927964,0.75
0.145,11.562938,6.427305,28.396314,0.927464,0.75
0.146,11.540707,6.430508,28.402731,0.926963,0.75
0.147,11.539916,6.478697,28.405916,0.926463,0.75
0.148,11.567112,6.420288,28.410323,0.925963,0.75
0.149,11.557018,6.48094,28.415103,0.925463,0.75
0.15,11.546286,6.468377,28.421857,0.924962,0.75
0.151,11.533929,6.445225,28.428916,0.924462,0.75
0.152,11.530986,6.486508,28.435551,0.923962,0.75
0.153,11.552212,6.519287,28.440268,0.923462,0.75
0.154,11.543223,6.461532,28.447586,0.922961,0.75
0.155,11.538711,6.575549,28.452935,0.922461,0.75
0.156,11.539849,6.4647,28.45667,0.921961,0.75
0.157,11.533417,6.580893,28.464518,0.921461,0.75
0.158,11.528758,6.450298,28.471938,0.92096,0.75
0.159,11.537596,6.485465,28.475693,0.92046,0.75
0.16,11.530427,6.472675,28.482111,0.91996,0.75
0.161,11.529587,6.509904,28.488387,0.91946,0.75
0.162,11.521394,6.504024,28.493856,0.918959,0.75
0.163,11.521706,6.542742,28.49911,0.918459,0.75
0.164,11.518545,6.530859,28.50587,0.917959,0.75
0.165,11.51406,6.436559,28.511305,0.917459,0.75
0.166,11.524622,6.422469,28.516742,0.916958,0.75
0.167,11.520164,6.471533,28.522633,0.916458,0.75
0.168,11.542117,6.363301,28.529909,0.915958,0.75
0.169,11.522715,6.473397,28.535918,0.915458,0.75
0.17,11.543609,6.338067,28.540519,0.914957,0.75
0.171,11.528072,6.38599,28.54827,0.914457,0.75
0.172,11.518911,6.437261,28.55371,0.913957,0.75
0.173,11.514798,6.427252,28.558624,0.913457,0.75
0.174,11.52981,6.292605,28.565137,0.912956,0.75
0.175,11.528552,6.323556,28.571816,0.912456,0.75
0.176,11.512903,6.228987,28.577241,0.911956,0.75
0.177,11.520064,6.307074,28.582421,0.911456,0.75
0.178,11.516864,6.30727,28.588131,0.910955,0.75
0.179,11.516597,6.281913,28.595539,0.910455,0.75
0.18,11.541818,6.194174,28.600032,0.909955,0.75
0.181,11.516622,6.228159,28.60693,0.909455,0.75
0.182,11.522469,6.250697,28.613892,0.908954,0.75
0.183,11.523636,6.158155,28.621176,0.908454,0.75
0.184,11.531137,6.132374,28.625979,0.907954,0.75
0.185,11.524474,6.153304,28.630486,0.907454,0.75
0.186,11.52147,6.163265,28.636396,0.906953,0.75
0.187,11.512599,6.105725,28.641813,0.906453,0.75
0.188,11.530769,6.096568,28.648418,0.905953,0.75
0.189,11.532592,6.026345,28.653779,0.905453,0.75
0.19,11.523516,6.09076,28.660172,0.904952,0.75
0.191,11.522726,5.980377,28.665334,0.904452,0.75
0.192,11.532274,5.969819,28.670571,0.903952,0.75
0.193,11.524655,6.000746,28.675218,0.903452,0.75
0.194,11.51034,5.968983,28.680499,0.902951,0.75
0.195,11.527962,5.902061,28.685796,0.902451,0.75
0.196,11.530381,5.883065,28.690296,0.901951,0.75
0.197,11.524677,5.851062,28.693827,0.901451,0.75
0.198,11.542312,5.778143,28.69695,0.90095,0.75
0.199,11.533233,5.773287,28.701062,0.90045,0.75
0.2,11.51675,5.704616,28.706976,0.89995,0.75
0.201,11.540872,5.702637,28.71161,0.89945,0.75
0.202,11.541121,5.58028,28.717091,0.898949,0.75
0.203,11.547121,5.605179,28.721411,0.898449,0.75
0.204,11.542971,5.595502,28.725234,0.897949,0.75
0.205,11.520961,5.54737,28.729758,0.897449,0.75
0.206,11.535911,5.498031,28.734683,0.896948,0.75
0.207,11.539362,5.419318,28.739767,0.896448,0.75
0.208,11.53024,5.502565,28.745797,0.895948,0.75
0.209,11.529168,5.476734,28.750147,0.895448,0.75
0.21,11.530987,5.38481,28.753076,0.894947,0.75
0.211,11.545532,5.328551,28.75688,0.894447,0.75
0.212,11.553206,5.223467,28.760515,0.893947,0.75
0.213,11.536453,5.239179,28.764814,0.893447,0.75
0.214,11.543305,5.197665,28.766824,0.892946,0.75
0.215,11.535721,5.23819,28.772751,0.892446,0.75
0.216,11.558242,5.099385,28.777132,0.891946,0.75
0.217,11.569252,5.009384,28.780453,0.891446,0.75
0.218,11.532292,5.071807,28.783562,0.890945,0.75
0.219,11.561719,4.978132,28.786993,0.890445,0.75
0.22,11.536079,5.029556,28.789588,0.889945,0.75
0.221,11.551105,4.85995,28.792648,0.889445,0.75
0.222,11.554776,4.767313,28.793855,0.888944,0.75
0.223,11.551913,4.849057,28.796934,0.888444,0.75
0.224,11.558491,4.785913,28.798155,0.887944,0.75
0.225,11.559214,4.759155,28.803181,0.887444,0.75
0.226,11.567679,4.679276,28.805737,0.886943,0.75
0.227,11.575362,4.642405,28.810259,0.886443,0.75
0.228,11.547144,4.642925,28.812683,0.885943,0.75
0.229,11.579605,4.494737,28.814533,0.885443,0.75
0.23,11.56476,4.505279,28.818107,0.884942,0.75
0.231,11.572592,4.488059,28.821758,0.884442,0.75
0.232,11.573215,4.466937,28.825521,0.883942,0.75
0.233,11.576853,4.440852,28.828094,0.883442,0.75
0.234,11.582174,4.369636,28.829687,0.882941,0.75
0.235,11.594788,4.247896,28.832401,0.882441,0.75
0.236,11.58076,4.254998,28.836429,0.881941,0.75
0.237,11.595763,4.145706,28.839811,0.881441,0.75
0.238,11.58357,4.210897,28.843227,0.88094,0.75
0.239,11.584358,4.138295,28.846268,0.88044,0.75
0.24,11.601983,4.067141,28.84848,0.87994,0.75
0.241,11.595502,4.048957,28.849936,0.87944,0.75
0.242,11.588625,3.936254,28.852522,0.878939,0.75
0.243,11.597166,3.964952,28.855632,0.878439,0.75
0.244,11.585181,3.900007,28.857939,0.877939,0.75
0.245,11.606237,3.855752,28.860495,0.877439,0.75
0.246,11.602951,3.832073,28.862783,0.876938,0.75
0.247,11.612145,3.649393,28.865538,0.876438,0.75
0.248,11.601267,3.637893,28.868153,0.875938,0.75
0.249,11.591196,3.707818,28.870033,0.875438,0.75
0.25,11.602718,3.644899,28.872098,0.874937,0.75
0.251,11.625505,3.462154,28.873111,0.874437,0.75
0.252,11.605877,3.550286,28.872749,0.873937,0.75
0.253,11.617818,3.398175,28.874546,0.873437,0.75
0.254,11.610114,3.466877,28.874471,0.872936,0.75
0.255,11.615703,3.331537,28.875873,0.872436,0.75
0.256,11.613351,3.39015,28.876566,0.871936,0.75
0.257,11.624805,3.26353,28.87831,0.871436,0.75
0.258,11.617323,3.255674,28.879554,0.870935,0.75
0.259,11.608318,3.325374,28.879486,0.870435,0.75
0.26,11.627034,3.175112,28.880188,0.869935,0.75
0.261,11.609566,3.199832,28.881357,0.869435,0.75
0.262,11.628064,3.112313,28.882647,0.868934,0.75
0.263,11.621222,3.062551,28.884037,0.868434,0.75
0.264,11.621726,2.971777,28.884247,0.867934,0.75
0.265,11.632849,2.968101,28.887169,0.867434,0.75
0.266,11.632158,2.965223,28.888021,0.866933,0.75
0.267,11.627425,2.948552,28.888228,0.866433,0.75
0.268,11.631608,2.860435,28.890542,0.865933,0.75
0.269,11.64372,2.866187,28.891362,0.865433,0.75
0.27,11.635683,2.844498,28.891262,0.864932,0.75
0.271,11.630833,2.809948,28.892885,0.864432,0.75
0.272,11.627094,2.839924,28.893669,0.863932,0.75
0.273,11.639038,2.750919,28.893672,0.863432,0.75
0.274,11.62396,2.767579,28.894721,0.862931,0.75
0.275,11.632136,2.716201,28.896661,0.862431,0.75
0.276,11.642464,2.586199,28.896909,0.861931,0.75
0.277,11.641516,2.644867,28.897439,0.861431,0.75
0.278,11.652037,2.543373,28.899147,0.86093,0.75
0.279,11.648087,2.471656,28.898126,0.86043,0.75
0.28,11.651594,2.568472,28.898094,0.85993,0.75
0.281,11.629608,2.547786,28.899142,0.85943,0.75
0.282,11.63399,2.464511,28.899557,0.858929,0.75
0.283,11.628236,2.442394,28.902276,0.858429,0.75
0.284,11.634579,2.400261,28.901988,0.857929,0.75
0.285,11.647965,2.42213,28.903249,0.857429,0.75
0.286,11.649492,2.309758,28.904028,0.856928,0.75
0.287,11.655808,2.335467,28.906089,0.856428,0.75
0.288,11.647212,2.254837,28.907669,0.855928,0.75
0.289,11.672104,2.296431,28.908966,0.855428,0.75
0.29,11.651207,2.291836,28.909135,0.854927,0.75
0.291,11.640896,2.240843,28.912752,0.854427,0.75
0.292,11.652702,2.126034,28.915469,0.853927,0.75
0.293,11.664366,2.154762,28.915228,0.853427,0.75
0.294,11.664199,2.118369,28.91547,0.852926,0.75
0.295,11.638833,2.127555,28.917955,0.852426,0.75
0.296,11.637692,2.211862,28.919386,0.851926,0.75
0.297,11.64015,2.112248,28.920688,0.851426,0.75
0.298,11.646354,2.100611,28.9224,0.850925,0.75
0.299,11.637299,2.105752,28.92321,0.850425,0.75
0.3,11.652956,1.98028,28.923956,0.849925,0.75
0.301,11.653695,2.029559,28.923894,0.849425,0.75
0.302,11.641581,2.06271,28.925701,0.848924,0.75
0.303,11.647086,1.983707,28.925565,0.848424,0.75
0.304,11.635715,2.135272,28.925042,0.847924,0.75
0.305,11.652635,2.013669,28.926049,0.847424,0.75
0.306,11.638858,1.991103,28.927687,0.846923,0.75
0.307,11.650567,1.945595,28.928357,0.846423,0.75
0.308,11.645369,1.96787,28.92801,0.845923,0.75
0.309,11.64134,1.93098,28.928216,0.845423,0.75
0.31,11.622295,2.085225,28.926925,0.844922,0.75
0.311,11.640398,1.930741,28.926457,0.844422,0.75
0.312,11.636384,1.937836,28.926454,0.843922,0.75
0.313,11.636606,2.041666,28.926564,0.843422,0.75
0.314,11.649071,1.991607,28.929749,0.842921,0.75
0.315,11.622289,2.131673,28.930065,0.842421,0.75
0.316,11.641341,1.935763,28.930998,0.841921,0.75
0.317,11.632245,1.971811,28.930986,0.841421,0.75
0.318,11.631935,1.967534,28.933095,0.84092,0.75
0.319,11.601746,2.082839,28.93414,0.84042,0.75
0.32,11.622119,2.016881,28.934748,0.83992,0.75
0.321,11.601907,2.006821,28.935895,0.83942,0.75
0.322,11.619619,2.068725,28.936318,0.838919,0.75
0.323,11.622808,1.963526,28.936619,0.838419,0.75
0.324,11.602249,2.16038,28.938806,0.837919,0.75
0.325,11.602218,2.043269,28.939122,0.837419,0.75
0.326,11.606812,2.063466,28.939427,0.836918,0.75
0.327,11.606623,2.088828,28.940777,0.836418,0.75
0.328,11.60092,2.122966,28.940151,0.835918,0.75
0.329,11.608422,2.101782,28.94014,0.835418,0.75
0.33,11.606912,2.087313,28.941954,0.834917,0.75
0.331,11.593526,2.255064,28.942836,0.834417,0.75
0.332,11.615956,2.109349,28.945617,0.833917,0.75
0.333,11.585319,2.17389,28.944313,0.833417,0.75
0.334,11.584329,2.168259,28.946614,0.832916,0.75
0.335,11.596034,2.17317,28.947873,0.832416,0.75
0.336,11.59247,2.122423,28.948905,0.831916,0.75
0.337,11.561858,2.27718,28.952157,0.831416,0.75
0.338,11.567969,2.223426,28.952908,0.830915,0.75
0.339,11.574403,2.267922,28.953608,0.830415,0.75
0.34,11.560379,2.368095,28.956306,0.829915,0.75
0.341,11.573901,2.369212,28.956246,0.829415,0.75
0.342,11.582571,2.360525,28.957743,0.828914,0.75
0.343,11.557142,2.302278,28.956886,0.828414,0.75
0.344,11.548986,2.456331,28.95788,0.827914,0.75
0.345,11.558218,2.466189,28.956945,0.827414,0.75
0.346,11.560421,2.408397,28.957458,0.826913,0.75
0.347,11.544677,2.541003,28.958903,0.826413,0.75
0.348,11.545511,2.522645,28.959762,0.825913,0.75
0.349,11.561881,2.511197,28.961732,0.825413,0.75
0.35,11.533262,2.667687,28.960912,0.824912,0.75
0.351,11.535843,2.473006,28.962319,0.824412,0.75
0.352,11.538617,2.654965,28.966039,0.823912,0.75
0.353,11.534879,2.582938,28.967959,0.823412,0.75
0.354,11.517218,2.678075,28.969788,0.822911,0.75
0.355,11.523131,2.69769,28.970245,0.822411,0.75
0.356,11.52894,2.707102,28.972502,0.821911,0.75
0.357,11.504324,2.889567,28.974022,0.821411,0.75
0.358,11.521868,2.857596,28.974255,0.82091,0.75
0.359,11.509638,2.8367,28.974694,0.82041,0.75
0.36,11.497948,2.854903,28.977022,0.81991,0.75
0.361,11.497594,2.904805,28.977187,0.81941,0.75
0.362,11.50993,2.970387,28.978272,0.818909,0.75
0.363,11.495846,2.998131,28.979526,0.818409,0.75
0.364,11.493276,2.946889,28.980244,0.817909,0.75
0.365,11.48641,3.098097,28.981445,0.817409,0.75
0.366,11.479089,3.126834,28.981752,0.816908,0.75
0.367,11.481407,3.113913,28.982464,0.816408,0.75
0.368,11.464558,3.253195,28.982916,0.815908,0.75
0.369,11.465419,3.312649,28.986261,0.815408,0.75
0.37,11.457524,3.283764,28.987737,0.814907,0.75
0.371,11.471227,3.280831,28.989426,0.814407,0.75
0.372,11.447326,3.496125,28.993821,0.813907,0.75
0.373,11.445762,3.365377,28.99585,0.813407,0.75
0.374,11.459132,3.405225,28.998041,0.812906,0.75
0.375,11.446431,3.42992,29.001437,0.812406,0.75
0.376,11.423766,3.563258,29.004979,0.811906,0.75
0.377,11.434827,3.611902,29.008255,0.811406,0.75
0.378,11.423831,3.612978,29.011625,0.810905,0.75
0.379,11.423275,3.584055,29.015396,0.810405,0.75
0.38,11.427285,3.644923,29.017587,0.809905,0.75
0.381,11.417202,3.663204,29.018193,0.809405,0.75
0.382,11.406164,3.780523,29.021138,0.808904,0.75
0.383,11.396911,3.923695,29.024197,0.808404,0.75
0.384,11.420921,3.670781,29.027343,0.807904,0.75
0.385,11.383648,3.886605,29.030052,0.807404,0.75
0.386,11.397866,3.968003,29.032443,0.806903,0.75
0.387,11.37844,4.008245,29.03544,0.806403,0.75
0.388,11.36928,4.124491,29.037741,0.805903,0.75
0.389,11.378471,4.047247,29.040267,0.805403,0.75
0.39,11.371146,4.1433,29.044139,0.804902,0.75
0.391,11.372744,4.215572,29.048489,0.804402,0.75
0.392,11.362357,4.214827,29.051652,0.803902,0.75
0.393,11.375355,4.249445,29.054045,0.803402,0.75
0.394,11.346511,4.355671,29.055826,0.802901,0.75
0.395,11.356476,4.32754,29.05946,0.802401,0.75
0.396,11.339595,4.485877,29.062312,0.801901,0.75
0.397,11.344017,4.430146,29.064513,0.801401,0.75
0.398,11.343579,4.424271,29.066834,0.8009,0.75
0.399,11.326719,4.571636,29.069096,0.8004,0.75
0.4,11.321847,4.588184,29.072555,0.7999,0.75
0.401,11.317401,4.66872,29.073829,0.7994,0.75
0.402,11.316217,4.699631,29.075703,0.798899,0.75
0.403,11.325002,4.634203,29.077693,0.798399,0.75
0.404,11.295911,4.865486,29.081361,0.797899,0.75
0.405,11.295438,4.806439,29.086126,0.797399,0.75
0.406,11.326261,4.793305,29.088301,0.796898,0.75
0.407,11.287252,4.967275,29.092926,0.796398,0.75
0.408,11.278162,4.950104,29.098241,0.795898,0.75
0.409,11.293836,4.908074,29.100749,0.795398,0.75
0.41,11.290745,5.017207,29.10398,0.794897,0.75
0.411,11.280391,4.988754,29.107593,0.794397,0.75
0.412,11.285971,5.048956,29.110105,0.793897,0.75
0.413,11.264917,5.167552,29.116268,0.793397,0.75
0.414,11.273244,5.208452,29.119649,0.792896,0.75
0.415,11.26026,5.26462,29.123359,0.792396,0.75
0.416,11.247007,5.285455,29.126762,0.791896,0.75
0.417,11.273254,5.266511,29.132072,0.791396,0.75
0.418,11.259043,5.305329,29.13564,0.790895,0.75
0.419,11.251962,5.416998,29.139516,0.790395,0.75
0.42,11.246441,5.379755,29.1435,0.789895,0.75
0.421,11.242621,5.468133,29.14797,0.789395,0.75
0.422,11.22966,5.529392,29.152378,0.788894,0.75
0.423,11.22923,5.493563,29.157446,0.788394,0.75
0.424,11.243268,5.465152,29.161829,0.787894,0.75
0.425,11.231983,5.550418,29.166436,0.787394,0.75
0.426,11.217936,5.665948,29.170267,0.786893,0.75
0.427,11.21606,5.663744,29.175367,0.786393,0.75
0.428,11.208226,5.681637,29.181191,0.785893,0.75
0.429,11.207445,5.755624,29.187949,0.785393,0.75
0.43,11.214261,5.815375,29.193282,0.784892,0.75
0.431,11.21478,5.832737,29.197351,0.784392,0.75
0.432,11.207335,5.788371,29.201729,0.783892,0.75
0.433,11.192602,5.890957,29.206208,0.783392,0.75
0.434,11.191299,5.880355,29.21057,0.782891,0.75
0.435,11.184743,5.961024,29.216903,0.782391,0.75
0.436,11.187497,5.961458,29.222532,0.781891,0.75
0.437,11.181043,6.037909,29.227421,0.781391,0.75
0.438,11.178782,5.977159,29.233125,0.78089,0.75
0.439,11.180208,5.998645,29.237909,0.78039,0.75
0.44,11.166786,6.122993,29.244513,0.77989,0.75
0.441,11.150927,6.187386,29.24912,0.77939,0.75
0.442,11.16526,6.155436,29.254276,0.778889,0.75
0.443,11.150261,6.155027,29.258829,0.778389,0.75
0.444,11.168103,6.168806,29.263449,0.777889,0.75
0.445,11.149712,6.240115,29.270836,0.777389,0.75
0.446,11.153064,6.207264,29.275979,0.776888,0.75
0.447,11.154968,6.248648,29.279366,0.776388,0.75
0.448,11.135223,6.338516,29.284137,0.775888,0.75
0.449,11.132132,6.401239,29.290673,0.775388,0.75
0.45,11.139592,6.30702,29.295739,0.774887,0.75
0.451,11.149459,6.379819,29.300808,0.774387,0.75
0.452,11.130339,6.432403,29.305592,0.773887,0.75
0.453,11.142971,6.282042,29.310563,0.773387,0.75
0.454,11.13146,6.389794,29.317782,0.772886,0.75
0.455,11.123829,6.365474,29.324419,0.772386,0.75
0.456,11.12378,6.414509,29.330362,0.771886,0.75
0.457,11.128514,6.392643,29.336822,0.771386,0.75
0.458,11.103886,6.515473,29.34372,0.770885,0.75
0.459,11.132034,6.440618,29.349627,0.770385,0.75
0.46,11.106042,6.460917,29.355368,0.769885,0.75
0.461,11.103991,6.529937,29.361521,0.769385,0.75
0.462,11.107994,6.476022,29.367955,0.768884,0.75
0.463,11.11286,6.519722,29.374227,0.768384,0.75
0.464,11.106442,6.458577,29.381856,0.767884,0.75
0.465,11.113477,6.426748,29.387323,0.767384,0.75
0.466,11.098837,6.427039,29.393166,0.766883,0.75
0.467,11.104495,6.537407,29.401211,0.766383,0.75
0.468,11.109027,6.419826,29.404881,0.765883,0.75
0.469,11.105614,6.517583,29.412106,0.765383,0.75
0.47,11.08236,6.443592,29.41656,0.764882,0.75
0.471,11.093108,6.43317,29.423339,0.764382,0.75
0.472,11.092471,6.482615,29.429954,0.763882,0.75
0.473,11.09819,6.496772,29.435712,0.763382,0.75
0.474,11.092854,6.456296,29.441624,0.762881,0.75
0.475,11.087022,6.526042,29.446923,0.762381,0.75
0.476,11.09433,6.42937,29.451944,0.761881,0.75
0.477,11.087392,6.497,29.459274,0.761381,0.75
0.478,11.083899,6.493491,29.46473,0.76088,0.75
0.479,11.080544,6.498807,29.469726,0.76038,0.75
0.48,11.080583,6.406395,29.474599,0.75988,0.75
0.481,11.080695,6.48699,29.479742,0.75938,0.75
0.482,11.082088,6.339738,29.485402,0.758879,0.75
0.483,11.070269,6.459754,29.491679,0.758379,0.75
0.484,11.078225,6.436201,29.497867,0.757879,0.75
0.485,11.078615,6.462362,29.503156,0.757379,0.75
0.486,11.091565,6.348511,29.509017,0.756878,0.75
0.487,11.076942,6.417433,29.515379,0.756378,0.75
0.488,11.084494,6.387645,29.51946,0.755878,0.75
0.489,11.063371,6.386838,29.525801,0.755378,0.75
0.49,11.074145,6.329617,29.531354,0.754877,0.75
0.491,11.071846,6.37134,29.536561,0.754377,0.75
0.492,11.057366,6.406415,29.542203,0.753877,0.75
0.493,11.075191,6.294344,29.547443,0.753377,0.75
0.494,11.087002,6.198209,29.552857,0.752876,0.75
0.495,11.066103,6.165682,29.557882,0.752376,0.75
0.496,11.068132,6.183014,29.563416,0.751876,0.75
0.497,11.071219,6.223511,29.568717,0.751376,0.75
0.498,11.076455,6.17148,29.575003,0.750875,0.75
0.499,11.07702,6.140974,29.579982,0.750375,0.75
0.5,11.073454,6.129063,29.585601,0.749875,0.75
0.501,11.100324,5.992374,29.591336,0.749375,0.75
0.502,11.088418,6.004402,29.597372,0.748874,0.75
0.503,11.082836,6.078833,29.602106,0.748374,0.75
0.504,11.078422,6.117324,29.608048,0.747874,0.75
0.505,11.070812,6.034519,29.612211,0.747374,0.75
0.506,11.086035,5.937781,29.617021,0.746873,0.75
0.507,11.064691,5.983235,29.622116,0.746373,0.75
0.508,11.078056,5.907893,29.627292,0.745873,0.75
0.509,11.073824,5.929046,29.632199,0.745373,0.75
0.51,11.079768,5.824416,29.637945,0.744872,0.75
0.511,11.064549,5.847206,29.643491,0.744372,0.75
0.512,11.080065,5.793546,29.64839,0.743872,0.75
0.513,11.082144,5.753124,29.653536,0.743372,0.75
0.514,11.076276,5.801092,29.660318,0.742871,0.75
0.515,11.087012,5.661245,29.665617,0.742371,0.75
0.516,11.095578,5.684416,29.667978,0.741871,0.75
0.517,11.087794,5.603842,29.674158,0.741371,0.75
0.518,11.074966,5.61197,29.679102,0.74087,0.75
0.519,11.08434,5.608438,29.682727,0.74037,0.75
0.52,11.086623,5.52134,29.687307,0.73987,0.75
0.521,11.098522,5.487703,29.691363,0.73937,0.75
0.522,11.103028,5.338383,29.695263,0.738869,0.75
0.523,11.0923,5.40608,29.699292,0.738369,0.75
0.524,11.096458,5.316832,29.703554,0.737869,0.75
0.525,11.117222,5.280596,29.705878,0.737369,0.75
0.526,11.097816,5.242184,29.70713,0.736868,0.75
0.527,11.099916,5.276585,29.71238,0.736368,0.75
0.528,11.10326,5.088422,29.714686,0.735868,0.75
0.529,11.10165,5.212487,29.717851,0.735368,0.75
0.53,11.112629,5.106312,29.720771,0.734867,0.75
0.531,11.105216,4.981402,29.723651,0.734367,0.75
0.532,11.115702,4.965173,29.729801,0.733867,0.75
0.533,11.114031,5.009303,29.733193,0.733367,0.75
0.534,11.119865,4.925296,29.736905,0.732866,0.75
0.535,11.121954,4.847368,29.740448,0.732366,0.75
0.536,11.110497,4.929149,29.743325,0.731866,0.75
0.537,11.116642,4.807411,29.7459,0.731366,0.75
0.538,11.110769,4.715535,29.7478,0.730865,0.75
0.539,11.119983,4.739589,29.751372,0.730365,0.75
0.54,11.122909,4.684696,29.754629,0.729865,0.75
0.541,11.118466,4.688506,29.758148,0.729365,0.75
0.542,11.11659,4.691632,29.762876,0.728864,0.75
0.543,11.132461,4.596116,29.766665,0.728364,0.75
0.544,11.12848,4.437087,29.768527,0.727864,0.75
0.545,11.11721,4.460931,29.773309,0.727364,0.75
0.546,11.107881,4.480723,29.776156,0.726863,0.75
0.547,11.143362,4.439393,29.778018,0.726363,0.75
0.548,11.141355,4.314321,29.780686,0.725863,0.75
0.549,11.137566,4.268892,29.782684,0.725363,0.75
0.55,11.148849,4.155698,29.78495,0.724862,0.75
0.551,11.13933,4.168068,29.786648,0.724362,0.75
0.552,11.125572,4.106531,29.788842,0.723862,0.75
0.553,11.137844,4.067533,29.792289,0.723362,0.75
0.554,11.149493,3.9796,29.794499,0.722861,0.75
0.555,11.166282,4.023197,29.794766,0.722361,0.75
0.556,11.14679,3.98796,29.797619,0.721861,0.75
0.557,11.159107,3.891355,29.799529,0.721361,0.75
0.558,11.157799,3.905396,29.800971,0.72086,0.75
0.559,11.149217,3.862811,29.803654,0.72036,0.75
0.56,11.154944,3.774168,29.806477,0.71986,0.75
0.561,11.177743,3.652724,29.808007,0.71936,0.75
0.562,11.160325,3.762516,29.810029,0.718859,0.75
0.563,11.162621,3.622899,29.813991,0.718359,0.75
0.564,11.176584,3.504105,29.815197,0.717859,0.75
0.565,11.15641,3.435664,29.815849,0.717359,0.75
0.566,11.165389,3.474098,29.817693,0.716858,0.75
0.567,11.16902,3.527514,29.818886,0.716358,0.75
0.568,11.16653,3.526442,29.82239,0.715858,0.75
0.569,11.159745,3.437733,29.823349,0.715358,0.75
0.57,11.166356,3.299919,29.824827,0.714857,0.75
0.571,11.170231,3.288474,29.82686,0.714357,0.75
0.572,11.198301,3.264391,29.828033,0.713857,0.75
0.573,11.15862,3.362134,29.828869,0.713357,0.75
0.574,11.175587,3.297786,29.830255,0.712856,0.75
0.575,11.186903,3.117917,29.831757,0.712356,0.75
0.576,11.163462,3.196754,29.83295,0.711856,0.75
0.577,11.179516,3.117243,29.833516,0.711356,0.75
0.578,11.17858,3.063289,29.833693,0.710855,0.75
0.579,11.158569,3.077574,29.834454,0.710355,0.75
0.58,11.184199,3.015836,29.835518,0.709855,0.75
0.581,11.180042,2.860027,29.835575,0.709355,0.75
0.582,11.202936,2.806247,29.838718,0.708854,0.75
0.583,11.171865,2.825988,29.839998,0.708354,0.75
0.584,11.193121,2.829893,29.841361,0.707854,0.75
0.585,11.177627,2.799528,29.842284,0.707354,0.75
0.586,11.197482,2.811506,29.843552,0.706853,0.75
0.587,11.185078,2.746822,29.845111,0.706353,0.75
0.588,11.20174,2.613556,29.84793,0.705853,0.75
0.589,11.193411,2.653457,29.84785,0.705353,0.75
0.59,11.183343,2.695367,29.848019,0.704852,0.75
0.591,11.186633,2.608913,29.84827,0.704352,0.75
0.592,11.179894,2.525157,29.848008,0.703852,0.75
0.593,11.195185,2.608011,29.848866,0.703352,0.75
0.594,11.182313,2.506084,29.850777,0.702851,0.75
0.595,11.201362,2.452292,29.851225,0.702351,0.75
0.596,11.210165,2.416911,29.85197,0.701851,0.75
0.597,11.194923,2.469457,29.852068,0.701351,0.75
0.598,11.18258,2.457842,29.852321,0.70085,0.75
0.599,11.197558,2.322687,29.853133,0.70035,0.75
0.6,11.193077,2.292808,29.853711,0.69985,0.75
0.601,11.184272,2.381253,29.855304,0.69935,0.75
0.602,11.202222,2.265542,29.857236,0.698849,0.75
0.603,11.19192,2.339571,29.858048,0.698349,0.75
0.604,11.211302,2.176095,29.857882,0.697849,0.75
0.605,11.201827,2.215202,29.857176,0.697349,0.75
0.606,11.208996,2.225741,29.859003,0.696848,0.75
0.607,11.207368,2.181045,29.859997,0.696348,0.75
0.608,11.179296,2.257795,29.861903,0.695848,0.75
0.609,11.192937,2.210727,29.862281,0.695348,0.75
0.61,11.205054,2.064516,29.86403,0.694847,0.75
0.611,11.206243,2.061163,29.864643,0.694347,0.75
0.612,11.19665,2.12273,29.867187,0.693847,0.75
0.613,11.194952,2.105033,29.867672,0.693347,0.75
0.614,11.190905,2.040019,29.868088,0.692846,0.75
0.615,11.209717,2.095312,29.867945,0.692346,0.75
0.616,11.197827,2.107116,29.869142,0.691846,0.75
0.617,11.187565,2.122723,29.869777,0.691346,0.75
0.618,11.178458,2.119002,29.871531,0.690845,0.75
0.619,11.200307,2.070454,29.871484,0.690345,0.75
0.62,11.191994,2.005889,29.871303,0.689845,0.75
0.621,11.202973,1.984519,29.872342,0.689345,0.75
0.622,11.173826,2.045844,29.872814,0.688844,0.75
0.623,11.188691,2.071636,29.874302,0.688344,0.75
0.624,11.163655,2.113931,29.875761,0.687844,0.75
0.625,11.174168,2.018962,29.875976,0.687344,0.75
0.626,11.173732,2.021409,29.877846,0.686843,0.75
0.627,11.181728,2.01827,29.876843,0.686343,0.75
0.628,11.172547,2.015264,29.876605,0.685843,0.75
0.629,11.1797,2.003796,29.878664,0.685343,0.75
0.63,11.18559,2.016452,29.878052,0.684842,0.75
0.631,11.176938,2.021275,29.878205,0.684342,0.75
0.632,11.182328,1.938649,29.879723,0.683842,0.75
0.633,11.167974,2.030864,29.8797,0.683342,0.75
0.634,11.177577,2.025052,29.880298,0.682841,0.75
0.635,11.169469,2.019664,29.879106,0.682341,0.75
0.636,11.168518,2.023853,29.879362,0.681841,0.75
0.637,11.155229,2.082986,29.879172,0.681341,0.75
0.638,11.178331,2.058278,29.879436,0.68084,0.75
0.639,11.154771,2.025959,29.878717,0.68034,0.75
0.64,11.159369,2.003819,29.877637,0.67984,0.75
0.641,11.165384,2.112665,29.879769,0.67934,0.75
0.642,11.155975,2.071296,29.879903,0.678839,0.75
0.643,11.162665,1.963229,29.879775,0.678339,0.75
0.644,11.132937,2.22951,29.881035,0.677839,0.75
0.645,11.14622,2.168399,29.881441,0.677339,0.75
0.646,11.143467,2.180009,29.882115,0.676838,0.75
0.647,11.148211,2.08521,29.88404,0.676338,0.75
0.648,11.141505,2.223228,29.883862,0.675838,0.75
0.649,11.110198,2.243111,29.884708,0.675338,0.75
0.65,11.128424,2.245324,29.88339,0.674837,0.75
0.651,11.135242,2.215667,29.88506,0.674337,0.75
0.652,11.117118,2.314092,29.886972,0.673837,0.75
0.653,11.111066,2.336691,29.888515,0.673337,0.75
0.654,11.117098,2.299963,29.889407,0.672836,0.75
0.655,11.124396,2.351218,29.890073,0.672336,0.75
0.656,11.127922,2.281946,29.890689,0.671836,0.75
0.657,11.118784,2.333503,29.891999,0.671336,0.75
0.658,11.101388,2.391097,29.892543,0.670835,0.75
0.659,11.098917,2.434291,29.893126,0.670335,0.75
0.66,11.109264,2.396754,29.893402,0.669835,0.75
0.661,11.095073,2.488223,29.893712,0.669335,0.75
0.662,11.087523,2.585809,29.89347,0.668834,0.75
0.663,11.091949,2.618474,29.893946,0.668334,0.75
0.664,11.092578,2.553529,29.895377,0.667834,0.75
0.665,11.080077,2.626933,29.895936,0.667334,0.75
0.666,11.069895,2.615892,29.896642,0.666833,0.75
0.667,11.078235,2.642858,29.899345,0.666333,0.75
0.668,11.087566,2.623087,29.900745,0.665833,0.75
0.669,11.086036,2.585676,29.901586,0.665333,0.75
0.67,11.053654,2.814249,29.90231,0.664832,0.75
0.671,11.043831,2.810442,29.902709,0.664332,0.75
0.672,11.053598,2.729749,29.905383,0.663832,0.75
0.673,11.049635,2.791616,29.903657,0.663332,0.75
0.674,11.025771,2.843345,29.905083,0.662831,0.75
0.675,11.044998,2.950226,29.90478,0.662331,0.75
0.676,11.043875,2.944568,29.905606,0.661831,0.75
0.677,11.04813,2.920151,29.905591,0.661331,0.75
0.678,11.030402,3.045941,29.908366,0.66083,0.75
0.679,11.015135,3.175321,29.908598,0.66033,0.75
0.68,11.023321,3.105741,29.910562,0.65983,0.75
0.681,11.015916,3.099606,29.911813,0.65933,0.75
0.682,11.00491,3.191976,29.913114,0.658829,0.75
0.683,11.016287,3.212722,29.914477,0.658329,0.75
0.684,11.007629,3.314758,29.914237,0.657829,0.75
0.685,11.012181,3.285774,29.914819,0.657329,0.75
0.686,10.99977,3.351847,29.916535,0.656828,0.75
0.687,10.995033,3.360631,29.917553,0.656328,0.75
0.688,10.998796,3.385342,29.918853,0.655828,0.75
0.689,10.964495,3.581377,29.920776,0.655328,0.75
0.69,10.988992,3.465046,29.921317,0.654827,0.75
0.691,10.977467,3.604412,29.922085,0.654327,0.75
0.692,10.975774,3.573485,29.924828,0.653827,0.75
0.693,10.962563,3.664235,29.928813,0.653327,0.75
0.694,10.950069,3.737403,29.930807,0.652826,0.75
0.695,10.953339,3.824127,29.932885,0.652326,0.75
0.696,10.945379,3.745127,29.934769,0.651826,0.75
0.697,10.936675,3.802405,29.935927,0.651326,0.75
0.698,10.930665,3.90109,29.937864,0.650825,0.75
0.699,10.941426,3.921025,29.941586,0.650325,0.75
0.7,10.935507,3.926548,29.945479,0.649825,0.75
0.701,10.931656,3.95515,29.947787,0.649325,0.75
0.702,10.933413,4.024788,29.947667,0.648824,0.75
0.703,10.927701,4.052845,29.949063,0.648324,0.75
0.704,10.915328,4.081074,29.952868,0.647824,0.75
0.705,10.909073,4.177407,29.954148,0.647324,0.75
0.706,10.894458,4.221906,29.954497,0.646823,0.75
0.707,10.884251,4.2359,29.956719,0.646323,0.75
0.708,10.90564,4.35685,29.960243,0.645823,0.75
0.709,10.886241,4.396398,29.962197,0.645323,0.75
0.71,10.892303,4.416106,29.96533,0.644822,0.75
0.711,10.872702,4.436007,29.966074,0.644322,0.75
0.712,10.888073,4.482309,29.967762,0.643822,0.75
0.713,10.876535,4.543797,29.971059,0.643322,0.75
0.714,10.858668,4.522151,29.972977,0.642821,0.75
0.715,10.858176,4.620171,29.975761,0.642321,0.75
0.716,10.857968,4.646609,29.978941,0.641821,0.75
0.717,10.863253,4.653597,29.980979,0.641321,0.75
0.718,10.845184,4.757387,29.983486,0.64082,0.75
0.719,10.844453,4.787768,29.986887,0.64032,0.75
0.72,10.824507,4.850464,29.990551,0.63982,0.75
0.721,10.835676,4.896653,29.994672,0.63932,0.75
0.722,10.82114,4.937402,29.999638,0.638819,0.75
0.723,10.816029,4.986002,30.002547,0.638319,0.75
0.724,10.828461,4.981889,30.006811,0.637819,0.75
0.725,10.822317,5.055794,30.010785,0.637319,0.75
0.726,10.814671,4.977721,30.011836,0.636818,0.75
0.727,10.810838,5.09276,30.014167,0.636318,0.75
0.728,10.809988,5.153991,30.018079,0.635818,0.75
0.729,10.794282,5.189079,30.022499,0.635318,0.75
0.73,10.80444,5.288995,30.025652,0.634817,0.75
0.731,10.802249,5.202337,30.027534,0.634317,0.75
0.732,10.779242,5.331854,30.031359,0.633817,0.75
0.733,10.783782,5.301869,30.034525,0.633317,0.75
0.734,10.789659,5.419314,30.038969,0.632816,0.75
0.735,10.785721,5.428821,30.043446,0.632316,0.75
0.736,10.774863,5.367668,30.046926,0.631816,0.75
0.737,10.766055,5.505809,30.050867,0.631316,0.75
0.738,10.773009,5.609683,30.055228,0.630815,0.75
0.739,10.768946,5.599507,30.057911,0.630315,0.75
0.74,10.756993,5.588022,30.062091,0.629815,0.75
0.741,10.745145,5.70036,30.066836,0.629315,0.75
0.742,10.747008,5.788415,30.074004,0.628814,0.75
0.743,10.743233,5.72262,30.079178,0.628314,0.75
0.744,10.73751,5.772438,30.083218,0.627814,0.75
0.745,10.730657,5.815746,30.088129,0.627314,0.75
0.746,10.738703,5.805518,30.092164,0.626813,0.75
0.747,10.718501,5.839719,30.098251,0.626313,0.75
0.748,10.727816,5.881803,30.101397,0.625813,0.75
0.749,10.699645,5.963447,30.107955,0.625313,0.75
0.75,10.71932,5.936504,30.112646,0.624812,0.75
0.751,10.710579,5.987888,30.118076,0.624312,0.75
0.752,10.700122,6.138304,30.125333,0.623812,0.75
0.753,10.706051,6.096956,30.13159,0.623312,0.75
0.754,10.681112,6.16532,30.136738,0.622811,0.75
0.755,10.692407,6.179783,30.141734,0.622311,0.75
0.756,10.696136,6.09831,30.146428,0.621811,0.75
0.757,10.681207,6.152,30.151463,0.621311,0.75
0.758,10.676061,6.163565,30.156584,0.62081,0.75
0.759,10.680907,6.231746,30.161302,0.62031,0.75
0.76,10.691617,6.214404,30.16705,0.61981,0.75
0.761,10.674667,6.282884,30.172599,0.61931,0.75
0.762,10.676687,6.287451,30.176888,0.618809,0.75
0.763,10.663334,6.251811,30.182676,0.618309,0.75
0.764,10.674897,6.336053,30.187746,0.617809,0.75
0.765,10.673594,6.272744,30.19309,0.617309,0.75
0.766,10.652068,6.409845,30.198705,0.616808,0.75
0.767,10.661405,6.300689,30.204953,0.616308,0.75
0.768,10.656454,6.373542,30.212576,0.615808,0.75
0.769,10.662569,6.37092,30.216693,0.615308,0.75
0.77,10.652391,6.356571,30.22436,0.614807,0.75
0.771,10.661603,6.355759,30.230564,0.614307,0.75
0.772,10.642962,6.48074,30.237389,0.613807,0.75
0.773,10.653952,6.372524,30.244383,0.613307,0.75
0.774,10.649114,6.39373,30.25124,0.612806,0.75
0.775,10.653505,6.422652,30.257459,0.612306,0.75
0.776,10.639434,6.424536,30.261111,0.611806,0.75
0.777,10.638369,6.472251,30.268294,0.611306,0.75
0.778,10.634961,6.465159,30.273718,0.610805,0.75
0.779,10.649829,6.435996,30.281194,0.610305,0.75
0.78,10.631625,6.448977,30.286548,0.609805,0.75
0.781,10.637295,6.459731,30.293076,0.609305,0.75
0.782,10.651119,6.41083,30.299172,0.608804,0.75
0.783,10.624179,6.449026,30.304311,0.608304,0.75
0.784,10.646163,6.507569,30.311835,0.607804,0.75
0.785,10.625356,6.506607,30.316699,0.607304,0.75
0.786,10.626931,6.497671,30.321934,0.606803,0.75
0.787,10.629662,6.436437,30.327421,0.606303,0.75
0.788,10.629026,6.504365,30.332879,0.605803,0.75
0.789,10.6293,6.39684,30.33979,0.605303,0.75
0.79,10.622219,6.466424,30.344297,0.604802,0.75
0.791,10.631076,6.379794,30.348832,0.604302,0.75
0.792,10.619651,6.447147,30.355042,0.603802,0.75
0.793,10.621656,6.469534,30.359266,0.603302,0.75
0.794,10.613556,6.467717,30.365798,0.602801,0.75
0.795,10.617303,6.419748,30.372047,0.602301,0.75
0.796,10.624444,6.492378,30.376987,0.601801,0.75
0.797,10.596314,6.421054,30.380848,0.601301,0.75
0.798,10.611188,6.452024,30.388132,0.6008,0.75
0.799,10.592025,6.496242,30.393367,0.6003,0.75
0.8,10.613717,6.430504,30.39812,0.5998,0.75
0.801,10.612312,6.324064,30.402416,0.5993,0.75
0.802,10.608401,6.391337,30.407655,0.598799,0.75
0.803,10.611587,6.284282,30.414078,0.598299,0.75
0.804,10.602842,6.329575,30.418451,0.597799,0.75
0.805,10.595807,6.328709,30.425168,0.597299,0.75
0.806,10.605425,6.309122,30.430474,0.596798,0.75
0.807,10.611776,6.256241,30.43623,0.596298,0.75
0.808,10.600568,6.375413,30.443687,0.595798,0.75
0.809,10.605437,6.204071,30.449768,0.595298,0.75
0.81,10.595749,6.31207,30.454414,0.594797,0.75
0.811,10.612362,6.287378,30.458161,0.594297,0.75
0.812,10.603185,6.235515,30.462904,0.593797,0.75
0.813,10.600517,6.149724,30.468075,0.593297,0.75
0.814,10.612122,6.189441,30.475228,0.592796,0.75
0.815,10.61124,6.104411,30.480669,0.592296,0.75
0.816,10.613451,6.098622,30.486832,0.591796,0.75
0.817,10.601816,6.071412,30.492084,0.591296,0.75
0.818,10.609067,6.013264,30.496757,0.590795,0.75
0.819,10.605583,6.084981,30.502718,0.590295,0.75
0.82,10.611629,5.955939,30.507848,0.589795,0.75
0.821,10.598611,5.952528,30.514597,0.589295,0.75
0.822,10.609036,5.969943,30.519202,0.588794,0.75
0.823,10.613089,5.941954,30.523495,0.588294,0.75
0.824,10.604781,5.847931,30.52819,0.587794,0.75
0.825,10.609416,5.776808,30.531406,0.587294,0.75
0.826,10.613858,5.794928,30.53525,0.586793,0.75
0.827,10.600074,5.774034,30.538887,0.586293,0.75
0.828,10.60886,5.75913,30.544746,0.585793,0.75
0.829,10.614184,5.695273,30.549703,0.585293,0.75
0.83,10.613685,5.668837,30.553872,0.584792,0.75
0.831,10.621998,5.518359,30.557143,0.584292,0.75
0.832,10.622453,5.605487,30.559972,0.583792,0.75
0.833,10.614209,5.600341,30.563908,0.583292,0.75
0.834,10.614234,5.54846,30.56782,0.582791,0.75
0.835,10.622718,5.405078,30.572613,0.582291,0.75
0.836,10.625325,5.407283,30.575385,0.581791,0.75
0.837,10.618277,5.357368,30.577777,0.581291,0.75
0.838,10.628272,5.35623,30.582345,0.58079,0.75
0.839,10.621785,5.322151,30.58552,0.58029,0.75
0.84,10.613349,5.385558,30.589682,0.57979,0.75
0.841,10.619303,5.244922,30.592611,0.57929,0.75
0.842,10.633056,5.275949,30.596757,0.578789,0.75
0.843,10.635165,5.132169,30.600415,0.578289,0.75
0.844,10.63659,5.075194,30.606176,0.577789,0.75
0.845,10.639427,5.03774,30.61033,0.577289,0.75
0.846,10.613789,5.12401,30.61317,0.576788,0.75
0.847,10.644542,4.989801,30.615744,0.576288,0.75
0.848,10.636433,4.919594,30.618068,0.575788,0.75
0.849,10.633629,4.901158,30.620267,0.575288,0.75
0.85,10.645646,4.895519,30.623636,0.574787,0.75
0.851,10.650262,4.715486,30.625616,0.574287,0.75
0.852,10.645482,4.747892,30.628976,0.573787,0.75
0.853,10.633185,4.721391,30.630188,0.573287,0.75
0.854,10.644278,4.718057,30.634617,0.572786,0.75
0.855,10.643857,4.620785,30.636162,0.572286,0.75
0.856,10.652058,4.596987,30.638872,0.571786,0.75
0.857,10.659289,4.566849,30.641712,0.571286,0.75
0.858,10.644775,4.55151,30.644513,0.570785,0.75
0.859,10.66642,4.448094,30.648521,0.570285,0.75
0.86,10.657021,4.43182,30.652294,0.569785,0.75
0.861,10.641941,4.466822,30.654707,0.569285,0.75
0.862,10.651447,4.417065,30.657566,0.568784,0.75
0.863,10.662486,4.288921,30.660328,0.568284,0.75
0.864,10.657174,4.211765,30.663329,0.567784,0.75
0.865,10.667057,4.195761,30.666367,0.567284,0.75
0.866,10.667666,4.162462,30.669082,0.566783,0.75
0.867,10.652512,4.123151,30.671125,0.566283,0.75
0.868,10.669453,4.036308,30.674525,0.565783,0.75
0.869,10.662908,4.054595,30.678046,0.565283,0.75
0.87,10.668148,3.96813,30.681053,0.564782,0.75
0.871,10.669869,3.91306,30.683758,0.564282,0.75
0.872,10.683745,3.870077,30.6869,0.563782,0.75
0.873,10.667848,3.805076,30.688404,0.563282,0.75
0.874,10.672378,3.907557,30.689596,0.562781,0.75
0.875,10.686967,3.83318,30.692069,0.562281,0.75
0.876,10.685604,3.616524,30.69431,0.561781,0.75
0.877,10.676677,3.764763,30.696635,0.561281,0.75
0.878,10.692048,3.654858,30.698144,0.56078,0.75
0.879,10.68266,3.61232,30.699088,0.56028,0.75
0.88,10.689367,3.48804,30.700641,0.55978,0.75
0.881,10.690238,3.449334,30.703205,0.55928,0.75
0.882,10.683895,3.419534,30.703436,0.558779,0.75
0.883,10.694693,3.414445,30.704226,0.558279,0.75
0.884,10.679997,3.370067,30.706662,0.557779,0.75
0.885,10.686485,3.281528,30.709134,0.557279,0.75
0.886,10.702785,3.331343,30.713312,0.556778,0.75
0.887,10.707915,3.197445,30.711976,0.556278,0.75
0.888,10.689303,3.179643,30.713058,0.555778,0.75
0.889,10.686199,3.183155,30.714803,0.555278,0.75
0.89,10.70769,3.153855,30.715849,0.554777,0.75
0.891,10.697571,3.109258,30.717808,0.554277,0.75
0.892,10.716842,2.952477,30.717663,0.553777,0.75
0.893,10.702369,2.995926,30.72016,0.553277,0.75
0.894,10.696944,2.969272,30.722221,0.552776,0.75
0.895,10.693179,3.035833,30.722536,0.552276,0.75
0.896,10.696533,2.829022,30.723927,0.551776,0.75
0.897,10.71102,2.854221,30.724703,0.551276,0.75
0.898,10.70934,2.732601,30.725396,0.550775,0.75
0.899,10.701465,2.806539,30.726283,0.550275,0.75
0.9,10.694978,2.725532,30.728378,0.549775,0.75
0.901,10.703531,2.670309,30.731507,0.549275,0.75
0.902,10.702832,2.672356,30.733602,0.548774,0.75
0.903,10.693692,2.566603,30.73406,0.548274,0.75
0.904,10.721134,2.653073,30.735785,0.547774,0.75
0.905,10.711164,2.659609,30.736767,0.547274,0.75
0.906,10.709492,2.585562,30.739399,0.546773,0.75
0.907,10.688684,2.535834,30.738784,0.546273,0.75
0.908,10.698659,2.542773,30.739689,0.545773,0.75
0.909,10.716294,2.505097,30.740857,0.545273,0.75
0.91,10.691587,2.423777,30.740649,0.544772,0.75
0.911,10.71716,2.376349,30.739676,0.544272,0.75
0.912,10.720764,2.404704,30.740387,0.543772,0.75
0.913,10.701578,2.420002,30.74173,0.543272,0.75
0.914,10.714301,2.341023,30.741228,0.542771,0.75
0.915,10.701727,2.393366,30.742212,0.542271,0.75
0.916,10.70101,2.412126,30.742676,0.541771,0.75
0.917,10.723763,2.246224,30.7443,0.541271,0.75
0.918,10.721648,2.328717,30.743638,0.54077,0.75
0.919,10.709834,2.241213,30.743377,0.54027,0.75
0.92,10.704948,2.258203,30.745673,0.53977,0.75
0.921,10.701295,2.241239,30.746367,0.53927,0.75
0.922,10.720746,2.215121,30.745553,0.538769,0.75
0.923,10.715644,2.206752,30.746394,0.538269,0.75
0.924,10.69179,2.216379,30.746779,0.537769,0.75
0.925,10.713489,2.0895,30.747513,0.537269,0.75
0.926,10.696789,2.128916,30.74941,0.536768,0.75
0.927,10.706527,2.119293,30.748961,0.536268,0.75
0.928,10.721278,2.155919,30.751761,0.535768,0.75
0.929,10.715458,2.092802,30.752893,0.535268,0.75
0.93,10.715264,2.027553,30.754657,0.534767,0.75
0.931,10.704677,1.97028,30.754316,0.534267,0.75
0.932,10.6918,2.080599,30.75462,0.533767,0.75
0.933,10.698051,2.042378,30.755697,0.533267,0.75
0.934,10.684599,2.075972,30.755644,0.532766,0.75
0.935,10.712915,2.044137,30.756611,0.532266,0.75
0.936,10.691149,2.018156,30.757621,0.531766,0.75
0.937,10.708192,2.025895,30.758876,0.531266,0.75
0.938,10.714875,1.98126,30.759397,0.530765,0.75
0.939,10.70606,1.99939,30.760125,0.530265,0.75
0.94,10.693414,1.999507,30.759768,0.529765,0.75
0.941,10.688161,2.020273,30.759544,0.529265,0.75
0.942,10.690171,2.008775,30.761196,0.528764,0.75
0.943,10.677676,2.088244,30.761568,0.528264,0.75
0.944,10.687552,1.98652,30.76192,0.527764,0.75
0.945,10.686093,2.007821,30.761031,0.527264,0.75
0.946,10.692517,1.953963,30.760992,0.526763,0.75
0.947,10.688154,1.979489,30.762115,0.526263,0.75
0.948,10.669425,2.145363,30.764211,0.525763,0.75
0.949,10.661263,2.074315,30.766234,0.525263,0.75
0.95,10.666635,2.018346,30.76761,0.524762,0.75
0.951,10.661058,2.14486,30.7684,0.524262,0.75
0.952,10.66215,2.073584,30.768,0.523762,0.75
0.953,10.671966,2.091457,30.770009,0.523262,0.75
0.954,10.666018,2.117959,30.770754,0.522761,0.75
0.955,10.656765,2.094844,30.77065,0.522261,0.75
0.956,10.65586,2.032065,30.770926,0.521761,0.75
0.957,10.644923,2.136867,30.771594,0.521261,0.75
0.958,10.657122,2.134073,30.772723,0.52076,0.75
0.959,10.6612,2.040982,30.772992,0.52026,0.75
0.96,10.656089,2.148181,30.773478,0.51976,0.75
0.961,10.651614,2.187239,30.774928,0.51926,0.75
0.962,10.64925,2.201635,30.774104,0.518759,0.75
0.963,10.633628,2.278254,30.773499,0.518259,0.75
0.964,10.63789,2.238891,30.774972,0.517759,0.75
0.965,10.643941,2.18008,30.775524,0.517259,0.75
0.966,10.630094,2.295541,30.777066,0.516758,0.75
0.967,10.64768,2.20481,30.779167,0.516258,0.75
0.968,10.627765,2.323461,30.781978,0.515758,0.75
0.969,10.638407,2.285584,30.784082,0.515258,0.75
0.97,10.634101,2.270178,30.785522,0.514757,0.75
0.971,10.608836,2.231514,30.785038,0.514257,0.75
0.972,10.622975,2.366708,30.786024,0.513757,0.75
0.973,10.612576,2.440034,30.785955,0.513257,0.75
0.974,10.608306,2.459528,30.787341,0.512756,0.75
0.975,10.614813,2.461293,30.789239,0.512256,0.75
0.976,10.602903,2.457786,30.788783,0.511756,0.75
0.977,10.588035,2.632323,30.789315,0.511256,0.75
0.978,10.590732,2.51899,30.79131,0.510755,0.75
0.979,10.590598,2.579937,30.790662,0.510255,0.75
0.98,10.580469,2.623654,30.791568,0.509755,0.75
0.981,10.595966,2.625111,30.79325,0.509255,0.75
0.982,10.566394,2.717499,30.795126,0.508754,0.75
0.983,10.576307,2.736886,30.795847,0.508254,0.75
0.984,10.565259,2.748633,30.79736,0.507754,0.75
0.985,10.577595,2.780878,30.798411,0.507254,0.75
0.986,10.568186,2.728027,30.801378,0.506753,0.75
0.987,10.562521,2.828229,30.80322,0.506253,0.75
0.988,10.565653,2.793646,30.803536,0.505753,0.75
0.989,10.538957,2.944122,30.804855,0.505253,0.75
0.99,10.543838,3.056726,30.806787,0.504752,0.75
0.991,10.557171,3.010942,30.808707,0.504252,0.75
0.992,10.543479,3.025214,30.810643,0.503752,0.75
0.993,10.534077,3.036857,30.812023,0.503252,0.75
0.994,10.523231,3.132654,30.812719,0.502751,0.75
0.995,10.530266,3.207034,30.8152,0.502251,0.75
0.996,10.520213,3.15447,30.81723,0.501751,0.75
0.997,10.515443,3.182812,30.819032,0.501251,0.75
0.998,10.500993,3.258898,30.820644,0.50075,0.75
0.999,10.501815,3.290762,30.822519,0.50025,0.75
1.0,10.507945,3.320503,30.823133,0.49975,0.75
1.001,10.496124,3.291208,30.8244,0.49925,0.75
1.002,10.512735,3.372232,30.827028,0.498749,0.75
1.003,10.495374,3.42841,30.828018,0.498249,0.75
1.004,10.475486,3.549984,30.82893,0.497749,0.75
1.005,10.480782,3.486461,30.830224,0.497249,0.75
1.006,10.48313,3.595337,30.832514,0.496748,0.75
1.007,10.485891,3.628985,30.834646,0.496248,0.75
1.008,10.472545,3.676735,30.8384,0.495748,0.75
1.009,10.463327,3.688099,30.840577,0.495248,0.75
1.01,10.444912,3.819143,30.842331,0.494747,0.75
1.011,10.446347,3.868148,30.84604,0.494247,0.75
1.012,10.44102,3.933823,30.848074,0.493747,0.75
1.013,10.439545,3.918094,30.850031,0.493247,0.75
1.014,10.437283,3.887215,30.854014,0.492746,0.75
1.015,10.42853,4.001455,30.856432,0.492246,0.75
1.016,10.43252,4.075175,30.860582,0.491746,0.75
1.017,10.419179,4.063486,30.863975,0.491246,0.75
1.018,10.420432,4.112697,30.865232,0.490745,0.75
1.019,10.433626,4.111503,30.869203,0.490245,0.75
1.02,10.402788,4.25205,30.871284,0.489745,0.75
1.021,10.426809,4.225695,30.87422,0.489245,0.75
1.022,10.393262,4.288831,30.877977,0.488744,0.75
1.023,10.392476,4.31561,30.879915,0.488244,0.75
1.024,10.394404,4.38735,30.881128,0.487744,0.75
1.025,10.384512,4.428294,30.883186,0.487244,0.75
1.026,10.379972,4.506583,30.884246,0.486743,0.75
1.027,10.382884,4.478939,30.886041,0.486243,0.75
1.028,10.387851,4.497483,30.890305,0.485743,0.75
1.029,10.366832,4.593237,30.893652,0.485243,0.75
1.03,10.36564,4.592719,30.897386,0.484742,0.75
1.031,10.368221,4.649842,30.90131,0.484242,0.75
1.032,10.368689,4.766736,30.906183,0.483742,0.75
1.033,10.3505,4.737153,30.909686,0.483242,0.75
1.034,10.353041,4.78917,30.914281,0.482741,0.75
1.035,10.338772,4.823036,30.916505,0.482241,0.75
1.036,10.333627,4.882056,30.919996,0.481741,0.75
1.037,10.331784,4.942802,30.921675,0.481241,0.75
1.038,10.334984,4.981648,30.925349,0.48074,0.75
1.039,10.323373,4.969989,30.929119,0.48024,0.75
1.04,10.323151,5.051264,30.934235,0.47974,0.75
1.041,10.31947,5.094961,30.936983,0.47924,0.75
1.042,10.310809,5.174753,30.939482,0.478739,0.75
1.043,10.291196,5.243352,30.94396,0.478239,0.75
1.044,10.28996,5.273331,30.946813,0.477739,0.75
1.045,10.274982,5.320418,30.951252,0.477239,0.75
1.046,10.288883,5.375335,30.955772,0.476738,0.75
1.047,10.286717,5.272084,30.95925,0.476238,0.75
1.048,10.281103,5.337561,30.963457,0.475738,0.75
1.049,10.27741,5.377408,30.966698,0.475238,0.75
1.05,10.257604,5.512768,30.971307,0.474737,0.75
1.051,10.280381,5.51108,30.976781,0.474237,0.75
1.052,10.265118,5.50702,30.980936,0.473737,0.75
1.053,10.258534,5.504618,30.985292,0.473237,0.75
1.054,10.256668,5.586235,30.989559,0.472736,0.75
1.055,10.255361,5.648126,30.994362,0.472236,0.75
1.056,10.254536,5.649498,31.000171,0.471736,0.75
1.057,10.250026,5.797282,31.006646,0.471236,0.75
1.058,10.222722,5.850415,31.010956,0.470735,0.75
1.059,10.235792,5.80803,31.014713,0.470235,0.75
1.06,10.238172,5.811356,31.020412,0.469735,0.75
1.061,10.226886,5.837095,31.025865,0.469235,0.75
1.062,10.208944,5.886552,31.030551,0.468734,0.75
1.063,10.220168,5.894539,31.036971,0.468234,0.75
1.064,10.208947,5.983596,31.041922,0.467734,0.75
1.065,10.223764,5.933024,31.046423,0.467234,0.75
1.066,10.214546,6.07204,31.052851,0.466733,0.75
1.067,10.208102,6.068081,31.058712,0.466233,0.75
1.068,10.191948,6.084081,31.062012,0.465733,0.75
1.069,10.194365,6.151002,31.066244,0.465233,0.75
1.07,10.195549,6.120645,31.070475,0.464732,0.75
1.071,10.196184,6.093246,31.075399,0.464232,0.75
1.072,10.184763,6.163072,31.079273,0.463732,0.75
1.073,10.173701,6.167356,31.085439,0.463232,0.75
1.074,10.178544,6.145503,31.089396,0.462731,0.75
1.075,10.184653,6.252757,31.096005,0.462231,0.75
1.076,10.1772,6.237069,31.101831,0.461731,0.75
1.077,10.168917,6.246449,31.106468,0.461231,0.75
1.078,10.17519,6.287142,31.111064,0.46073,0.75
1.079,10.156949,6.321404,31.115404,0.46023,0.75
1.08,10.155021,6.319646,31.121781,0.45973,0.75
1.081,10.155255,6.338931,31.126759,0.45923,0.75
1.082,10.160524,6.354894,31.129326,0.458729,0.75
1.083,10.156988,6.322073,31.134044,0.458229,0.75
1.084,10.132132,6.418074,31.139619,0.457729,0.75
1.085,10.149163,6.355024,31.144514,0.457229,0.75
1.086,10.142029,6.503047,31.150309,0.456728,0.75
1.087,10.154618,6.468512,31.156506,0.456228,0.75
1.088,10.153621,6.434605,31.162226,0.455728,0.75
1.089,10.136125,6.449481,31.169532,0.455228,0.75
1.09,10.140785,6.437169,31.177192,0.454727,0.75
1.091,10.13304,6.533375,31.183774,0.454227,0.75
1.092,10.118703,6.494049,31.189478,0.453727,0.75
1.093,10.127651,6.542973,31.197498,0.453227,0.75
1.094,10.134874,6.48789,31.202755,0.452726,0.75
1.095,10.12389,6.465072,31.209602,0.452226,0.75
1.096,10.120701,6.459365,31.215391,0.451726,0.75
1.097,10.123499,6.477733,31.220484,0.451226,0.75
1.098,10.109356,6.486697,31.22634,0.450725,0.75
1.099,10.131232,6.483896,31.2326,0.450225,0.75
1.1,10.115301,6.517257,31.237814,0.449725,0.75
1.101,10.107531,6.529488,31.243946,0.449225,0.75
1.102,10.124202,6.373618,31.249429,0.448724,0.75
1.103,10.114795,6.422252,31.255516,0.448224,0.75
1.104,10.124199,6.41498,31.261472,0.447724,0.75
1.105,10.115868,6.494881,31.267598,0.447224,0.75
1.106,10.100712,6.433016,31.273213,0.446723,0.75
1.107,10.104773,6.444874,31.279712,0.446223,0.75
1.108,10.113825,6.503527,31.285551,0.445723,0.75
1.109,10.105644,6.404487,31.290898,0.445223,0.75
1.11,10.096386,6.488301,31.297215,0.444722,0.75
1.111,10.107479,6.458974,31.302027,0.444222,0.75
1.112,10.111196,6.376168,31.307497,0.443722,0.75
1.113,10.110661,6.395907,31.312965,0.443222,0.75
1.114,10.104883,6.396701,31.319603,0.442721,0.75
1.115,10.103303,6.448477,31.325293,0.442221,0.75
1.116,10.098632,6.388733,31.330041,0.441721,0.75
1.117,10.09335,6.367019,31.334791,0.441221,0.75
1.118,10.093898,6.364086,31.339585,0.44072,0.75
1.119,10.079611,6.333236,31.346164,0.44022,0.75
1.12,10.10178,6.276035,31.352836,0.43972,0.75
1.121,10.089302,6.295747,31.359495,0.43922,0.75
1.122,10.101196,6.281641,31.36531,0.438719,0.75
1.123,10.093421,6.32007,31.371385,0.438219,0.75
1.124,10.09744,6.257248,31.377431,0.437719,0.75
1.125,10.091831,6.204462,31.382985,0.437219,0.75
1.126,10.072808,6.193335,31.389884,0.436718,0.75
1.127,10.093074,6.145579,31.394174,0.436218,0.75
1.128,10.099792,6.085048,31.397305,0.435718,0.75
1.129,10.08942,6.198788,31.403689,0.435218,0.75
1.13,10.105936,6.122132,31.40929,0.434717,0.75
1.131,10.108599,6.074753,31.414541,0.434217,0.75
1.132,10.105325,5.964339,31.418428,0.433717,0.75
1.133,10.100283,5.954166,31.423952,0.433217,0.75
1.134,10.092748,5.940729,31.429718,0.432716,0.75
1.135,10.085406,5.976433,31.434454,0.432216,0.75
1.136,10.081907,5.957506,31.438553,0.431716,0.75
1.137,10.089558,5.908726,31.444953,0.431216,0.75
1.138,10.097535,5.793894,31.449659,0.430715,0.75
1.139,10.095859,5.868316,31.453408,0.430215,0.75
1.14,10.084383,5.746352,31.458873,0.429715,0.75
1.141,10.098064,5.794878,31.463828,0.429215,0.75
1.142,10.100397,5.793203,31.469123,0.428714,0.75
1.143,10.09885,5.754529,31.473896,0.428214,0.75
1.144,10.08747,5.631635,31.477445,0.427714,0.75
1.145,10.094696,5.665739,31.481629,0.427214,0.75
1.146,10.084895,5.632662,31.486828,0.426713,0.75
1.147,10.09915,5.601219,31.491175,0.426213,0.75
1.148,10.109348,5.514871,31.494661,0.425713,0.75
1.149,10.114926,5.470347,31.498402,0.425213,0.75
1.15,10.10441,5.46887,31.502315,0.424712,0.75
1.151,10.106919,5.443036,31.5069,0.424212,0.75
1.152,10.078777,5.44604,31.511195,0.423712,0.75
1.153,10.096375,5.351136,31.513542,0.423212,0.75
1.154,10.14432,5.205789,31.51521,0.422711,0.75
1.155,10.115221,5.163898,31.520288,0.422211,0.75
1.156,10.107675,5.248822,31.524933,0.421711,0.75
1.157,10.109008,5.211684,31.527436,0.421211,0.75
1.158,10.112284,5.216748,31.531367,0.42071,0.75
1.159,10.125046,5.090905,31.536101,0.42021,0.75
1.16,10.107387,4.93004,31.540288,0.41971,0.75
1.161,10.104627,5.03478,31.543384,0.41921,0.75
1.162,10.113453,4.998687,31.548007,0.418709,0.75
1.163,10.132283,4.781699,31.551557,0.418209,0.75
1.164,10.123985,4.896203,31.555732,0.417709,0.75
1.165,10.121626,4.859639,31.558093,0.417209,0.75
1.166,10.137843,4.711157,31.561074,0.416708,0.75
1.167,10.11948,4.702868,31.564048,0.416208,0.75
1.168,10.12751,4.703506,31.566159,0.415708,0.75
1.169,10.121356,4.650761,31.569408,0.415208,0.75
1.17,10.142706,4.643575,31.571062,0.414707,0.75
1.171,10.11631,4.572373,31.572227,0.414207,0.75
1.172,10.126035,4.507145,31.57464,0.413707,0.75
1.173,10.131174,4.420734,31.579062,0.413207,0.75
1.174,10.138209,4.422832,31.581934,0.412706,0.75
1.175,10.147047,4.337051,31.585967,0.412206,0.75
1.176,10.128539,4.389351,31.588981,0.411706,0.75
1.177,10.136118,4.271344,31.591328,0.411206,0.75
1.178,10.146668,4.312037,31.594022,0.410705,0.75
1.179,10.160662,4.191546,31.595504,0.410205,0.75
1.18,10.147445,4.229652,31.597565,0.409705,0.75
1.181,10.145617,4.142232,31.598998,0.409205,0.75
1.182,10.149559,4.076834,31.601448,0.408704,0.75
1.183,10.137024,3.966666,31.602709,0.408204,0.75
1.184,10.146481,3.992408,31.604202,0.407704,0.75
1.185,10.128777,3.985244,31.607403,0.407204,0.75
1.186,10.164628,3.903515,31.609343,0.406703,0.75
1.187,10.14788,3.831223,31.612634,0.406203,0.75
1.188,10.153799,3.81177,31.61437,0.405703,0.75
1.189,10.152358,3.837527,31.615867,0.405203,0.75
1.19,10.141407,3.810112,31.618777,0.404702,0.75
1.191,10.166288,3.661436,31.620516,0.404202,0.75
1.192,10.14738,3.71043,31.622634,0.403702,0.75
1.193,10.173326,3.541375,31.623278,0.403202,0.75
1.194,10.162495,3.553862,31.624332,0.402701,0.75
1.195,10.148343,3.53791,31.626076,0.402201,0.75
1.196,10.1679,3.475846,31.626789,0.401701,0.75
1.197,10.16899,3.510917,31.62957,0.401201,0.75
1.198,10.174592,3.257105,31.632154,0.4007,0.75
1.199,10.177026,3.364356,31.634122,0.4002,0.75
1.2,10.164229,3.293936,31.635609,0.3997,0.75
1.201,10.17393,3.231212,31.636609,0.3992,0.75
1.202,10.169161,3.141977,31.637546,0.398699,0.75
1.203,10.186748,3.13907,31.638529,0.398199,0.75
1.204,10.185479,3.035753,31.637737,0.397699,0.75
1.205,10.179912,3.118604,31.637837,0.397199,0.75
1.206,10.183039,3.044645,31.640486,0.396698,0.75
1.207,10.180074,3.048087,31.640694,0.396198,0.75
1.208,10.183128,2.887601,31.639593,0.395698,0.75
1.209,10.175191,2.954166,31.640324,0.395198,0.75
1.21,10.170922,2.944336,31.640168,0.394697,0.75
1.211,10.192403,2.888352,31.642039,0.394197,0.75
1.212,10.179664,2.892789,31.644007,0.393697,0.75
1.213,10.179496,2.8441,31.64439,0.393197,0.75
1.214,10.181772,2.827689,31.645496,0.392696,0.75
1.215,10.187908,2.737565,31.646285,0.392196,0.75
1.216,10.183336,2.784158,31.648151,0.391696,0.75
1.217,10.187903,2.648278,31.648379,0.391196,0.75
1.218,10.187559,2.751716,31.649399,0.390695,0.75
1.219,10.194425,2.591635,31.651842,0.390195,0.75
1.22,10.186868,2.554916,31.653395,0.389695,0.75
1.221,10.192114,2.562858,31.656993,0.389195,0.75
1.222,10.194673,2.543177,31.657106,0.388694,0.75
1.223,10.187248,2.552321,31.659228,0.388194,0.75
1.224,10.187884,2.470296,31.659429,0.387694,0.75
1.225,10.180661,2.365623,31.660905,0.387194,0.75
1.226,10.165963,2.397241,31.662228,0.386693,0.75
1.227,10.188514,2.283483,31.66121,0.386193,0.75
1.228,10.178951,2.358518,31.662012,0.385693,0.75
1.229,10.20259,2.306806,31.663723,0.385193,0.75
1.23,10.190423,2.301867,31.665109,0.384692,0.75
1.231,10.177731,2.320547,31.665447,0.384192,0.75
1.232,10.175271,2.28858,31.664607,0.383692,0.75
1.233,10.168188,2.292363,31.664713,0.383192,0.75
1.234,10.182309,2.204772,31.666834,0.382691,0.75
1.235,10.184682,2.196105,31.668003,0.382191,0.75
1.236,10.190862,2.184113,31.669148,0.381691,0.75
1.237,10.181275,2.234796,31.67002,0.381191,0.75
1.238,10.180797,2.05409,31.671538,0.38069,0.75
1.239,10.183373,2.105152,31.672293,0.38019,0.75
1.24,10.195136,2.108965,31.670694,0.37969,0.75
1.241,10.177755,2.16494,31.6708,0.37919,0.75
1.242,10.166455,2.144541,31.672381,0.378689,0.75
1.243,10.177062,2.041191,31.673647,0.378189,0.75
1.244,10.183487,2.067021,31.674448,0.377689,0.75
1.245,10.178334,2.046324,31.675572,0.377189,0.75
1.246,10.180519,2.034235,31.675982,0.376688,0.75
1.247,10.177788,2.03598,31.675822,0.376188,0.75
1.248,10.180845,1.957504,31.67447,0.375688,0.75
1.249,10.183661,2.05855,31.67572,0.375188,0.75
1.25,10.157695,2.109715,31.674633,0.374687,0.75
1.251,10.176761,2.0223,31.675031,0.374187,0.75
1.252,10.184791,2.086328,31.673126,0.373687,0.75
1.253,10.17442,2.038941,31.675406,0.373187,0.75
1.254,10.159459,1.94751,31.67518,0.372686,0.75
1.255,10.15946,2.027694,31.67722,0.372186,0.75
1.256,10.162399,2.034423,31.677846,0.371686,0.75
1.257,10.157786,2.025339,31.678292,0.371186,0.75
1.258,10.161701,1.973607,31.68018,0.370685,0.75
1.259,10.152549,1.969116,31.680917,0.370185,0.75
1.26,10.135142,2.06573,31.682295,0.369685,0.75
1.261,10.164199,1.986872,31.681559,0.369185,0.75
1.262,10.152881,2.073775,31.68469,0.368684,0.75
1.263,10.154297,1.974084,31.685319,0.368184,0.75
1.264,10.14689,2.009566,31.68813,0.367684,0.75
1.265,10.129406,2.015385,31.688497,0.367184,0.75
1.266,10.1331,2.006827,31.687365,0.366683,0.75
1.267,10.133313,2.112016,31.687118,0.366183,0.75
1.268,10.160137,2.020862,31.688574,0.365683,0.75
1.269,10.130116,2.037253,31.691122,0.365183,0.75
1.27,10.117077,2.119041,31.690782,0.364682,0.75
1.271,10.131006,2.140131,31.6921,0.364182,0.75
1.272,10.118355,2.111862,31.694177,0.363682,0.75
1.273,10.131854,2.123036,31.695938,0.363182,0.75
1.274,10.116094,2.169725,31.696362,0.362681,0.75
1.275,10.127614,2.146357,31.696596,0.362181,0.75
1.276,10.117913,2.161455,31.699131,0.361681,0.75
1.277,10.109499,2.210183,31.699462,0.361181,0.75
1.278,10.096774,2.330152,31.699298,0.36068,0.75
1.279,10.104243,2.270594,31.699301,0.36018,0.75
1.28,10.105295,2.24935,31.700818,0.35968,0.75
1.281,10.102782,2.252335,31.703269,0.35918,0.75
1.282,10.099757,2.300991,31.703805,0.358679,0.75
1.283,10.089551,2.28799,31.703509,0.358179,0.75
1.284,10.099001,2.253893,31.704861,0.357679,0.75
1.285,10.073157,2.368433,31.707894,0.357179,0.75
1.286,10.079577,2.315955,31.708151,0.356678,0.75
1.287,10.085607,2.38058,31.708851,0.356178,0.75
1.288,10.081754,2.377128,31.708965,0.355678,0.75
1.289,10.060265,2.429052,31.710522,0.355178,0.75
1.29,10.058677,2.429206,31.712843,0.354677,0.75
1.291,10.059862,2.576483,31.712626,0.354177,0.75
1.292,10.050173,2.575187,31.713124,0.353677,0.75
1.293,10.070335,2.58769,31.715237,0.353177,0.75
1.294,10.042204,2.673848,31.716481,0.352676,0.75
1.295,10.042629,2.689047,31.715884,0.352176,0.75
1.296,10.041492,2.575485,31.717508,0.351676,0.75
1.297,10.047876,2.648719,31.720074,0.351176,0.75
1.298,10.057535,2.653252,31.721404,0.350675,0.75
1.299,10.041501,2.71521,31.721851,0.350175,0.75
1.3,10.011796,2.918797,31.722472,0.349675,0.75
1.301,10.022371,2.878636,31.722551,0.349175,0.75
1.302,10.021111,2.860929,31.723622,0.348674,0.75
1.303,9.998842,3.012081,31.725471,0.348174,0.75
1.304,9.998562,3.069231,31.725919,0.347674,0.75
1.305,9.993558,2.995974,31.726105,0.347174,0.75
1.306,9.985868,2.918475,31.728463,0.346673,0.75
1.307,9.992718,3.057877,31.72991,0.346173,0.75
1.308,10.00402,2.998307,31.731794,0.345673,0.75
1.309,9.97724,3.179834,31.732555,0.345173,0.75
1.31,9.988082,3.194894,31.734585,0.344672,0.75
1.311,9.970697,3.193432,31.73577,0.344172,0.75
1.312,9.968028,3.210207,31.737165,0.343672,0.75
1.313,9.958024,3.315867,31.739086,0.343172,0.75
1.314,9.959243,3.38328,31.73886,0.342671,0.75
1.315,9.962388,3.276379,31.741298,0.342171,0.75
1.316,9.958806,3.387615,31.742637,0.341671,0.75
1.317,9.945561,3.477662,31.744254,0.341171,0.75
1.318,9.940168,3.621011,31.746756,0.34067,0.75
1.319,9.941935,3.514369,31.748388,0.34017,0.75
1.32,9.928568,3.601774,31.7493,0.33967,0.75
1.321,9.923307,3.738964,31.750587,0.33917,0.75
1.322,9.921879,3.629195,31.751648,0.338669,0.75
1.323,9.922319,3.664717,31.754964,0.338169,0.75
1.324,9.915365,3.65643,31.756039,0.337669,0.75
1.325,9.906293,3.778123,31.758172,0.337169,0.75
1.326,9.909315,3.813739,31.760576,0.336668,0.75
1.327,9.901144,3.89866,31.7605,0.336168,0.75
1.328,9.882829,3.927838,31.761902,0.335668,0.75
1.329,9.891705,3.976047,31.763996,0.335168,0.75
1.33,9.888709,3.973497,31.768196,0.334667,0.75
1.331,9.888294,4.095626,31.770163,0.334167,0.75
1.332,9.884225,4.066638,31.774972,0.333667,0.75
1.333,9.868262,4.115141,31.778697,0.333167,0.75
1.334,9.867918,4.136189,31.782697,0.332666,0.75
1.335,9.844705,4.248976,31.783902,0.332166,0.75
1.336,9.866326,4.205683,31.78564,0.331666,0.75
1.337,9.842117,4.390497,31.788523,0.331166,0.75
1.338,9.849451,4.319511,31.79143,0.330665,0.75
1.339,9.85001,4.407069,31.793588,0.330165,0.75
1.34,9.836209,4.434933,31.797644,0.329665,0.75
1.341,9.834335,4.484404,31.801187,0.329165,0.75
1.342,9.810952,4.633464,31.803783,0.328664,0.75
1.343,9.809491,4.65737,31.808086,0.328164,0.75
1.344,9.818669,4.723624,31.810656,0.327664,0.75
1.345,9.813527,4.698554,31.814288,0.327164,0.75
1.346,9.811761,4.708375,31.818419,0.326663,0.75
1.347,9.796705,4.831598,31.819767,0.326163,0.75
1.348,9.784608,4.812787,31.823497,0.325663,0.75
1.349,9.79026,4.835572,31.826206,0.325163,0.75
1.35,9.786799,4.988101,31.829541,0.324662,0.75
1.351,9.782686,5.008689,31.834023,0.324162,0.75
1.352,9.804687,4.87124,31.838572,0.323662,0.75
1.353,9.778747,5.028346,31.841977,0.323162,0.75
1.354,9.765371,5.134989,31.844182,0.322661,0.75
1.355,9.775544,5.093786,31.846879,0.322161,0.75
1.356,9.767932,5.169984,31.851802,0.321661,0.75
1.357,9.749761,5.182271,31.854247,0.321161,0.75
1.358,9.742237,5.282884,31.858418,0.32066,0.75
1.359,9.734157,5.416494,31.863226,0.32016,0.75
1.36,9.730945,5.366595,31.867032,0.31966,0.75
1.361,9.730312,5.31383,31.870998,0.31916,0.75
1.362,9.722717,5.390313,31.874704,0.318659,0.75
1.363,9.723844,5.385772,31.879711,0.318159,0.75
1.364,9.715607,5.506626,31.8823,0.317659,0.75
1.365,9.71044,5.575466,31.887536,0.317159,0.75
1.366,9.724223,5.462652,31.8901,0.316658,0.75
1.367,9.700649,5.584547,31.894031,0.316158,0.75
1.368,9.695774,5.602952,31.897962,0.315658,0.75
1.369,9.698367,5.661033,31.902536,0.315158,0.75
1.37,9.693578,5.737962,31.907676,0.314657,0.75
1.371,9.685667,5.785609,31.915171,0.314157,0.75
1.372,9.679001,5.800114,31.92016,0.313657,0.75
1.373,9.666468,5.853706,31.92303,0.313157,0.75
1.374,9.653466,5.825514,31.927207,0.312656,0.75
1.375,9.675018,5.86015,31.930717,0.312156,0.75
1.376,9.661853,6.00177,31.934769,0.311656,0.75
1.377,9.655854,5.965824,31.940766,0.311156,0.75
1.378,9.651363,6.023575,31.945924,0.310655,0.75
1.379,9.654114,6.03005,31.951882,0.310155,0.75
1.38,9.674885,5.983236,31.956216,0.309655,0.75
1.381,9.640873,6.046166,31.960843,0.309155,0.75
1.382,9.637207,6.062854,31.963051,0.308654,0.75
1.383,9.622873,6.145176,31.969908,0.308154,0.75
1.384,9.626689,6.113782,31.974721,0.307654,0.75
1.385,9.629553,6.190243,31.979546,0.307154,0.75
1.386,9.626211,6.145167,31.984655,0.306653,0.75
1.387,9.630485,6.128015,31.989788,0.306153,0.75
1.388,9.618856,6.235743,31.99483,0.305653,0.75
1.389,9.629403,6.192711,32.000517,0.305153,0.75
1.39,9.609651,6.355553,32.006235,0.304652,0.75
1.391,9.611698,6.304143,32.012269,0.304152,0.75
1.392,9.599793,6.277813,32.015764,0.303652,0.75
1.393,9.603268,6.334539,32.020724,0.303152,0.75
1.394,9.592097,6.311978,32.027877,0.302651,0.75
1.395,9.600095,6.367366,32.033201,0.302151,0.75
1.396,9.58962,6.38752,32.037757,0.301651,0.75
1.397,9.586624,6.434363,32.043262,0.301151,0.75
1.398,9.582709,6.348382,32.049424,0.30065,0.75
1.399,9.588067,6.406973,32.054736,0.30015,0.75
1.4,9.597447,6.361222,32.058821,0.29965,0.75
1.401,9.576304,6.356513,32.067618,0.29915,0.75
1.402,9.57746,6.42951,32.072082,0.298649,0.75
1.403,9.591505,6.426025,32.079015,0.298149,0.75
1.404,9.576922,6.366728,32.086553,0.297649,0.75
1.405,9.561996,6.464054,32.091984,0.297149,0.75
1.406,9.5866,6.482849,32.097106,0.296648,0.75
1.407,9.557443,6.496806,32.102791,0.296148,0.75
1.408,9.553062,6.517395,32.10934,0.295648,0.75
1.409,9.558838,6.587126,32.116522,0.295148,0.75
1.41,9.56275,6.422187,32.120211,0.294647,0.75
1.411,9.560609,6.508755,32.125945,0.294147,0.75
1.412,9.564216,6.497818,32.131533,0.293647,0.75
1.413,9.552355,6.537777,32.138139,0.293147,0.75
1.414,9.56802,6.494527,32.142938,0.292646,0.75
1.415,9.544783,6.554742,32.149118,0.292146,0.75
1.416,9.547785,6.511554,32.156433,0.291646,0.75
1.417,9.556826,6.45225,32.163412,0.291146,0.75
1.418,9.553988,6.52329,32.168061,0.290645,0.75
1.419,9.546402,6.498558,32.173758,0.290145,0.75
1.42,9.54768,6.465051,32.178577,0.289645,0.75
1.421,9.542368,6.525621,32.184007,0.289145,0.75
1.422,9.531871,6.446619,32.189541,0.288644,0.75
1.423,9.543553,6.450781,32.19523,0.288144,0.75
1.424,9.506798,6.534648,32.201288,0.287644,0.75
1.425,9.524067,6.465001,32.207405,0.287144,0.75
1.426,9.547908,6.413414,32.212529,0.286643,0.75
1.427,9.534092,6.418271,32.216465,0.286143,0.75
1.428,9.523001,6.459012,32.221863,0.285643,0.75
1.429,9.519955,6.366973,32.227107,0.285143,0.75
1.43,9.530922,6.417125,32.235019,0.284642,0.75
1.431,9.527857,6.36444,32.241397,0.284142,0.75
1.432,9.52886,6.356445,32.246021,0.283642,0.75
1.433,9.541827,6.369315,32.252914,0.283142,0.75
1.434,9.516096,6.420384,32.257526,0.282641,0.75
1.435,9.519137,6.275717,32.264912,0.282141,0.75
1.436,9.509555,6.286625,32.270268,0.281641,0.75
1.437,9.521407,6.287375,32.275456,0.281141,0.75
1.438,9.512559,6.262851,32.280825,0.28064,0.75
1.439,9.536017,6.115918,32.286682,0.28014,0.75
1.44,9.526024,6.203038,32.291614,0.27964,0.75
1.441,9.527108,6.189164,32.297318,0.27914,0.75
1.442,9.53205,6.170261,32.302504,0.278639,0.75
1.443,9.521791,6.098809,32.306748,0.278139,0.75
1.444,9.528964,6.061846,32.311237,0.277639,0.75
1.445,9.501402,6.135128,32.316325,0.277139,0.75
1.446,9.523838,6.044642,32.321019,0.276638,0.75
1.447,9.528287,5.954003,32.327761,0.276138,0.75
1.448,9.525826,5.898049,32.334147,0.275638,0.75
1.449,9.516447,6.018335,32.338657,0.275138,0.75
1.45,9.529344,5.920966,32.3425,0.274637,0.75
1.451,9.522682,5.943655,32.347627,0.274137,0.75
1.452,9.525844,5.805391,32.351958,0.273637,0.75
1.453,9.52207,5.827667,32.354938,0.273137,0.75
1.454,9.520603,5.785755,32.360702,0.272636,0.75
1.455,9.523742,5.807708,32.366222,0.272136,0.75
1.456,9.530902,5.733838,32.370526,0.271636,0.75
1.457,9.53339,5.724968,32.373877,0.271136,0.75
1.458,9.532709,5.632499,32.379309,0.270635,0.75
1.459,9.5309,5.66019,32.383365,0.270135,0.75
1.46,9.521376,5.626585,32.387832,0.269635,0.75
1.461,9.526826,5.591305,32.393223,0.269135,0.75
1.462,9.534029,5.529509,32.396078,0.268634,0.75
1.463,9.530849,5.515254,32.401899,0.268134,0.75
1.464,9.528418,5.422484,32.405352,0.267634,0.75
1.465,9.522293,5.47397,32.408818,0.267134,0.75
1.466,9.529887,5.471602,32.413972,0.266633,0.75
1.467,9.524763,5.312348,32.419249,0.266133,0.75
1.468,9.536497,5.315738,32.424398,0.265633,0.75
1.469,9.536376,5.300553,32.427256,0.265133,0.75
1.47,9.530098,5.165643,32.430054,0.264632,0.75
1.471,9.536813,5.14519,32.432955,0.264132,0.75
1.472,9.546422,5.084507,32.43556,0.263632,0.75
1.473,9.535654,5.066543,32.437039,0.263132,0.75
1.474,9.535011,5.013866,32.439882,0.262631,0.75
1.475,9.536188,4.949508,32.444586,0.262131,0.75
1.476,9.541118,4.937637,32.449118,0.261631,0.75
1.477,9.53806,4.88907,32.453963,0.261131,0.75
1.478,9.553934,4.860588,32.456222,0.26063,0.75
1.479,9.543743,4.816409,32.457701,0.26013,0.75
1.48,9.545956,4.774811,32.460736,0.25963,0.75
1.481,9.562241,4.740133,32.462776,0.25913,0.75
1.482,9.547359,4.80772,32.466428,0.258629,0.75
1.483,9.531296,4.634113,32.468643,0.258129,0.75
1.484,9.532505,4.672705,32.47107,0.257629,0.75
1.485,9.537921,4.604211,32.472574,0.257129,0.75
1.486,9.55272,4.496237,32.476867,0.256628,0.75
1.487,9.550596,4.536531,32.481359,0.256128,0.75
1.488,9.559137,4.388646,32.485099,0.255628,0.75
1.489,9.554313,4.328251,32.488141,0.255128,0.75
1.49,9.552824,4.33127,32.491613,0.254627,0.75
1.491,9.539387,4.381146,32.495656,0.254127,0.75
1.492,9.557647,4.217113,32.498984,0.253627,0.75
1.493,9.543193,4.258959,32.50305,0.253127,0.75
1.494,9.567863,4.148042,32.506544,0.252626,0.75
1.495,9.553488,4.158009,32.508597,0.252126,0.75
1.496,9.548654,4.068692,32.510848,0.251626,0.75
1.497,9.560996,4.020775,32.512373,0.251126,0.75
1.498,9.572639,3.981439,32.515334,0.250625,0.75
1.499,9.554304,4.04928,32.516939,0.250125,0.75
1.5,9.572184,3.849584,32.5191,0.249625,0.75
1.501,9.550086,3.908815,32.520528,0.249125,0.75
1.502,9.568604,3.784669,32.522148,0.248624,0.75
1.503,9.582618,3.793783,32.522732,0.248124,0.75
1.504,9.564183,3.690198,32.523827,0.247624,0.75
1.505,9.576273,3.777762,32.525033,0.247124,0.75
1.506,9.551884,3.609727,32.526853,0.246623,0.75
1.507,9.571202,3.554626,32.528888,0.246123,0.75
1.508,9.569797,3.537625,32.531591,0.245623,0.75
1.509,9.584379,3.531221,32.532512,0.245123,0.75
1.51,9.583507,3.541552,32.533887,0.244622,0.75
1.511,9.579596,3.387204,32.535049,0.244122,0.75
1.512,9.570973,3.489206,32.537162,0.243622,0.75
1.513,9.579714,3.385222,32.53749,0.243122,0.75
1.514,9.584903,3.297416,32.539808,0.242621,0.75
1.515,9.588585,3.178443,32.54109,0.242121,0.75
1.516,9.584215,3.229499,32.543024,0.241621,0.75
1.517,9.578485,3.193263,32.542579,0.241121,0.75
1.518,9.579486,3.093511,32.543742,0.24062,0.75
1.519,9.583079,3.037428,32.546017,0.24012,0.75
1.52,9.57399,3.147055,32.545967,0.23962,0.75
1.521,9.590181,3.003632,32.545845,0.23912,0.75
1.522,9.583864,2.980607,32.546222,0.238619,0.75
1.523,9.600439,2.894288,32.548334,0.238119,0.75
1.524,9.581651,2.930973,32.551265,0.237619,0.75
1.525,9.579459,2.895325,32.552223,0.237119,0.75
1.526,9.589071,2.812605,32.552991,0.236618,0.75
1.527,9.594315,2.798271,32.555087,0.236118,0.75
1.528,9.58318,2.814106,32.556204,0.235618,0.75
1.529,9.579014,2.700174,32.555612,0.235118,0.75
1.53,9.587613,2.670235,32.556073,0.234617,0.75
1.531,9.605668,2.604239,32.557196,0.234117,0.75
1.532,9.598247,2.529366,32.558893,0.233617,0.75
1.533,9.588426,2.603462,32.559548,0.233117,0.75
1.534,9.581299,2.591995,32.561506,0.232616,0.75
1.535,9.581808,2.532747,32.563507,0.232116,0.75
1.536,9.59047,2.551644,32.564725,0.231616,0.75
1.537,9.598172,2.506023,32.565356,0.231116,0.75
1.538,9.580695,2.420135,32.565925,0.230615,0.75
1.539,9.59431,2.43719,32.565491,0.230115,0.75
1.54,9.587467,2.375198,32.568005,0.229615,0.75
1.541,9.588918,2.338803,32.569399,0.229115,0.75
1.542,9.583505,2.387618,32.56995,0.228614,0.75
1.543,9.589205,2.382674,32.57097,0.228114,0.75
1.544,9.58816,2.33461,32.571834,0.227614,0.75
1.545,9.590949,2.251278,32.570726,0.227114,0.75
1.546,9.588478,2.241516,32.571563,0.226613,0.75
1.547,9.593615,2.233993,32.571769,0.226113,0.75
1.548,9.572445,2.216231,32.573463,0.225613,0.75
1.549,9.597066,2.129449,32.573863,0.225113,0.75
1.55,9.563125,2.288213,32.57503,0.224612,0.75
1.551,9.589319,2.231502,32.576632,0.224112,0.75
1.552,9.581129,2.145973,32.57615,0.223612,0.75
1.553,9.582396,2.1666,32.576723,0.223112,0.75
1.554,9.571634,2.109412,32.578257,0.222611,0.75
1.555,9.585878,2.093095,32.578034,0.222111,0.75
1.556,9.563819,2.09625,32.578739,0.221611,0.75
1.557,9.569792,2.038585,32.580839,0.221111,0.75
1.558,9.570986,2.189563,32.580635,0.22061,0.75
1.559,9.569573,2.161479,32.582447,0.22011,0.75
1.56,9.560415,2.017375,32.583305,0.21961,0.75
1.561,9.567866,2.084766,32.582677,0.21911,0.75
1.562,9.559939,2.064159,32.582993,0.218609,0.75
1.563,9.561364,2.074485,32.582903,0.218109,0.75
1.564,9.580079,2.006469,32.582358,0.217609,0.75
1.565,9.562779,2.074746,32.583551,0.217109,0.75
1.566,9.571157,2.025845,32.582797,0.216608,0.75
1.567,9.56032,2.021942,32.582964,0.216108,0.75
1.568,9.554995,2.025362,32.583651,0.215608,0.75
1.569,9.556742,2.003586,32.583551,0.215108,0.75
1.57,9.574036,1.997477,32.583586,0.214607,0.75
1.571,9.553546,2.052682,32.583929,0.214107,0.75
1.572,9.548676,2.026004,32.584797,0.213607,0.75
1.573,9.548517,2.038709,32.58485,0.213107,0.75
1.574,9.544506,2.035163,32.585255,0.212606,0.75
1.575,9.550684,2.010569,32.584824,0.212106,0.75
1.576,9.54343,1.939217,32.58458,0.211606,0.75
1.577,9.526941,2.026714,32.584157,0.211106,0.75
1.578,9.53413,2.088251,32.585029,0.210605,0.75
1.579,9.531989,2.046789,32.585793,0.210105,0.75
1.58,9.548473,1.945502,32.586249,0.209605,0.75
1.581,9.533982,2.039144,32.588654,0.209105,0.75
1.582,9.526836,2.021646,32.58895,0.208604,0.75
1.583,9.524945,2.08777,32.590551,0.208104,0.75
1.584,9.536139,1.980695,32.591713,0.207604,0.75
1.585,9.507823,2.116022,32.591235,0.207104,0.75
1.586,9.515412,2.088959,32.590695,0.206603,0.75
1.587,9.522481,2.151287,32.590274,0.206103,0.75
1.588,9.495442,2.12308,32.590751,0.205603,0.75
1.589,9.507056,2.054512,32.58937,0.205103,0.75
1.59,9.478825,2.259137,32.589671,0.204602,0.75
1.591,9.499157,2.23215,32.591567,0.204102,0.75
1.592,9.499241,2.22423,32.592536,0.203602,0.75
1.593,9.48403,2.183641,32.594281,0.203102,0.75
1.594,9.491576,2.216688,32.594343,0.202601,0.75
1.595,9.483899,2.2219,32.595645,0.202101,0.75
1.596,9.473654,2.27247,32.597753,0.201601,0.75
1.597,9.482044,2.288784,32.598474,0.201101,0.75
1.598,9.470938,2.351588,32.599784,0.2006,0.75
1.599,9.470795,2.35991,32.598505,0.2001,0.75
1.6,9.460135,2.425534,32.599601,0.1996,0.75
1.601,9.472278,2.332642,32.601553,0.1991,0.75
1.602,9.459723,2.392261,32.600218,0.198599,0.75
1.603,9.445687,2.426789,32.602561,0.198099,0.75
1.604,9.464065,2.483808,32.603287,0.197599,0.75
1.605,9.442295,2.471144,32.602393,0.197099,0.75
1.606,9.427957,2.613008,32.602454,0.196598,0.75
1.607,9.446787,2.442236,32.604262,0.196098,0.75
1.608,9.426508,2.609557,32.605407,0.195598,0.75
1.609,9.425159,2.65214,32.605612,0.195098,0.75
1.61,9.421582,2.680589,32.605724,0.194597,0.75
1.611,9.408783,2.764147,32.605867,0.194097,0.75
1.612,9.430417,2.637485,32.608562,0.193597,0.75
1.613,9.413586,2.753527,32.610041,0.193097,0.75
1.614,9.415718,2.720737,32.611442,0.192596,0.75
1.615,9.390995,2.805391,32.614153,0.192096,0.75
1.616,9.392454,2.82436,32.613227,0.191596,0.75
1.617,9.39159,2.919136,32.614346,0.191096,0.75
1.618,9.389607,2.897752,32.616109,0.190595,0.75
1.619,9.374706,2.929153,32.616772,0.190095,0.75
1.62,9.373483,3.011389,32.615987,0.189595,0.75
1.621,9.375868,2.968518,32.61746,0.189095,0.75
1.622,9.35718,3.034738,32.618232,0.188594,0.75
1.623,9.37119,3.075433,32.620193,0.188094,0.75
1.624,9.338251,3.267102,32.620637,0.187594,0.75
1.625,9.348178,3.208088,32.62195,0.187094,0.75
1.626,9.344514,3.219433,32.623111,0.186593,0.75
1.627,9.332682,3.258801,32.623442,0.186093,0.75
1.628,9.32991,3.282094,32.625582,0.185593,0.75
1.629,9.36085,3.23214,32.626327,0.185093,0.75
1.63,9.329884,3.430857,32.62617,0.184592,0.75
1.631,9.333413,3.476502,32.63027,0.184092,0.75
1.632,9.322958,3.425154,32.632706,0.183592,0.75
1.633,9.307922,3.509813,32.634963,0.183092,0.75
1.634,9.314454,3.59034,32.633755,0.182591,0.75
1.635,9.292644,3.596168,32.636049,0.182091,0.75
1.636,9.300368,3.663881,32.637309,0.181591,0.75
1.637,9.292476,3.688122,32.639469,0.181091,0.75
1.638,9.286868,3.687666,32.640268,0.18059,0.75
1.639,9.284559,3.801775,32.64193,0.18009,0.75
1.64,9.277223,3.882176,32.644797,0.17959,0.75
1.641,9.273396,3.824687,32.647879,0.17909,0.75
1.642,9.274823,3.925527,32.65042,0.178589,0.75
1.643,9.251601,3.936591,32.654639,0.178089,0.75
1.644,9.247651,3.915137,32.657809,0.177589,0.75
1.645,9.24021,4.080381,32.662029,0.177089,0.75
1.646,9.240366,4.089597,32.664705,0.176588,0.75
1.647,9.239033,4.174735,32.667101,0.176088,0.75
1.648,9.214777,4.219152,32.666991,0.175588,0.75
1.649,9.21834,4.238541,32.669073,0.175088,0.75
1.65,9.221195,4.265022,32.673115,0.174587,0.75
1.651,9.21401,4.274575,32.675211,0.174087,0.75
1.652,9.213196,4.294507,32.678105,0.173587,0.75
1.653,9.183739,4.462535,32.678445,0.173087,0.75
1.654,9.193161,4.452489,32.682073,0.172586,0.75
1.655,9.195808,4.499653,32.683474,0.172086,0.75
1.656,9.196053,4.529378,32.686677,0.171586,0.75
1.657,9.187019,4.494128,32.69216,0.171086,0.75
1.658,9.161719,4.693968,32.694434,0.170585,0.75
1.659,9.170172,4.668362,32.697925,0.170085,0.75
1.66,9.16629,4.734024,32.700968,0.169585,0.75
1.661,9.171785,4.686548,32.704278,0.169085,0.75
1.662,9.158256,4.78963,32.705484,0.168584,0.75
1.663,9.143301,4.849999,32.709724,0.168084,0.75
1.664,9.134456,4.90923,32.71375,0.167584,0.75
1.665,9.1532,4.892063,32.718209,0.167084,0.75
1.666,9.142403,4.945555,32.720985,0.166583,0.75
1.667,9.139357,5.026429,32.726145,0.166083,0.75
1.668,9.104083,5.066925,32.730403,0.165583,0.75
1.669,9.096017,5.212146,32.733606,0.165083,0.75
1.67,9.115592,5.09808,32.73894,0.164582,0.75
1.671,9.098758,5.202345,32.742967,0.164082,0.75
1.672,9.101104,5.168235,32.746129,0.163582,0.75
1.673,9.113458,5.284083,32.7488,0.163082,0.75
1.674,9.09765,5.334577,32.753389,0.162581,0.75
1.675,9.090992,5.374469,32.757714,0.162081,0.75
1.676,9.077251,5.412112,32.762733,0.161581,0.75
1.677,9.076875,5.46842,32.766858,0.161081,0.75
1.678,9.081747,5.406683,32.772179,0.16058,0.75
1.679,9.061396,5.550313,32.776788,0.16008,0.75
1.68,9.075561,5.5462,32.782184,0.15958,0.75
1.681,9.057161,5.576237,32.785786,0.15908,0.75
1.682,9.048109,5.672791,32.790912,0.158579,0.75
1.683,9.049503,5.672152,32.79486,0.158079,0.75
1.684,9.050282,5.675572,32.798588,0.157579,0.75
1.685,9.035467,5.696619,32.803105,0.157079,0.75
1.686,9.028991,5.739991,32.808368,0.156578,0.75
1.687,9.032807,5.758758,32.811843,0.156078,0.75
1.688,9.025802,5.739672,32.814512,0.155578,0.75
1.689,9.027351,5.92347,32.819351,0.155078,0.75
1.69,8.99774,5.931062,32.824286,0.154577,0.75
1.691,9.012326,5.993748,32.829322,0.154077,0.75
1.692,9.015547,5.9084,32.836609,0.153577,0.75
1.693,9.01275,5.963644,32.839651,0.153077,0.75
1.694,8.992412,6.018538,32.847159,0.152576,0.75
1.695,9.003181,5.981041,32.853826,0.152076,0.75
1.696,8.999758,6.017976,32.861203,0.151576,0.75
1.697,8.991974,6.126777,32.867311,0.151076,0.75
1.698,8.990125,6.098609,32.874666,0.150575,0.75
1.699,8.976586,6.095687,32.879078,0.150075,0.75
1.7,8.977914,6.112733,32.885506,0.149575,0.75
1.701,8.973561,6.08748,32.891083,0.149075,0.75
1.702,8.967701,6.331721,32.896886,0.148574,0.75
1.703,8.961942,6.273849,32.901106,0.148074,0.75
1.704,8.94445,6.212531,32.907149,0.147574,0.75
1.705,8.953171,6.221006,32.911574,0.147074,0.75
1.706,8.951919,6.286925,32.917046,0.146573,0.75
1.707,8.938268,6.373737,32.92358,0.146073,0.75
1.708,8.939371,6.465259,32.929746,0.145573,0.75
1.709,8.942263,6.301704,32.936814,0.145073,0.75
1.71,8.938436,6.371469,32.942101,0.144572,0.75
1.711,8.917762,6.421767,32.948006,0.144072,0.75
1.712,8.937087,6.334059,32.95195,0.143572,0.75
1.713,8.919145,6.462981,32.957329,0.143072,0.75
1.714,8.925922,6.358729,32.962413,0.142571,0.75
1.715,8.927246,6.449167,32.969046,0.142071,0.75
1.716,8.929078,6.314662,32.975013,0.141571,0.75
1.717,8.925816,6.35995,32.981778,0.141071,0.75
1.718,8.903888,6.381929,32.988231,0.14057,0.75
1.719,8.907661,6.503963,32.995252,0.14007,0.75
1.72,8.894998,6.42646,33.001467,0.13957,0.75
1.721,8.888343,6.56274,33.005756,0.13907,0.75
1.722,8.906405,6.486788,33.011867,0.138569,0.75
1.723,8.896626,6.536544,33.017896,0.138069,0.75
1.724,8.887293,6.487683,33.024098,0.137569,0.75
1.725,8.878212,6.473284,33.03122,0.137069,0.75
1.726,8.88933,6.446583,33.037911,0.136568,0.75
1.727,8.891231,6.461227,33.044098,0.136068,0.75
1.728,8.871518,6.425903,33.048924,0.135568,0.75
1.729,8.882982,6.533926,33.053007,0.135068,0.75
1.73,8.89247,6.578188,33.059801,0.134567,0.75
1.731,8.857142,6.527064,33.06668,0.134067,0.75
1.732,8.87511,6.525613,33.072301,0.133567,0.75
1.733,8.870392,6.49488,33.079081,0.133067,0.75
1.734,8.865287,6.532762,33.085414,0.132566,0.75
1.735,8.866523,6.493999,33.090678,0.132066,0.75
1.736,8.868782,6.491181,33.096544,0.131566,0.75
1.737,8.859873,6.477156,33.102298,0.131066,0.75
1.738,8.853315,6.452916,33.107584,0.130565,0.75
1.739,8.862698,6.526072,33.113603,0.130065,0.75
1.74,8.850396,6.433751,33.118361,0.129565,0.75
1.741,8.857924,6.270644,33.124899,0.129065,0.75
1.742,8.857662,6.312171,33.130349,0.128564,0.75
1.743,8.846771,6.412286,33.135532,0.128064,0.75
1.744,8.85267,6.306167,33.139783,0.127564,0.75
1.745,8.851873,6.360368,33.14568,0.127064,0.75
1.746,8.854701,6.418734,33.152322,0.126563,0.75
1.747,8.843646,6.303594,33.15716,0.126063,0.75
1.748,8.838859,6.451808,33.163909,0.125563,0.75
1.749,8.841166,6.32594,33.17059,0.125063,0.75
1.75,8.841501,6.2313,33.175177,0.124562,0.75
1.751,8.849417,6.312229,33.180563,0.124062,0.75
1.752,8.831074,6.190215,33.184984,0.123562,0.75
1.753,8.842975,6.173417,33.191257,0.123062,0.75
1.754,8.830862,6.189692,33.195362,0.122561,0.75
1.755,8.840608,6.195647,33.201601,0.122061,0.75
1.756,8.83674,6.135016,33.207889,0.121561,0.75
1.757,8.838873,6.224143,33.213385,0.121061,0.75
1.758,8.84585,6.024296,33.218679,0.12056,0.75
1.759,8.836732,6.022505,33.224689,0.12006,0.75
1.76,8.84137,5.999984,33.228141,0.11956,0.75
1.761,8.839626,5.999175,33.23443,0.11906,0.75
1.762,8.832504,5.902243,33.238162,0.118559,0.75
1.763,8.829936,5.919329,33.242895,0.118059,0.75
1.764,8.83454,5.909753,33.247024,0.117559,0.75
1.765,8.83566,5.99706,33.252058,0.117059,0.75
1.766,8.830453,5.838558,33.256568,0.116558,0.75
1.767,8.825843,5.867225,33.26139,0.116058,0.75
1.768,8.83994,5.840544,33.266217,0.115558,0.75
1.769,8.825697,5.838028,33.269516,0.115058,0.75
1.77,8.831005,5.720472,33.274995,0.114557,0.75
1.771,8.829089,5.693623,33.279094,0.114057,0.75
1.772,8.828809,5.758804,33.283873,0.113557,0.75
1.773,8.832586,5.603469,33.286143,0.113057,0.75
1.774,8.821667,5.644976,33.288525,0.112556,0.75
1.775,8.846886,5.547151,33.293392,0.112056,0.75
1.776,8.828545,5.545393,33.296061,0.111556,0.75
1.777,8.824521,5.512181,33.300493,0.111056,0.75
1.778,8.82012,5.569538,33.302858,0.110555,0.75
1.779,8.825818,5.412823,33.30607,0.110055,0.75
1.78,8.830966,5.425656,33.310959,0.109555,0.75
1.781,8.8375,5.255373,33.3159,0.109055,0.75
1.782,8.822424,5.267728,33.317741,0.108554,0.75
1.783,8.839759,5.179784,33.320592,0.108054,0.75
1.784,8.831037,5.244947,33.324219,0.107554,0.75
1.785,8.831525,5.19628,33.329754,0.107054,0.75
1.786,8.819763,5.208572,33.334314,0.106553,0.75
1.787,8.841375,5.094107,33.337674,0.106053,0.75
1.788,8.825504,5.049983,33.341293,0.105553,0.75
1.789,8.82634,5.033222,33.343669,0.105053,0.75
1.79,8.837397,4.979416,33.34825,0.104552,0.75
1.791,8.839075,4.896981,33.353072,0.104052,0.75
1.792,8.837306,4.927173,33.3581,0.103552,0.75
1.793,8.835854,4.830331,33.359758,0.103052,0.75
1.794,8.823654,4.804137,33.362953,0.102551,0.75
1.795,8.836854,4.714382,33.365329,0.102051,0.75
1.796,8.842244,4.731686,33.367361,0.101551,0.75
1.797,8.851685,4.643995,33.369961,0.101051,0.75
1.798,8.830947,4.670523,33.371711,0.10055,0.75
1.799,8.842101,4.504441,33.375709,0.10005,0.75
1.8,8.833679,4.516805,33.3773,0.09955,0.75
1.801,8.819593,4.555733,33.380768,0.09905,0.75
1.802,8.840896,4.460722,33.384112,0.098549,0.75
1.803,8.84168,4.346339,33.386044,0.098049,0.75
1.804,8.838627,4.388023,33.388056,0.097549,0.75
1.805,8.836447,4.376691,33.392012,0.097049,0.75
1.806,8.84666,4.26572,33.393801,0.096548,0.75
1.807,8.849995,4.128035,33.395947,0.096048,0.75
1.808,8.846118,4.145942,33.39973,0.095548,0.75
1.809,8.832695,4.116347,33.402408,0.095048,0.75
1.81,8.847372,4.023497,33.404085,0.094547,0.75
1.811,8.846463,4.055527,33.406729,0.094047,0.75
1.812,8.833324,3.99149,33.409058,0.093547,0.75
1.813,8.839267,3.960918,33.411286,0.093047,0.75
1.814,8.836356,3.89827,33.413879,0.092546,0.75
1.815,8.850232,3.797705,33.416055,0.092046,0.75
1.816,8.847254,3.801882,33.418392,0.091546,0.75
1.817,8.84749,3.835107,33.419505,0.091046,0.75
1.818,8.853913,3.77662,33.421404,0.090545,0.75
1.819,8.834554,3.803681,33.423394,0.090045,0.75
1.82,8.850788,3.653511,33.426197,0.089545,0.75
1.821,8.848468,3.699913,33.427767,0.089045,0.75
1.822,8.849044,3.57333,33.430855,0.088544,0.75
1.823,8.838974,3.589183,33.432592,0.088044,0.75
1.824,8.85728,3.408934,33.433548,0.087544,0.75
1.825,8.842293,3.387685,33.434618,0.087044,0.75
1.826,8.84839,3.392121,33.435692,0.086543,0.75
1.827,8.845146,3.343788,33.43828,0.086043,0.75
1.828,8.848536,3.373786,33.441291,0.085543,0.75
1.829,8.839874,3.312685,33.442763,0.085043,0.75
1.83,8.86278,3.250821,33.444481,0.084542,0.75
1.831,8.840832,3.201831,33.444219,0.084042,0.75
1.832,8.844688,3.104011,33.446133,0.083542,0.75
1.833,8.84407,3.12076,33.448015,0.083042,0.75
1.834,8.854035,3.066445,33.448259,0.082541,0.75
1.835,8.84484,3.001821,33.451484,0.082041,0.75
1.836,8.853959,2.911129,33.451905,0.081541,0.75
1.837,8.848024,2.975089,33.454027,0.081041,0.75
1.838,8.850221,2.858279,33.453432,0.08054,0.75
1.839,8.845644,2.908564,33.455876,0.08004,0.75
1.84,8.853556,2.832806,33.457645,0.07954,0.75
1.841,8.83932,2.802789,33.458109,0.07904,0.75
1.842,8.826948,2.752195,33.459049,0.078539,0.75
1.843,8.841284,2.782424,33.459915,0.078039,0.75
1.844,8.845738,2.641526,33.46213,0.077539,0.75
1.845,8.83485,2.631007,33.464264,0.077039,0.75
1.846,8.844516,2.634333,33.467247,0.076538,0.75
1.847,8.846122,2.638635,33.466908,0.076038,0.75
1.848,8.828095,2.649487,33.465649,0.075538,0.75
1.849,8.840585,2.580391,33.467094,0.075038,0.75
1.85,8.837685,2.484789,33.467092,0.074537,0.75
1.851,8.825992,2.57933,33.467267,0.074037,0.75
1.852,8.829283,2.467522,33.46769,0.073537,0.75
1.853,8.840884,2.339422,33.465671,0.073037,0.75
1.854,8.826905,2.406224,33.465236,0.072536,0.75
1.855,8.83069,2.363773,33.467197,0.072036,0.75
1.856,8.839773,2.31756,33.466201,0.071536,0.75
1.857,8.830528,2.323909,33.467306,0.071036,0.75
1.858,8.82791,2.322997,33.467946,0.070535,0.75
1.859,8.819631,2.351446,33.468558,0.070035,0.75
1.86,8.840107,2.27026,33.470008,0.069535,0.75
1.861,8.820399,2.221259,33.470533,0.069035,0.75
1.862,8.835836,2.169027,33.472737,0.068534,0.75
1.863,8.825679,2.215071,33.474329,0.068034,0.75
1.864,8.82978,2.188525,33.474028,0.067534,0.75
1.865,8.822396,2.257507,33.475765,0.067034,0.75
1.866,8.816234,2.216364,33.476691,0.066533,0.75
1.867,8.825937,2.058962,33.477467,0.066033,0.75
1.868,8.823986,2.127525,33.476814,0.065533,0.75
1.869,8.80972,2.115288,33.478156,0.065033,0.75
1.87,8.819766,2.142606,33.479219,0.064532,0.75
1.871,8.817335,2.076343,33.479785,0.064032,0.75
1.872,8.80463,2.039978,33.479925,0.063532,0.75
1.873,8.808476,2.189911,33.479621,0.063032,0.75
1.874,8.802006,2.116197,33.479227,0.062531,0.75
1.875,8.807424,1.991145,33.477868,0.062031,0.75
1.876,8.789895,2.142974,33.480186,0.061531,0.75
1.877,8.805765,1.970184,33.481878,0.061031,0.75
1.878,8.804452,2.039889,33.482402,0.06053,0.75
1.879,8.783516,2.048895,33.483572,0.06003,0.75
1.88,8.794358,2.037187,33.484439,0.05953,0.75
1.881,8.772288,2.049307,33.485845,0.05903,0.75
1.882,8.779226,2.033795,33.484206,0.058529,0.75
1.883,8.770353,2.074201,33.483561,0.058029,0.75
1.884,8.770622,1.982769,33.483975,0.057529,0.75
1.885,8.781375,1.961359,33.484124,0.057029,0.75
1.886,8.758516,2.010226,33.487007,0.056528,0.75
1.887,8.767901,1.984325,33.486967,0.056028,0.75
1.888,8.770215,2.043922,33.488224,0.055528,0.75
1.889,8.758312,2.075802,33.489573,0.055028,0.75
1.89,8.756918,2.024671,33.491142,0.054527,0.75
1.891,8.739206,2.063266,33.492882,0.054027,0.75
1.892,8.74018,2.060331,33.493049,0.053527,0.75
1.893,8.750628,2.094511,33.493243,0.053027,0.75
1.894,8.736864,2.089558,33.494492,0.052526,0.75
1.895,8.736545,2.099904,33.496401,0.052026,0.75
1.896,8.732877,2.121159,33.496673,0.051526,0.75
1.897,8.708345,2.144641,33.497101,0.051026,0.75
1.898,8.717479,2.078979,33.497958,0.050525,0.75
1.899,8.721603,2.120252,33.498094,0.050025,0.75
1.9,8.704694,2.104753,33.498706,0.049525,0.75
1.901,8.712801,2.181509,33.499697,0.049025,0.75
1.902,8.707037,2.15999,33.500983,0.048524,0.75
1.903,8.707276,2.160878,33.500439,0.048024,0.75
1.904,8.698567,2.135893,33.500173,0.047524,0.75
1.905,8.693059,2.219585,33.499772,0.047024,0.75
1.906,8.681479,2.204128,33.500088,0.046523,0.75
1.907,8.693244,2.224186,33.50226,0.046023,0.75
1.908,8.671436,2.26265,33.50253,0.045523,0.75
1.909,8.653581,2.348329,33.501716,0.045023,0.75
1.91,8.664489,2.319584,33.503728,0.044522,0.75
1.911,8.667956,2.2569,33.505245,0.044022,0.75
1.912,8.655344,2.290374,33.50442,0.043522,0.75
1.913,8.667279,2.309502,33.505417,0.043022,0.75
1.914,8.649483,2.434538,33.506533,0.042521,0.75
1.915,8.640306,2.345163,33.507859,0.042021,0.75
1.916,8.653037,2.352353,33.508897,0.041521,0.75
1.917,8.62894,2.503904,33.508759,0.041021,0.75
1.918,8.626142,2.528579,33.509522,0.04052,0.75
1.919,8.644836,2.576638,33.508453,0.04002,0.75
1.92,8.617063,2.508141,33.507998,0.03952,0.75
1.921,8.605119,2.585284,33.508523,0.03902,0.75
1.922,8.608147,2.548845,33.507487,0.038519,0.75
1.923,8.590187,2.537895,33.50851,0.038019,0.75
1.924,8.5951,2.729299,33.509859,0.037519,0.75
1.925,8.593013,2.673678,33.511144,0.037019,0.75
1.926,8.576066,2.691907,33.513603,0.036518,0.75
1.927,8.573444,2.679862,33.51462,0.036018,0.75
1.928,8.574128,2.807907,33.516664,0.035518,0.75
1.929,8.574704,2.825236,33.516693,0.035018,0.75
1.93,8.544112,2.930969,33.516574,0.034517,0.75
1.931,8.558996,2.880745,33.518615,0.034017,0.75
1.932,8.555119,2.840911,33.519069,0.033517,0.75
1.933,8.560574,2.934648,33.520891,0.033017,0.75
1.934,8.538954,2.970372,33.520136,0.032516,0.75
1.935,8.529587,2.983662,33.521305,0.032016,0.75
1.936,8.526702,3.067232,33.522469,0.031516,0.75
1.937,8.512666,3.12451,33.523512,0.031016,0.75
1.938,8.503593,3.175061,33.525782,0.030515,0.75
1.939,8.503165,3.19664,33.529458,0.030015,0.75
1.94,8.512141,3.176097,33.530609,0.029515,0.75
1.941,8.492115,3.268222,33.532132,0.029015,0.75
1.942,8.480858,3.290541,33.534952,0.028514,0.75
1.943,8.478403,3.333734,33.534243,0.028014,0.75
1.944,8.471956,3.416085,33.534794,0.027514,0.75
1.945,8.45724,3.52095,33.537324,0.027014,0.75
1.946,8.464863,3.425662,33.538357,0.026513,0.75
1.947,8.445106,3.496626,33.540366,0.026013,0.75
1.948,8.445139,3.615691,33.541822,0.025513,0.75
1.949,8.429865,3.550394,33.543868,0.025013,0.75
1.95,8.429609,3.600767,33.546611,0.024512,0.75
1.951,8.436914,3.645107,33.549131,0.024012,0.75
1.952,8.417647,3.718599,33.551755,0.023512,0.75
1.953,8.389369,3.833328,33.554064,0.023012,0.75
1.954,8.41251,3.79169,33.555821,0.022511,0.75
1.955,8.404017,3.909726,33.556457,0.022011,0.75
1.956,8.395052,3.925205,33.559275,0.021511,0.75
1.957,8.371113,4.034009,33.562425,0.021011,0.75
1.958,8.366004,4.097925,33.566962,0.02051,0.75
1.959,8.363415,4.040382,33.56901,0.02001,0.75
1.96,8.347937,4.134478,33.572163,0.01951,0.75
1.961,8.357154,4.091738,33.574973,0.01901,0.75
1.962,8.320154,4.229771,33.576839,0.018509,0.75
1.963,8.316671,4.296881,33.57965,0.018009,0.75
1.964,8.321979,4.291747,33.582374,0.017509,0.75
1.965,8.322073,4.262789,33.584611,0.017009,0.75
1.966,8.315432,4.400802,33.586904,0.016508,0.75
1.967,8.300624,4.43312,33.588535,0.016008,0.75
1.968,8.28871,4.434907,33.5917,0.015508,0.75
1.969,8.290195,4.448926,33.595165,0.015008,0.75
1.97,8.2921,4.494179,33.599633,0.014507,0.75
1.971,8.271062,4.53112,33.601859,0.014007,0.75
1.972,8.256591,4.637082,33.605826,0.013507,0.75
1.973,8.263659,4.646647,33.608323,0.013007,0.75
1.974,8.24865,4.780574,33.610975,0.012506,0.75
1.975,8.228529,4.794148,33.615016,0.012006,0.75
1.976,8.230807,4.791214,33.61759,0.011506,0.75
1.977,8.227376,4.900278,33.620109,0.011006,0.75
1.978,8.213804,4.8197,33.623523,0.010505,0.75
1.979,8.20043,4.877822,33.625781,0.010005,0.75
1.98,8.205921,4.915998,33.629072,0.009505,0.75
1.981,8.175592,5.080957,33.632049,0.009005,0.75
1.982,8.176837,5.118117,33.63633,0.008504,0.75
1.983,8.173735,5.080056,33.63772,0.008004,0.75
1.984,8.164735,5.214982,33.639543,0.007504,0.75
1.985,8.160365,5.178902,33.643744,0.007004,0.75
1.986,8.150221,5.241664,33.647408,0.006503,0.75
1.987,8.141865,5.246645,33.650697,0.006003,0.75
1.988,8.126851,5.336496,33.655149,0.005503,0.75
1.989,8.12759,5.3909,33.659286,0.005003,0.75
1.99,8.108297,5.365294,33.664108,0.004502,0.75
1.991,8.106369,5.419034,33.668291,0.004002,0.75
1.992,8.087804,5.530531,33.671878,0.003502,0.75
1.993,8.070296,5.56659,33.675425,0.003002,0.75
1.994,8.060973,5.564702,33.680001,0.002501,0.75
1.995,8.060977,5.57988,33.686521,0.002001,0.75
1.996,8.043679,5.64046,33.693859,0.001501,0.75
1.997,8.029323,5.693087,33.699996,0.001001,0.75
1.998,8.026689,5.589143,33.703998,0.0005,0.75
1.999,8.001376,5.721825,33.708269,0.0,0.75
0.0,12.05383,2.045961,28.0,1.0,0.7
0.001,12.064999,1.933182,28.000174,0.9995,0.7
0.002,12.050118,1.919817,28.001129,0.998999,0.7
0.003,12.045638,2.035239,28.00171,0.998499,0.7
0.004,12.04728,1.93866,28.002931,0.997999,0.7
0.005,12.0393,2.067248,28.004871,0.997499,0.7
0.006,12.043403,1.962357,28.005194,0.996998,0.7
0.007,12.037095,2.114157,28.00908,0.996498,0.7
0.008,12.040602,2.042214,28.010024,0.995998,0.7
0.009,12.035203,1.979063,28.010758,0.995498,0.7
0.01,12.036189,1.979635,28.010056,0.994997,0.7
0.011,12.026551,2.211624,28.011334,0.994497,0.7
0.012,12.034838,2.112022,28.013476,0.993997,0.7
0.013,12.022576,2.089166,28.014526,0.993497,0.7
0.014,12.011986,2.093503,28.013378,0.992996,0.7
0.015,12.024167,2.151008,28.014013,0.992496,0.7
0.016,12.017254,2.063998,28.015278,0.991996,0.7
0.017,12.007017,2.114082,28.016269,0.991496,0.7
0.018,12.021996,2.113268,28.017245,0.990995,0.7
0.019,12.001792,2.212567,28.019332,0.990495,0.7
0.02,12.009939,2.121676,28.019001,0.989995,0.7
0.021,12.002837,2.131095,28.018691,0.989495,0.7
0.022,11.991848,2.320806,28.019768,0.988994,0.7
0.023,12.002439,2.213226,28.020731,0.988494,0.7
0.024,12.00052,2.205553,28.019957,0.987994,0.7
0.025,11.998305,2.252558,28.021648,0.987494,0.7
0.026,12.004353,2.258826,28.023529,0.986993,0.7
0.027,11.982221,2.287923,28.023705,0.986493,0.7
0.028,11.981024,2.262022,28.023221,0.985993,0.7
0.029,11.984845,2.384064,28.026163,0.985493,0.7
0.03,11.974431,2.440783,28.026653,0.984992,0.7
0.031,11.960022,2.485392,28.027628,0.984492,0.7
0.032,11.980722,2.383715,28.029829,0.983992,0.7
0.033,11.989188,2.394945,28.029741,0.983492,0.7
0.034,11.968696,2.464012,28.029554,0.982991,0.7
0.035,11.940581,2.631187,28.029816,0.982491,0.7
0.036,11.968182,2.516176,28.030034,0.981991,0.7
0.037,11.952096,2.629969,28.031026,0.981491,0.7
0.038,11.950615,2.548771,28.031305,0.98099,0.7
0.039,11.946595,2.586711,28.033207,0.98049,0.7
0.04,11.948023,2.676079,28.033846,0.97999,0.7
0.041,11.947516,2.694691,28.034868,0.97949,0.7
0.042,11.940582,2.663803,28.035407,0.978989,0.7
0.043,11.939274,2.789596,28.037289,0.978489,0.7
0.044,11.924461,2.78006,28.038362,0.977989,0.7
0.045,11.905799,2.896908,28.039269,0.977489,0.7
0.046,11.928302,2.891568,28.041383,0.976988,0.7
0.047,11.893786,2.967577,28.043909,0.976488,0.7
0.048,11.91313,2.998549,28.045655,0.975988,0.7
0.049,11.90835,3.017961,28.047432,0.975488,0.7
0.05,11.912124,3.019828,28.04887,0.974987,0.7
0.051,11.900825,3.048511,28.049787,0.974487,0.7
0.052,11.8963,3.127479,28.050552,0.973987,0.7
0.053,11.870643,3.175762,28.052959,0.973487,0.7
0.054,11.880184,3.218558,28.05346,0.972986,0.7
0.055,11.877255,3.220345,28.05549,0.972486,0.7
0.056,11.871964,3.378082,28.057288,0.971986,0.7
0.057,11.86902,3.365853,28.058668,0.971486,0.7
0.058,11.863092,3.291429,28.060012,0.970985,0.7
0.059,11.872396,3.337089,28.061791,0.970485,0.7
0.06,11.871616,3.400905,28.063905,0.969985,0.7
0.061,11.85576,3.51338,28.065251,0.969485,0.7
0.062,11.864667,3.511891,28.065543,0.968984,0.7
0.063,11.835362,3.601537,28.067714,0.968484,0.7
0.064,11.837276,3.637815,28.070187,0.967984,0.7
0.065,11.845189,3.530042,28.072734,0.967484,0.7
0.066,11.832385,3.631989,28.075356,0.966983,0.7
0.067,11.835399,3.740566,28.076713,0.966483,0.7
0.068,11.818486,3.791703,28.079875,0.965983,0.7
0.069,11.817327,3.801324,28.082608,0.965483,0.7
0.07,11.826642,3.803495,28.082993,0.964982,0.7
0.071,11.809655,3.85933,28.083238,0.964482,0.7
0.072,11.813795,3.900601,28.084791,0.963982,0.7
0.073,11.80211,3.952225,28.087628,0.963482,0.7
0.074,11.799171,4.015864,28.091033,0.962981,0.7
0.075,11.800386,4.053096,28.094459,0.962481,0.7
0.076,11.776598,4.203466,28.097887,0.961981,0.7
0.077,11.7711,4.255313,28.102285,0.961481,0.7
0.078,11.77307,4.232155,28.103715,0.96098,0.7
0.079,11.781912,4.304908,28.105144,0.96048,0.7
0.08,11.770073,4.34021,28.107373,0.95998,0.7
0.081,11.764423,4.354873,28.108688,0.95948,0.7
0.082,11.745271,4.406386,28.11267,0.958979,0.7
0.083,11.743597,4.485178,28.115897,0.958479,0.7
0.084,11.761049,4.357731,28.119366,0.957979,0.7
0.085,11.756862,4.517828,28.122871,0.957479,0.7
0.086,11.74617,4.598504,28.127133,0.956978,0.7
0.087,11.736903,4.612333,28.131658,0.956478,0.7
0.088,11.726283,4.721679,28.134784,0.955978,0.7
0.089,11.716951,4.731637,28.138128,0.955478,0.7
0.09,11.715944,4.741937,28.141379,0.954977,0.7
0.091,11.702669,4.871768,28.145823,0.954477,0.7
0.092,11.72303,4.843008,28.151062,0.953977,0.7
0.093,11.69419,4.879068,28.153855,0.953477,0.7
0.094,11.693119,5.038674,28.15984,0.952976,0.7
0.095,11.700554,5.068079,28.163274,0.952476,0.7
0.096,11.690648,5.081711,28.168638,0.951976,0.7
0.097,11.689062,5.020493,28.17342,0.951476,0.7
0.098,11.661188,5.188976,28.179734,0.950975,0.7
0.099,11.665618,5.136175,28.182393,0.950475,0.7
0.1,11.676752,5.005207,28.185794,0.949975,0.7
0.101,11.671791,5.29199,28.190682,0.949475,0.7
0.102,11.668276,5.31213,28.196202,0.948974,0.7
0.103,11.646983,5.354096,28.200759,0.948474,0.7
0.104,11.632547,5.404066,28.205545,0.947974,0.7
0.105,11.642603,5.373173,28.21013,0.947474,0.7
0.106,11.639005,5.421008,28.214798,0.946973,0.7
0.107,11.647443,5.433156,28.220433,0.946473,0.7
0.108,11.647437,5.507192,28.225935,0.945973,0.7
0.109,11.638446,5.534159,28.229427,0.945473,0.7
0.11,11.631511,5.60359,28.235693,0.944972,0.7
0.111,11.619009,5.652372,28.240166,0.944472,0.7
0.112,11.60941,5.65552,28.245822,0.943972,0.7
0.113,11.610952,5.683764,28.251276,0.943472,0.7
0.114,11.608991,5.689334,28.2547,0.942971,0.7
0.115,11.61913,5.699686,28.260257,0.942471,0.7
0.116,11.611683,5.758917,28.265396,0.941971,0.7
0.117,11.598906,5.860602,28.269913,0.941471,0.7
0.118,11.589162,5.852475,28.277269,0.94097,0.7
0.119,11.591612,5.904314,28.282463,0.94047,0.7
0.12,11.596198,5.783963,28.286951,0.93997,0.7
0.121,11.585645,5.919331,28.29249,0.93947,0.7
0.122,11.585782,5.96435,28.300138,0.938969,0.7
0.123,11.577093,5.983096,28.303639,0.938469,0.7
0.124,11.581334,5.964735,28.308562,0.937969,0.7
0.125,11.567959,6.039182,28.311663,0.937469,0.7
0.126,11.566366,6.132454,28.317497,0.936968,0.7
0.127,11.562425,6.092514,28.323906,0.936468,0.7
0.128,11.558635,6.05105,28.329976,0.935968,0.7
0.129,11.555818,6.222875,28.335786,0.935468,0.7
0.13,11.536894,6.221381,28.340814,0.934967,0.7
0.131,11.543516,6.215749,28.34724,0.934467,0.7
0.132,11.557155,6.19808,28.352356,0.933967,0.7
0.133,11.535661,6.260891,28.358448,0.933467,0.7
0.134,11.529729,6.361565,28.364373,0.932966,0.7
0.135,11.542794,6.235295,28.368739,0.932466,0.7
0.136,11.543804,6.231318,28.373635,0.931966,0.7
0.137,11.540937,6.326153,28.379437,0.931466,0.7
0.138,11.528956,6.317659,28.38683,0.930965,0.7
0.139,11.5217,6.404115,28.392847,0.930465,0.7
0.14,11.53534,6.322463,28.398148,0.929965,0.7
0.141,11.509417,6.431586,28.40417,0.929465,0.7
0.142,11.535216,6.415323,28.411603,0.928964,0.7
0.143,11.516399,6.466046,28.418391,0.928464,0.7
0.144,11.526745,6.342889,28.424583,0.927964,0.7
0.145,11.485692,6.479258,28.431349,0.927464,0.7
0.146,11.533606,6.364316,28.438465,0.926963,0.7
0.147,11.512515,6.41978,28.44378,0.926463,0.7
0.148,11.499872,6.458485,28.449667,0.925963,0.7
0.149,11.50666,6.458937,28.456216,0.925463,0.7
0.15,11.509933,6.528291,28.463688,0.924962,0.7
0.151,11.511399,6.461529,28.469215,0.924462,0.7
0.152,11.499328,6.514816,28.477818,0.923962,0.7
0.153,11.50711,6.434345,28.484474,0.923462,0.7
0.154,11.486642,6.550186,28.491868,0.922961,0.7
0.155,11.511466,6.5182,28.498674,0.922461,0.7
0.156,11.489496,6.582243,28.504665,0.921961,0.7
0.157,11.49623,6.499585,28.51108,0.921461,0.7
0.158,11.495022,6.47889,28.516439,0.92096,0.7
0.159,11.475472,6.480384,28.523461,0.92046,0.7
0.16,11.488772,6.531884,28.530779,0.91996,0.7
0.161,11.489693,6.492671,28.537159,0.91946,0.7
0.162,11.489562,6.49102,28.542585,0.918959,0.7
0.163,11.490881,6.449295,28.549905,0.918459,0.7
0.164,11.481743,6.51016,28.558844,0.917959,0.7
0.165,11.48556,6.505663,28.56699,0.917459,0.7
0.166,11.486264,6.405644,28.572679,0.916958,0.7
0.167,11.484326,6.455715,28.579407,0.916458,0.7
0.168,11.485739,6.470889,28.585509,0.915958,0.7
0.169,11.47812,6.457226,28.590595,0.915458,0.7
0.17,11.476002,6.473434,28.597396,0.914957,0.7
0.171,11.4866,6.31631,28.603803,0.914457,0.7
0.172,11.485197,6.356134,28.610754,0.913957,0.7
0.173,11.480523,6.446411,28.615531,0.913457,0.7
0.174,11.475024,6.330798,28.622644,0.912956,0.7
0.175,11.481347,6.397104,28.62831,0.912456,0.7
0.176,11.475747,6.304249,28.634774,0.911956,0.7
0.177,11.479848,6.367041,28.641332,0.911456,0.7
0.178,11.485085,6.244808,28.648881,0.910955,0.7
0.179,11.486274,6.214649,28.655109,0.910455,0.7
0.18,11.499881,6.214417,28.663037,0.909955,0.7
0.181,11.471536,6.228287,28.668333,0.909455,0.7
0.182,11.480962,6.222944,28.676924,0.908954,0.7
0.183,11.488541,6.155478,28.683491,0.908454,0.7
0.184,11.474046,6.275409,28.690426,0.907954,0.7
0.185,11.4682,6.225169,28.695236,0.907454,0.7
0.186,11.474378,6.117484,28.701918,0.906953,0.7
0.187,11.486201,6.106413,28.709282,0.906453,0.7
0.188,11.486389,6.050378,28.713833,0.905953,0.7
0.189,11.477003,6.058123,28.719877,0.905453,0.7
0.19,11.495287,6.01801,28.725446,0.904952,0.7
0.191,11.476764,6.054819,28.730511,0.904452,0.7
0.192,11.485242,5.963545,28.735573,0.903952,0.7
0.193,11.48339,5.953629,28.740585,0.903452,0.7
0.194,11.47205,5.943343,28.745691,0.902951,0.7
0.195,11.487963,5.83858,28.750647,0.902451,0.7
0.196,11.484723,5.856218,28.756768,0.901951,0.7
0.197,11.491806,5.88227,28.75926,0.901451,0.7
0.198,11.491696,5.777764,28.764061,0.90095,0.7
0.199,11.480704,5.828032,28.768992,0.90045,0.7
0.2,11.507385,5.729617,28.7725,0.89995,0.7
0.201,11.496642,5.733062,28.77641,0.89945,0.7
0.202,11.500091,5.622096,28.781608,0.898949,0.7
0.203,11.489041,5.608071,28.78668,0.898449,0.7
0.204,11.490787,5.659296,28.790709,0.897949,0.7
0.205,11.497803,5.511114,28.795509,0.897449,0.7
0.206,11.513376,5.547261,28.799192,0.896948,0.7
0.207,11.51787,5.434934,28.804467,0.896448,0.7
0.208,11.508738,5.442369,28.808624,0.895948,0.7
0.209,11.504154,5.427904,28.812346,0.895448,0.7
0.21,11.518828,5.363422,28.817218,0.894947,0.7
0.211,11.501279,5.432563,28.821545,0.894447,0.7
0.212,11.527476,5.203653,28.826237,0.893947,0.7
0.213,11.502289,5.25101,28.831339,0.893447,0.7
0.214,11.50683,5.216073,28.836573,0.892946,0.7
0.215,11.500867,5.150726,28.839789,0.892446,0.7
0.216,11.521901,5.036929,28.843554,0.891946,0.7
0.217,11.511872,5.055808,28.846435,0.891446,0.7
0.218,11.540436,4.92114,28.849885,0.890945,0.7
0.219,11.527885,5.006164,28.854408,0.890445,0.7
0.22,11.534724,4.929227,28.85655,0.889945,0.7
0.221,11.526855,4.833484,28.86076,0.889445,0.7
0.222,11.530293,4.823262,28.865465,0.888944,0.7
0.223,11.530195,4.866705,28.870686,0.888444,0.7
0.224,11.532333,4.791711,28.87536,0.887944,0.7
0.225,11.540602,4.732095,28.876777,0.887444,0.7
0.226,11.529926,4.681882,28.879364,0.886943,0.7
0.227,11.549735,4.632771,28.883255,0.886443,0.7
0.228,11.546699,4.537676,28.886371,0.885943,0.7
0.229,11.552689,4.548425,28.890341,0.885443,0.7
0.23,11.540442,4.563784,28.891974,0.884942,0.7
0.231,11.548948,4.459747,28.89689,0.884442,0.7
0.232,11.564315,4.410457,28.900998,0.883942,0.7
0.233,11.551425,4.396858,28.903093,0.883442,0.7
0.234,11.54516,4.291056,28.906724,0.882941,0.7
0.235,11.564867,4.133104,28.910094,0.882441,0.7
0.236,11.55739,4.211381,28.913599,0.881941,0.7
0.237,11.563956,4.126349,28.916357,0.881441,0.7
0.238,11.547939,4.107672,28.919883,0.88094,0.7
0.239,11.569656,4.025791,28.922387,0.88044,0.7
0.24,11.572643,3.993008,28.924784,0.87994,0.7
0.241,11.563836,4.052386,28.926327,0.87944,0.7
0.242,11.565943,3.905932,28.9303,0.878939,0.7
0.243,11.571544,3.837345,28.933093,0.878439,0.7
0.244,11.572076,3.826799,28.934486,0.877939,0.7
0.245,11.554354,3.865045,28.93622,0.877439,0.7
0.246,11.576936,3.803544,28.937574,0.876938,0.7
0.247,11.573234,3.812697,28.939284,0.876438,0.7
0.248,11.580843,3.703612,28.942548,0.875938,0.7
0.249,11.586243,3.598495,28.943393,0.875438,0.7
0.25,11.577706,3.644593,28.944449,0.874937,0.7
0.251,11.591594,3.47638,28.947952,0.874437,0.7
0.252,11.591868,3.479287,28.950766,0.873937,0.7
0.253,11.581188,3.456535,28.953163,0.873437,0.7
0.254,11.575181,3.558842,28.955883,0.872936,0.7
0.255,11.602436,3.358856,28.956883,0.872436,0.7
0.256,11.594794,3.365428,28.960757,0.871936,0.7
0.257,11.596167,3.270357,28.963262,0.871436,0.7
0.258,11.592652,3.308745,28.96591,0.870935,0.7
0.259,11.606714,3.232839,28.966368,0.870435,0.7
0.26,11.603131,3.251607,28.966804,0.869935,0.7
0.261,11.60948,3.210706,28.968635,0.869435,0.7
0.262,11.602841,3.195971,28.972287,0.868934,0.7
0.263,11.598699,3.103314,28.973995,0.868434,0.7
0.264,11.619675,3.018539,28.975008,0.867934,0.7
0.265,11.602732,2.974987,28.974175,0.867434,0.7
0.266,11.601749,3.001821,28.975935,0.866933,0.7
0.267,11.619186,2.898872,28.979443,0.866433,0.7
0.268,11.606172,3.00709,28.980279,0.865933,0.7
0.269,11.608186,2.858371,28.981863,0.865433,0.7
0.27,11.613984,2.83273,28.984394,0.864932,0.7
0.271,11.629544,2.807777,28.983288,0.864432,0.7
0.272,11.628248,2.756503,28.98424,0.863932,0.7
0.273,11.601393,2.800085,28.984938,0.863432,0.7
0.274,11.622196,2.732978,28.985146,0.862931,0.7
0.275,11.631787,2.603261,28.98655,0.862431,0.7
0.276,11.630136,2.611422,28.98575,0.861931,0.7
0.277,11.608459,2.6064,28.988038,0.861431,0.7
0.278,11.628489,2.576135,28.989127,0.86093,0.7
0.279,11.623305,2.488773,28.991333,0.86043,0.7
0.28,11.628241,2.472923,28.991754,0.85993,0.7
0.281,11.625814,2.480805,28.992498,0.85943,0.7
0.282,11.619932,2.48306,28.993564,0.858929,0.7
0.283,11.631154,2.492761,28.993233,0.858429,0.7
0.284,11.63543,2.384398,28.993156,0.857929,0.7
0.285,11.626459,2.429562,28.995551,0.857429,0.7
0.286,11.625431,2.368497,28.99613,0.856928,0.7
0.287,11.626089,2.328005,28.997963,0.856428,0.7
0.288,11.630546,2.241492,28.998282,0.855928,0.7
0.289,11.64127,2.317083,29.000588,0.855428,0.7
0.29,11.626327,2.296858,28.999675,0.854927,0.7
0.291,11.64041,2.27952,28.999918,0.854427,0.7
0.292,11.627107,2.294998,29.000264,0.853927,0.7
0.293,11.627655,2.197509,28.999606,0.853427,0.7
0.294,11.640282,2.122676,28.999421,0.852926,0.7
0.295,11.629912,2.233245,28.999771,0.852426,0.7
0.296,11.630649,2.080882,29.00063,0.851926,0.7
0.297,11.613632,2.161529,28.999715,0.851426,0.7
0.298,11.630975,2.12405,29.000903,0.850925,0.7
0.299,11.637012,2.082926,29.001984,0.850425,0.7
0.3,11.638179,2.107105,29.003058,0.849925,0.7
0.301,11.646138,1.993005,29.006744,0.849425,0.7
0.302,11.6269,2.040296,29.006879,0.848924,0.7
0.303,11.630428,2.026725,29.007814,0.848424,0.7
0.304,11.614047,2.103225,29.008386,0.847924,0.7
0.305,11.621908,2.041016,29.009612,0.847424,0.7
0.306,11.645284,2.014116,29.011068,0.846923,0.7
0.307,11.620389,1.958565,29.013522,0.846423,0.7
0.308,11.633191,2.035361,29.0158,0.845923,0.7
0.309,11.632103,1.975215,29.016736,0.845423,0.7
0.31,11.621577,1.969388,29.017873,0.844922,0.7
0.311,11.624138,1.939112,29.018843,0.844422,0.7
0.312,11.630012,2.004939,29.019532,0.843922,0.7
0.313,11.61394,2.024065,29.020206,0.843422,0.7
0.314,11.616148,2.025664,29.019151,0.842921,0.7
0.315,11.625979,2.055221,29.018449,0.842421,0.7
0.316,11.621623,2.062262,29.019267,0.841921,0.7
0.317,11.60676,1.960679,29.020606,0.841421,0.7
0.318,11.615152,1.946519,29.023097,0.84092,0.7
0.319,11.616424,1.966017,29.024307,0.84042,0.7
0.32,11.607043,2.057761,29.024881,0.83992,0.7
0.321,11.600236,1.894274,29.024619,0.83942,0.7
0.322,11.606164,2.071711,29.025368,0.838919,0.7
0.323,11.605816,2.071812,29.027344,0.838419,0.7
0.324,11.594081,2.094877,29.028433,0.837919,0.7
0.325,11.598201,2.10631,29.029746,0.837419,0.7
0.326,11.590185,2.030471,29.029554,0.836918,0.7
0.327,11.588876,2.133829,29.029757,0.836418,0.7
0.328,11.591824,2.08599,29.028615,0.835918,0.7
0.329,11.589304,2.130041,29.030012,0.835418,0.7
0.33,11.589115,2.112651,29.030704,0.834917,0.7
0.331,11.579349,2.198872,29.031494,0.834417,0.7
0.332,11.574438,2.223236,29.032478,0.833917,0.7
0.333,11.574228,2.112807,29.03258,0.833417,0.7
0.334,11.591179,2.128557,29.033836,0.832916,0.7
0.335,11.569247,2.124476,29.034641,0.832416,0.7
0.336,11.561716,2.26841,29.036091,0.831916,0.7
0.337,11.571846,2.332779,29.038668,0.831416,0.7
0.338,11.553851,2.297562,29.039908,0.830915,0.7
0.339,11.565812,2.258632,29.040572,0.830415,0.7
0.34,11.554676,2.387668,29.041053,0.829915,0.7
0.341,11.556699,2.353305,29.042085,0.829415,0.7
0.342,11.555948,2.313964,29.043863,0.828914,0.7
0.343,11.563671,2.308932,29.044048,0.828414,0.7
0.344,11.550306,2.391032,29.044686,0.827914,0.7
0.345,11.538239,2.408832,29.045916,0.827414,0.7
0.346,11.524851,2.498181,29.047588,0.826913,0.7
0.347,11.540537,2.450907,29.048177,0.826413,0.7
0.348,11.525165,2.496081,29.051019,0.825913,0.7
0.349,11.536146,2.45184,29.05074,0.825413,0.7
0.35,11.511538,2.574754,29.052108,0.824912,0.7
0.351,11.522726,2.55613,29.053403,0.824412,0.7
0.352,11.523794,2.643693,29.05341,0.823912,0.7
0.353,11.514386,2.685298,29.05573,0.823412,0.7
0.354,11.511789,2.631778,29.056,0.822911,0.7
0.355,11.512184,2.738119,29.057954,0.822411,0.7
0.356,11.50302,2.754939,29.060312,0.821911,0.7
0.357,11.494303,2.723513,29.062286,0.821411,0.7
0.358,11.516715,2.728662,29.063499,0.82091,0.7
0.359,11.478127,2.950065,29.064311,0.82041,0.7
0.36,11.474245,2.906612,29.065031,0.81991,0.7
0.361,11.480476,2.880844,29.066919,0.81941,0.7
0.362,11.486739,2.903149,29.0696,0.818909,0.7
0.363,11.47386,3.004904,29.070032,0.818409,0.7
0.364,11.481832,2.944284,29.071793,0.817909,0.7
0.365,11.466851,3.125473,29.073517,0.817409,0.7
0.366,11.459232,3.135099,29.073407,0.816908,0.7
0.367,11.459798,3.128695,29.073825,0.816408,0.7
0.368,11.449568,3.230008,29.073561,0.815908,0.7
0.369,11.466282,3.166991,29.075712,0.815408,0.7
0.37,11.453854,3.22227,29.077569,0.814907,0.7
0.371,11.454805,3.377653,29.078425,0.814407,0.7
0.372,11.450905,3.344066,29.080964,0.813907,0.7
0.373,11.448345,3.336067,29.083437,0.813407,0.7
0.374,11.410925,3.505732,29.084174,0.812906,0.7
0.375,11.426836,3.463134,29.084869,0.812406,0.7
0.376,11.431772,3.563724,29.086196,0.811906,0.7
0.377,11.429444,3.522478,29.087547,0.811406,0.7
0.378,11.425002,3.530332,29.090189,0.810905,0.7
0.379,11.397835,3.716471,29.092399,0.810405,0.7
0.38,11.39671,3.671261,29.093936,0.809905,0.7
0.381,11.39153,3.682153,29.095601,0.809405,0.7
0.382,11.399069,3.785321,29.096125,0.808904,0.7
0.383,11.369128,3.834985,29.098883,0.808404,0.7
0.384,11.372303,3.769224,29.10156,0.807904,0.7
0.385,11.362492,3.915033,29.104988,0.807404,0.7
0.386,11.375038,3.936044,29.108351,0.806903,0.7
0.387,11.358368,4.081324,29.109845,0.806403,0.7
0.388,11.36697,4.095074,29.113247,0.805903,0.7
0.389,11.363291,4.10339,29.115501,0.805403,0.7
0.39,11.35726,4.130579,29.118523,0.804902,0.7
0.391,11.328881,4.22552,29.121044,0.804402,0.7
0.392,11.336941,4.261262,29.124553,0.803902,0.7
0.393,11.348821,4.241643,29.12694,0.803402,0.7
0.394,11.332305,4.269256,29.13058,0.802901,0.7
0.395,11.309318,4.341349,29.132754,0.802401,0.7
0.396,11.322629,4.398835,29.136537,0.801901,0.7
0.397,11.313451,4.420367,29.139472,0.801401,0.7
0.398,11.310952,4.469438,29.141791,0.8009,0.7
0.399,11.317013,4.572786,29.143013,0.8004,0.7
0.4,11.312613,4.558124,29.146386,0.7999,0.7
0.401,11.312208,4.610043,29.148967,0.7994,0.7
0.402,11.29449,4.701271,29.151117,0.798899,0.7
0.403,11.289625,4.69761,29.155703,0.798399,0.7
0.404,11.274092,4.843772,29.159822,0.797899,0.7
0.405,11.279185,4.836353,29.162632,0.797399,0.7
0.406,11.279869,4.844219,29.165562,0.796898,0.7
0.407,11.262077,4.828575,29.169336,0.796398,0.7
0.408,11.264702,4.838507,29.171329,0.795898,0.7
0.409,11.259988,4.919253,29.173552,0.795398,0.7
0.41,11.247615,4.994084,29.177304,0.794897,0.7
0.411,11.261606,5.016426,29.181554,0.794397,0.7
0.412,11.255744,5.044187,29.184102,0.793897,0.7
0.413,11.253325,5.17409,29.188603,0.793397,0.7
0.414,11.23923,5.123951,29.192217,0.792896,0.7
0.415,11.233147,5.185373,29.196191,0.792396,0.7
0.416,11.229747,5.294977,29.201248,0.791896,0.7
0.417,11.218947,5.231715,29.206536,0.791396,0.7
0.418,11.221428,5.328293,29.211055,0.790895,0.7
0.419,11.215837,5.35037,29.214852,0.790395,0.7
0.42,11.21192,5.336256,29.219907,0.789895,0.7
0.421,11.211125,5.437406,29.224393,0.789395,0.7
0.422,11.206782,5.543827,29.229249,0.788894,0.7
0.423,11.191533,5.566325,29.232418,0.788394,0.7
0.424,11.199864,5.474429,29.235654,0.787894,0.7
0.425,11.175462,5.684056,29.240765,0.787394,0.7
0.426,11.173752,5.628652,29.244878,0.786893,0.7
0.427,11.180734,5.676197,29.249396,0.786393,0.7
0.428,11.165975,5.727124,29.254015,0.785893,0.7
0.429,11.157512,5.827897,29.260411,0.785393,0.7
0.43,11.163058,5.735501,29.265519,0.784892,0.7
0.431,11.155397,5.850224,29.268702,0.784392,0.7
0.432,11.149652,5.906473,29.272767,0.783892,0.7
0.433,11.151142,5.886092,29.27826,0.783392,0.7
0.434,11.150928,5.859233,29.282413,0.782891,0.7
0.435,11.151365,5.88568,29.289471,0.782391,0.7
0.436,11.141988,5.971895,29.294734,0.781891,0.7
0.437,11.160799,5.916824,29.301251,0.781391,0.7
0.438,11.138777,6.070465,29.30813,0.78089,0.7
0.439,11.137088,6.07068,29.313213,0.78039,0.7
0.44,11.142662,6.097514,29.320514,0.77989,0.7
0.441,11.120644,6.055005,29.326239,0.77939,0.7
0.442,11.126815,6.098971,29.331587,0.778889,0.7
0.443,11.135247,6.122444,29.33694,0.778389,0.7
0.444,11.10562,6.177575,29.345185,0.777889,0.7
0.445,11.119641,6.117704,29.351772,0.777389,0.7
0.446,11.114044,6.177372,29.359103,0.776888,0.7
0.447,11.114955,6.235213,29.363717,0.776388,0.7
0.448,11.123047,6.286587,29.371068,0.775888,0.7
0.449,11.106804,6.347962,29.377225,0.775388,0.7
0.45,11.09637,6.234326,29.383039,0.774887,0.7
0.451,11.090675,6.347119,29.390206,0.774387,0.7
0.452,11.095519,6.339126,29.396877,0.773887,0.7
0.453,11.088762,6.295108,29.402484,0.773387,0.7
0.454,11.087913,6.362615,29.408753,0.772886,0.7
0.455,11.083638,6.400368,29.417119,0.772386,0.7
0.456,11.088786,6.348427,29.425052,0.771886,0.7
0.457,11.074909,6.368793,29.432349,0.771386,0.7
0.458,11.066134,6.480639,29.439044,0.770885,0.7
0.459,11.069824,6.492784,29.44617,0.770385,0.7
0.46,11.078627,6.496296,29.452546,0.769885,0.7
0.461,11.064785,6.340535,29.459017,0.769385,0.7
0.462,11.079331,6.487872,29.465323,0.768884,0.7
0.463,11.081359,6.431704,29.472362,0.768384,0.7
0.464,11.05338,6.468959,29.479114,0.767884,0.7
0.465,11.073035,6.557114,29.485602,0.767384,0.7
0.466,11.057913,6.53317,29.492972,0.766883,0.7
0.467,11.0435,6.533315,29.499407,0.766383,0.7
0.468,11.068981,6.425248,29.505706,0.765883,0.7
0.469,11.061861,6.514955,29.512595,0.765383,0.7
0.47,11.064743,6.524745,29.51896,0.764882,0.7
0.471,11.043189,6.527701,29.525104,0.764382,0.7
0.472,11.038614,6.584497,29.532476,0.763882,0.7
0.473,11.048615,6.560456,29.539363,0.763382,0.7
0.474,11.063373,6.432507,29.545061,0.762881,0.7
0.475,11.050893,6.519138,29.549948,0.762381,0.7
0.476,11.042183,6.487617,29.556433,0.761881,0.7
0.477,11.04666,6.544971,29.563134,0.761381,0.7
0.478,11.03667,6.511041,29.57036,0.76088,0.7
0.479,11.026432,6.468193,29.578194,0.76038,0.7
0.48,11.039421,6.458268,29.58668,0.75988,0.7
0.481,11.032129,6.474931,29.592295,0.75938,0.7
0.482,11.053313,6.453893,29.598452,0.758879,0.7
0.483,11.048219,6.458837,29.604291,0.758379,0.7
0.484,11.043783,6.42372,29.609897,0.757879,0.7
0.485,11.050094,6.380286,29.617243,0.757379,0.7
0.486,11.039626,6.398776,29.623287,0.756878,0.7
0.487,11.035372,6.374303,29.627409,0.756378,0.7
0.488,11.053737,6.288382,29.635001,0.755878,0.7
0.489,11.042948,6.311698,29.641066,0.755378,0.7
0.49,11.038023,6.329731,29.647748,0.754877,0.7
0.491,11.035896,6.406721,29.654586,0.754377,0.7
0.492,11.046203,6.309468,29.661472,0.753877,0.7
0.493,11.044391,6.267783,29.666871,0.753377,0.7
0.494,11.029491,6.264192,29.675308,0.752876,0.7
0.495,11.034228,6.386688,29.682049,0.752376,0.7
0.496,11.031033,6.230178,29.687294,0.751876,0.7
0.497,11.044994,6.232595,29.692747,0.751376,0.7
0.498,11.029445,6.232067,29.698915,0.750875,0.7
0.499,11.053688,6.197497,29.705571,0.750375,0.7
0.5,11.04213,6.104454,29.71016,0.749875,0.7
0.501,11.036205,6.162069,29.715525,0.749375,0.7
0.502,11.036269,6.057664,29.720432,0.748874,0.7
0.503,11.035226,6.141372,29.728027,0.748374,0.7
0.504,11.054266,6.006722,29.732657,0.747874,0.7
0.505,11.045874,6.071017,29.73823,0.747374,0.7
0.506,11.054597,5.905524,29.743689,0.746873,0.7
0.507,11.05736,5.907058,29.749328,0.746373,0.7
0.508,11.044483,5.92787,29.753843,0.745873,0.7
0.509,11.044517,5.895626,29.760269,0.745373,0.7
0.51,11.055396,5.816339,29.764531,0.744872,0.7
0.511,11.050313,5.81956,29.769621,0.744372,0.7
0.512,11.043765,5.837739,29.775409,0.743872,0.7
0.513,11.044895,5.755498,29.781699,0.743372,0.7
0.514,11.047216,5.796569,29.785934,0.742871,0.7
0.515,11.05206,5.682979,29.79148,0.742371,0.7
0.516,11.061559,5.735444,29.796089,0.741871,0.7
0.517,11.060078,5.651582,29.801139,0.741371,0.7
0.518,11.065223,5.602293,29.805303,0.74087,0.7
0.519,11.062417,5.571551,29.808808,0.74037,0.7
0.52,11.0679,5.432033,29.815035,0.73987,0.7
0.521,11.056401,5.494635,29.819445,0.73937,0.7
0.522,11.0736,5.434092,29.82439,0.738869,0.7
0.523,11.06862,5.475121,29.830015,0.738369,0.7
0.524,11.07756,5.275102,29.834169,0.737869,0.7
0.525,11.065934,5.28008,29.838154,0.737369,0.7
0.526,11.055544,5.327097,29.841175,0.736868,0.7
0.527,11.077373,5.205599,29.84416,0.736368,0.7
0.528,11.074504,5.101149,29.847581,0.735868,0.7
0.529,11.076362,5.17635,29.85193,0.735368,0.7
0.53,11.073575,5.169043,29.856123,0.734867,0.7
0.531,11.07558,5.009199,29.858514,0.734367,0.7
0.532,11.084699,4.975452,29.861489,0.733867,0.7
0.533,11.092514,5.04799,29.864092,0.733367,0.7
0.534,11.077451,5.022317,29.868042,0.732866,0.7
0.535,11.072428,4.840061,29.871391,0.732366,0.7
0.536,11.078501,4.920836,29.873943,0.731866,0.7
0.537,11.095086,4.817016,29.877818,0.731366,0.7
0.538,11.093511,4.770724,29.881196,0.730865,0.7
0.539,11.085975,4.807393,29.883998,0.730365,0.7
0.54,11.06887,4.735562,29.887765,0.729865,0.7
0.541,11.089541,4.617943,29.890251,0.729365,0.7
0.542,11.094573,4.558065,29.892569,0.728864,0.7
0.543,11.098924,4.541657,29.894552,0.728364,0.7
0.544,11.101154,4.45889,29.89808,0.727864,0.7
0.545,11.097713,4.397704,29.901307,0.727364,0.7
0.546,11.097889,4.405688,29.903433,0.726863,0.7
0.547,11.100195,4.335015,29.907396,0.726363,0.7
0.548,11.105544,4.294206,29.911062,0.725863,0.7
0.549,11.124839,4.243629,29.913604,0.725363,0.7
0.55,11.105766,4.303543,29.917457,0.724862,0.7
0.551,11.110641,4.270385,29.919749,0.724362,0.7
0.552,11.121672,4.114241,29.922414,0.723862,0.7
0.553,11.129054,4.067894,29.924762,0.723362,0.7
0.554,11.124194,3.984351,29.926931,0.722861,0.7
0.555,11.09682,4.042223,29.927726,0.722361,0.7
0.556,11.116989,4.046889,29.930019,0.721861,0.7
0.557,11.114702,3.951816,29.932109,0.721361,0.7
0.558,11.117757,3.880592,29.933836,0.72086,0.7
0.559,11.145474,3.747429,29.934998,0.72036,0.7
0.56,11.142902,3.755416,29.937287,0.71986,0.7
0.561,11.129945,3.742925,29.939559,0.71936,0.7
0.562,11.153557,3.640192,29.940365,0.718859,0.7
0.563,11.125366,3.650558,29.944067,0.718359,0.7
0.564,11.1357,3.55573,29.946762,0.717859,0.7
0.565,11.126711,3.558241,29.948764,0.717359,0.7
0.566,11.138177,3.565416,29.949848,0.716858,0.7
0.567,11.150236,3.473982,29.953524,0.716358,0.7
0.568,11.145501,3.431055,29.956262,0.715858,0.7
0.569,11.152085,3.436747,29.957455,0.715358,0.7
0.57,11.143958,3.336637,29.958083,0.714857,0.7
0.571,11.151426,3.310733,29.957992,0.714357,0.7
0.572,11.144427,3.284478,29.959914,0.713857,0.7
0.573,11.148541,3.26818,29.96208,0.713357,0.7
0.574,11.158963,3.156216,29.96249,0.712856,0.7
0.575,11.150152,3.197855,29.963535,0.712356,0.7
0.576,11.17607,3.079082,29.96389,0.711856,0.7
0.577,11.158577,3.069835,29.964334,0.711356,0.7
0.578,11.161578,2.974913,29.966229,0.710855,0.7
0.579,11.161327,3.052203,29.965951,0.710355,0.7
0.58,11.180378,2.958937,29.96712,0.709855,0.7
0.581,11.163207,2.881218,29.967843,0.709355,0.7
0.582,11.158821,2.933725,29.970382,0.708854,0.7
0.583,11.170761,2.841868,29.970584,0.708354,0.7
0.584,11.166971,2.874669,29.974148,0.707854,0.7
0.585,11.163842,2.78994,29.975463,0.707354,0.7
0.586,11.183902,2.727565,29.973503,0.706853,0.7
0.587,11.173732,2.738223,29.973781,0.706353,0.7
0.588,11.174458,2.7462,29.9752,0.705853,0.7
0.589,11.172863,2.565334,29.978155,0.705353,0.7
0.59,11.186231,2.629238,29.977769,0.704852,0.7
0.591,11.175714,2.548999,29.979087,0.704352,0.7
0.592,11.16869,2.618238,29.981944,0.703852,0.7
0.593,11.172176,2.567342,29.982933,0.703352,0.7
0.594,11.178452,2.505774,29.983245,0.702851,0.7
0.595,11.177537,2.462018,29.98376,0.702351,0.7
0.596,11.181401,2.463894,29.98499,0.701851,0.7
0.597,11.17713,2.44538,29.9857,0.701351,0.7
0.598,11.18044,2.328695,29.986707,0.70085,0.7
0.599,11.176019,2.35357,29.99038,0.70035,0.7
0.6,11.183616,2.386855,29.990186,0.69985,0.7
0.601,11.174599,2.312968,29.990642,0.69935,0.7
0.602,11.184198,2.310627,29.991832,0.698849,0.7
0.603,11.179541,2.276831,29.992072,0.698349,0.7
0.604,11.18366,2.261623,29.993451,0.697849,0.7
0.605,11.182645,2.222372,29.992944,0.697349,0.7
0.606,11.193665,2.194175,29.991397,0.696848,0.7
0.607,11.181809,2.197722,29.991557,0.696348,0.7
0.608,11.187671,2.092854,29.992975,0.695848,0.7
0.609,11.178708,2.195563,29.995017,0.695348,0.7
0.61,11.165189,2.167033,29.996147,0.694847,0.7
0.611,11.17689,2.196236,29.996355,0.694347,0.7
0.612,11.174333,2.140768,29.995874,0.693847,0.7
0.613,11.182019,2.066027,29.996907,0.693347,0.7
0.614,11.179599,2.146908,29.99439,0.692846,0.7
0.615,11.162096,2.067291,29.994926,0.692346,0.7
0.616,11.179062,2.066265,29.997546,0.691846,0.7
0.617,11.169644,2.067291,29.998112,0.691346,0.7
0.618,11.171138,2.02785,29.999841,0.690845,0.7
0.619,11.172525,2.092597,30.002324,0.690345,0.7
0.62,11.181504,2.012171,30.003261,0.689845,0.7
0.621,11.182502,2.072012,30.003508,0.689345,0.7
0.622,11.188449,2.031067,30.003055,0.688844,0.7
0.623,11.166421,2.074159,30.003571,0.688344,0.7
0.624,11.168241,1.948341,30.003963,0.687844,0.7
0.625,11.178126,1.955861,30.005011,0.687344,0.7
0.626,11.164175,2.015194,30.004546,0.686843,0.7
0.627,11.164572,2.020262,30.005124,0.686343,0.7
0.628,11.165349,2.03173,30.005398,0.685843,0.7
0.629,11.150808,2.110012,30.00476,0.685343,0.7
0.63,11.161305,1.998617,30.005672,0.684842,0.7
0.631,11.152207,1.94955,30.007403,0.684342,0.7
0.632,11.162087,2.038181,30.007033,0.683842,0.7
0.633,11.158887,1.997547,30.009309,0.683342,0.7
0.634,11.164595,1.98306,30.008862,0.682841,0.7
0.635,11.165301,2.027442,30.010539,0.682341,0.7
0.636,11.141349,2.028642,30.010707,0.681841,0.7
0.637,11.150759,1.990457,30.01221,0.681341,0.7
0.638,11.162819,2.016745,30.011525,0.68084,0.7
0.639,11.136222,2.08407,30.012199,0.68034,0.7
0.64,11.164396,2.02114,30.013001,0.67984,0.7
0.641,11.138327,2.00418,30.012636,0.67934,0.7
0.642,11.132627,2.112792,30.013667,0.678839,0.7
0.643,11.122181,2.143565,30.015927,0.678339,0.7
0.644,11.148408,2.053262,30.016469,0.677839,0.7
0.645,11.120699,2.21925,30.016773,0.677339,0.7
0.646,11.118548,2.170708,30.016218,0.676838,0.7
0.647,11.131131,2.191811,30.018063,0.676338,0.7
0.648,11.115603,2.20623,30.018988,0.675838,0.7
0.649,11.137725,2.14108,30.020191,0.675338,0.7
0.65,11.118528,2.245955,30.020623,0.674837,0.7
0.651,11.109159,2.312246,30.022697,0.674337,0.7
0.652,11.133576,2.233987,30.023927,0.673837,0.7
0.653,11.102373,2.247136,30.025694,0.673337,0.7
0.654,11.096069,2.285557,30.02612,0.672836,0.7
0.655,11.096714,2.297202,30.028203,0.672336,0.7
0.656,11.097072,2.305219,30.028878,0.671836,0.7
0.657,11.094196,2.382272,30.031942,0.671336,0.7
0.658,11.10547,2.387143,30.033468,0.670835,0.7
0.659,11.093855,2.404761,30.034623,0.670335,0.7
0.66,11.077386,2.470755,30.035159,0.669835,0.7
0.661,11.093131,2.435309,30.037686,0.669335,0.7
0.662,11.070854,2.472485,30.03757,0.668834,0.7
0.663,11.066101,2.57759,30.038618,0.668334,0.7
0.664,11.076596,2.575488,30.037923,0.667834,0.7
0.665,11.070169,2.570211,30.037249,0.667334,0.7
0.666,11.074691,2.56063,30.037139,0.666833,0.7
0.667,11.057905,2.706573,30.039517,0.666333,0.7
0.668,11.057748,2.677346,30.039692,0.665833,0.7
0.669,11.052348,2.664536,30.041195,0.665333,0.7
0.67,11.038496,2.753164,30.042436,0.664832,0.7
0.671,11.04036,2.732605,30.041593,0.664332,0.7
0.672,11.03675,2.88405,30.044083,0.663832,0.7
0.673,11.03682,2.763772,30.0444,0.663332,0.7
0.674,11.037582,2.861438,30.045478,0.662831,0.7
0.675,11.034255,2.893871,30.046779,0.662331,0.7
0.676,11.032073,2.91378,30.048373,0.661831,0.7
0.677,11.031086,2.905931,30.050843,0.661331,0.7
0.678,11.016367,2.992878,30.049876,0.66083,0.7
0.679,11.014302,2.971042,30.05201,0.66033,0.7
0.68,11.003526,3.061764,30.054027,0.65983,0.7
0.681,11.004055,3.192443,30.056425,0.65933,0.7
0.682,10.993886,3.123095,30.057549,0.658829,0.7
0.683,10.995107,3.163876,30.058635,0.658329,0.7
0.684,10.98819,3.231613,30.059079,0.657829,0.7
0.685,10.977699,3.372643,30.061682,0.657329,0.7
0.686,10.968919,3.345818,30.064613,0.656828,0.7
0.687,10.969784,3.408746,30.066109,0.656328,0.7
0.688,10.961398,3.424794,30.068236,0.655828,0.7
0.689,10.952471,3.473979,30.069911,0.655328,0.7
0.69,10.958324,3.470381,30.071659,0.654827,0.7
0.691,10.946529,3.558988,30.072924,0.654327,0.7
0.692,10.934158,3.657676,30.073948,0.653827,0.7
0.693,10.936231,3.608444,30.075519,0.653327,0.7
0.694,10.936148,3.677086,30.075505,0.652826,0.7
0.695,10.927558,3.763186,30.077051,0.652326,0.7
0.696,10.94112,3.66863,30.079588,0.651826,0.7
0.697,10.928829,3.809531,30.081386,0.651326,0.7
0.698,10.922865,3.923146,30.083357,0.650825,0.7
0.699,10.900489,3.887445,30.085048,0.650325,0.7
0.7,10.909789,3.944521,30.085646,0.649825,0.7
0.701,10.934689,4.024156,30.085887,0.649325,0.7
0.702,10.907008,4.089963,30.088577,0.648824,0.7
0.703,10.899336,4.092037,30.092372,0.648324,0.7
0.704,10.884977,4.172275,30.094183,0.647824,0.7
0.705,10.894144,4.204271,30.098077,0.647324,0.7
0.706,10.896939,4.128245,30.100974,0.646823,0.7
0.707,10.862062,4.285047,30.103906,0.646323,0.7
0.708,10.8695,4.309575,30.107218,0.645823,0.7
0.709,10.85131,4.337766,30.109401,0.645323,0.7
0.71,10.850814,4.417477,30.111896,0.644822,0.7
0.711,10.851743,4.494696,30.115581,0.644322,0.7
0.712,10.837966,4.542555,30.117869,0.643822,0.7
0.713,10.849529,4.492825,30.119922,0.643322,0.7
0.714,10.824489,4.645399,30.124042,0.642821,0.7
0.715,10.814867,4.681031,30.125963,0.642321,0.7
0.716,10.83613,4.641805,30.128636,0.641821,0.7
0.717,10.829028,4.667992,30.131195,0.641321,0.7
0.718,10.825619,4.637283,30.133224,0.64082,0.7
0.719,10.810855,4.797912,30.135649,0.64032,0.7
0.72,10.805249,4.825753,30.13734,0.63982,0.7
0.721,10.798352,4.877069,30.141473,0.63932,0.7
0.722,10.794752,4.943338,30.146437,0.638819,0.7
0.723,10.788238,4.995966,30.151674,0.638319,0.7
0.724,10.815105,4.841723,30.155818,0.637819,0.7
0.725,10.785383,5.015429,30.159313,0.637319,0.7
0.726,10.771795,5.078205,30.163521,0.636818,0.7
0.727,10.784856,5.188397,30.167106,0.636318,0.7
0.728,10.783378,5.182871,30.171128,0.635818,0.7
0.729,10.756218,5.290725,30.174981,0.635318,0.7
0.73,10.775941,5.179852,30.178121,0.634817,0.7
0.731,10.763141,5.337482,30.184177,0.634317,0.7
0.732,10.755394,5.355661,30.187097,0.633817,0.7
0.733,10.76111,5.395793,30.193052,0.633317,0.7
0.734,10.748995,5.397201,30.198552,0.632816,0.7
0.735,10.748495,5.458394,30.204648,0.632316,0.7
0.736,10.722341,5.513972,30.210497,0.631816,0.7
0.737,10.728426,5.492735,30.214276,0.631316,0.7
0.738,10.727117,5.561128,30.218115,0.630815,0.7
0.739,10.7253,5.54557,30.222793,0.630315,0.7
0.74,10.724964,5.732932,30.227299,0.629815,0.7
0.741,10.710164,5.752949,30.234589,0.629315,0.7
0.742,10.714811,5.716809,30.239866,0.628814,0.7
0.743,10.724898,5.705831,30.244427,0.628314,0.7
0.744,10.712395,5.752593,30.247994,0.627814,0.7
0.745,10.697233,5.805414,30.25162,0.627314,0.7
0.746,10.698768,5.822242,30.257216,0.626813,0.7
0.747,10.686101,5.801044,30.263341,0.626313,0.7
0.748,10.673253,5.99256,30.267856,0.625813,0.7
0.749,10.67934,5.895965,30.272726,0.625313,0.7
0.75,10.687309,5.918479,30.277853,0.624812,0.7
0.751,10.688767,6.000371,30.284392,0.624312,0.7
0.752,10.679786,6.000654,30.29214,0.623812,0.7
0.753,10.6749,5.956459,30.29719,0.623312,0.7
0.754,10.660392,6.084492,30.303517,0.622811,0.7
0.755,10.643031,6.192705,30.309258,0.622311,0.7
0.756,10.661143,6.102781,30.313748,0.621811,0.7
0.757,10.663061,6.132863,30.31953,0.621311,0.7
0.758,10.656313,6.230102,30.325039,0.62081,0.7
0.759,10.637853,6.204643,30.330596,0.62031,0.7
0.76,10.635981,6.293513,30.336697,0.61981,0.7
0.761,10.637831,6.186821,30.343666,0.61931,0.7
0.762,10.640674,6.252419,30.348777,0.618809,0.7
0.763,10.637067,6.267538,30.353664,0.618309,0.7
0.764,10.628316,6.344988,30.359214,0.617809,0.7
0.765,10.633034,6.268323,30.36468,0.617309,0.7
0.766,10.638851,6.341467,30.371362,0.616808,0.7
0.767,10.622211,6.35324,30.378231,0.616308,0.7
0.768,10.622592,6.314655,30.384133,0.615808,0.7
0.769,10.621506,6.343782,30.388532,0.615308,0.7
0.77,10.642441,6.404951,30.39512,0.614807,0.7
0.771,10.605005,6.415443,30.400477,0.614307,0.7
0.772,10.606868,6.379375,30.407199,0.613807,0.7
0.773,10.608425,6.403482,30.415765,0.613307,0.7
0.774,10.615726,6.413509,30.422533,0.612806,0.7
0.775,10.601923,6.507529,30.429556,0.612306,0.7
0.776,10.605131,6.404962,30.436047,0.611806,0.7
0.777,10.590802,6.579622,30.442767,0.611306,0.7
0.778,10.615564,6.47002,30.449887,0.610805,0.7
0.779,10.590637,6.494128,30.456684,0.610305,0.7
0.78,10.590363,6.515178,30.462064,0.609805,0.7
0.781,10.589544,6.436151,30.468856,0.609305,0.7
0.782,10.595611,6.576648,30.476341,0.608804,0.7
0.783,10.588967,6.538838,30.483072,0.608304,0.7
0.784,10.590356,6.476166,30.489986,0.607804,0.7
0.785,10.568125,6.498121,30.495605,0.607304,0.7
0.786,10.582341,6.512319,30.50288,0.606803,0.7
0.787,10.588908,6.457596,30.510449,0.606303,0.7
0.788,10.580396,6.495525,30.517882,0.605803,0.7
0.789,10.582391,6.431119,30.522623,0.605303,0.7
0.79,10.587809,6.486557,30.528946,0.604802,0.7
0.791,10.590826,6.428512,30.535564,0.604302,0.7
0.792,10.586668,6.444004,30.542269,0.603802,0.7
0.793,10.568757,6.555234,30.549599,0.603302,0.7
0.794,10.572801,6.371182,30.555427,0.602801,0.7
0.795,10.571125,6.474731,30.561372,0.602301,0.7
0.796,10.578637,6.446407,30.567378,0.601801,0.7
0.797,10.576149,6.432989,30.575719,0.601301,0.7
0.798,10.583764,6.407471,30.581212,0.6008,0.7
0.799,10.560558,6.44573,30.588389,0.6003,0.7
0.8,10.577312,6.428983,30.593605,0.5998,0.7
0.801,10.565013,6.384029,30.599305,0.5993,0.7
0.802,10.569382,6.311306,30.605967,0.598799,0.7
0.803,10.582937,6.354939,30.612236,0.598299,0.7
0.804,10.559824,6.391497,30.616895,0.597799,0.7
0.805,10.573001,6.345227,30.623097,0.597299,0.7
0.806,10.577411,6.318438,30.629104,0.596798,0.7
0.807,10.584542,6.254081,30.637003,0.596298,0.7
0.808,10.569595,6.351228,30.642986,0.595798,0.7
0.809,10.565777,6.285789,30.648549,0.595298,0.7
0.81,10.576546,6.158641,30.655272,0.594797,0.7
0.811,10.578705,6.213982,30.661888,0.594297,0.7
0.812,10.582385,6.123961,30.667171,0.593797,0.7
0.813,10.567239,6.10762,30.674621,0.593297,0.7
0.814,10.558988,6.229324,30.681514,0.592796,0.7
0.815,10.564497,6.139263,30.687545,0.592296,0.7
0.816,10.571707,6.001346,30.692939,0.591796,0.7
0.817,10.578558,6.082081,30.700839,0.591296,0.7
0.818,10.576534,6.001131,30.706843,0.590795,0.7
0.819,10.585978,5.870726,30.711426,0.590295,0.7
0.82,10.578385,5.891999,30.71764,0.589795,0.7
0.821,10.58843,5.914764,30.722356,0.589295,0.7
0.822,10.564125,6.023923,30.729399,0.588794,0.7
0.823,10.572945,5.887864,30.734205,0.588294,0.7
0.824,10.570927,5.848568,30.739158,0.587794,0.7
0.825,10.575045,5.896864,30.742817,0.587294,0.7
0.826,10.588173,5.789412,30.748838,0.586793,0.7
0.827,10.576195,5.725016,30.754448,0.586293,0.7
0.828,10.570964,5.696795,30.759374,0.585793,0.7
0.829,10.578747,5.730051,30.764204,0.585293,0.7
0.83,10.588938,5.641853,30.768112,0.584792,0.7
0.831,10.584556,5.665972,30.772546,0.584292,0.7
0.832,10.585466,5.606595,30.777213,0.583792,0.7
0.833,10.576246,5.511227,30.780781,0.583292,0.7
0.834,10.570636,5.559296,30.785802,0.582791,0.7
0.835,10.579174,5.459754,30.788924,0.582291,0.7
0.836,10.598073,5.434995,30.793493,0.581791,0.7
0.837,10.592654,5.542975,30.797194,0.581291,0.7
0.838,10.601493,5.306971,30.800589,0.58079,0.7
0.839,10.599132,5.286978,30.806489,0.58029,0.7
0.84,10.590465,5.329275,30.811958,0.57979,0.7
0.841,10.586611,5.330638,30.815366,0.57929,0.7
0.842,10.597653,5.171618,30.819021,0.578789,0.7
0.843,10.587721,5.181684,30.823389,0.578289,0.7
0.844,10.600932,5.101365,30.828745,0.577789,0.7
0.845,10.593203,5.184099,30.834272,0.577289,0.7
0.846,10.589706,5.052391,30.838353,0.576788,0.7
0.847,10.618884,4.934716,30.841738,0.576288,0.7
0.848,10.60204,4.848631,30.844704,0.575788,0.7
0.849,10.617366,4.810267,30.849345,0.575288,0.7
0.85,10.611594,4.845653,30.854786,0.574787,0.7
0.851,10.608081,4.794161,30.857774,0.574287,0.7
0.852,10.602561,4.818521,30.861234,0.573787,0.7
0.853,10.598367,4.817204,30.865434,0.573287,0.7
0.854,10.61845,4.74889,30.869862,0.572786,0.7
0.855,10.627746,4.614741,30.872254,0.572286,0.7
0.856,10.609215,4.602543,30.875581,0.571786,0.7
0.857,10.632834,4.563516,30.877689,0.571286,0.7
0.858,10.617199,4.502393,30.880221,0.570785,0.7
0.859,10.621218,4.394546,30.883826,0.570285,0.7
0.86,10.615593,4.356027,30.887485,0.569785,0.7
0.861,10.641737,4.339721,30.890232,0.569285,0.7
0.862,10.618367,4.338077,30.892488,0.568784,0.7
0.863,10.641077,4.271449,30.895522,0.568284,0.7
0.864,10.628587,4.255921,30.898219,0.567784,0.7
0.865,10.635383,4.26099,30.900932,0.567284,0.7
0.866,10.64703,4.128324,30.903694,0.566783,0.7
0.867,10.640129,4.133751,30.907129,0.566283,0.7
0.868,10.647918,3.988319,30.908676,0.565783,0.7
0.869,10.638443,3.993338,30.911492,0.565283,0.7
0.87,10.650274,4.050596,30.914745,0.564782,0.7
0.871,10.640736,4.01439,30.916247,0.564282,0.7
0.872,10.653014,3.87991,30.91966,0.563782,0.7
0.873,10.631595,3.909409,30.919928,0.563282,0.7
0.874,10.660923,3.787419,30.921665,0.562781,0.7
0.875,10.651266,3.731884,30.923355,0.562281,0.7
0.876,10.638539,3.732423,30.926448,0.561781,0.7
0.877,10.642926,3.705504,30.928807,0.561281,0.7
0.878,10.649699,3.644021,30.930304,0.56078,0.7
0.879,10.646771,3.558282,30.931543,0.56028,0.7
0.88,10.651285,3.585983,30.933566,0.55978,0.7
0.881,10.655217,3.517774,30.936494,0.55928,0.7
0.882,10.664202,3.435397,30.938385,0.558779,0.7
0.883,10.661319,3.588396,30.940392,0.558279,0.7
0.884,10.680696,3.341586,30.943653,0.557779,0.7
0.885,10.668963,3.362474,30.946414,0.557279,0.7
0.886,10.666324,3.331353,30.948808,0.556778,0.7
0.887,10.67849,3.217894,30.948738,0.556278,0.7
0.888,10.66388,3.255943,30.951178,0.555778,0.7
0.889,10.671254,3.144314,30.951493,0.555278,0.7
0.89,10.683907,3.131286,30.951588,0.554777,0.7
0.891,10.686168,3.061326,30.952569,0.554277,0.7
0.892,10.662083,3.170172,30.95437,0.553777,0.7
0.893,10.670378,3.060552,30.957311,0.553277,0.7
0.894,10.674363,3.03406,30.959547,0.552776,0.7
0.895,10.674611,2.919071,30.96157,0.552276,0.7
0.896,10.684171,2.910319,30.962878,0.551776,0.7
0.897,10.679133,2.877114,30.963274,0.551276,0.7
0.898,10.691411,2.831942,30.965031,0.550775,0.7
0.899,10.696293,2.829583,30.965097,0.550275,0.7
0.9,10.692409,2.799185,30.966352,0.549775,0.7
0.901,10.683826,2.76336,30.966974,0.549275,0.7
0.902,10.691149,2.751852,30.968721,0.548774,0.7
0.903,10.691685,2.642872,30.969247,0.548274,0.7
0.904,10.701466,2.621996,30.969503,0.547774,0.7
0.905,10.696772,2.577653,30.971579,0.547274,0.7
0.906,10.680296,2.586669,30.974767,0.546773,0.7
0.907,10.694689,2.591243,30.975011,0.546273,0.7
0.908,10.699604,2.554285,30.976453,0.545773,0.7
0.909,10.688833,2.431971,30.977828,0.545273,0.7
0.91,10.702163,2.489483,30.978433,0.544772,0.7
0.911,10.700693,2.331831,30.979374,0.544272,0.7
0.912,10.715246,2.272768,30.981316,0.543772,0.7
0.913,10.698151,2.285566,30.981425,0.543272,0.7
0.914,10.705986,2.325885,30.981696,0.542771,0.7
0.915,10.698299,2.305054,30.984985,0.542271,0.7
0.916,10.699824,2.427703,30.985751,0.541771,0.7
0.917,10.694907,2.23434,30.986997,0.541271,0.7
0.918,10.694104,2.213595,30.987622,0.54077,0.7
0.919,10.703336,2.246277,30.989407,0.54027,0.7
0.92,10.686119,2.268193,30.98944,0.53977,0.7
0.921,10.694672,2.282393,30.991598,0.53927,0.7
0.922,10.696116,2.174069,30.989797,0.538769,0.7
0.923,10.694793,2.237408,30.990648,0.538269,0.7
0.924,10.708883,2.073086,30.991428,0.537769,0.7
0.925,10.694715,2.132761,30.98938,0.537269,0.7
0.926,10.689873,2.103004,30.990809,0.536768,0.7
0.927,10.691435,2.097751,30.992319,0.536268,0.7
0.928,10.708008,2.040155,30.993869,0.535768,0.7
0.929,10.700167,2.046819,30.993211,0.535268,0.7
0.93,10.698931,2.130932,30.993889,0.534767,0.7
0.931,10.700813,2.046511,30.992571,0.534267,0.7
0.932,10.692062,2.037297,30.992602,0.533767,0.7
0.933,10.687086,2.100739,30.992859,0.533267,0.7
0.934,10.703921,1.904104,30.993076,0.532766,0.7
0.935,10.694239,2.017401,30.992452,0.532266,0.7
0.936,10.686995,2.008187,30.993396,0.531766,0.7
0.937,10.687076,1.969534,30.995236,0.531266,0.7
0.938,10.698558,1.963568,30.996912,0.530765,0.7
0.939,10.677632,2.176024,30.997872,0.530265,0.7
0.94,10.67618,2.059683,30.998842,0.529765,0.7
0.941,10.701692,1.960871,30.998377,0.529265,0.7
0.942,10.680567,2.029218,30.997988,0.528764,0.7
0.943,10.673671,1.95296,30.997813,0.528264,0.7
0.944,10.679937,2.001443,30.998669,0.527764,0.7
0.945,10.682599,2.015448,30.99946,0.527264,0.7
0.946,10.675586,2.043097,31.000687,0.526763,0.7
0.947,10.670819,2.043805,31.000023,0.526263,0.7
0.948,10.679335,2.057737,30.999578,0.525763,0.7
0.949,10.664716,2.063264,31.000618,0.525263,0.7
0.95,10.668673,2.083336,31.000612,0.524762,0.7
0.951,10.661836,1.992459,31.00077,0.524262,0.7
0.952,10.659078,2.044213,31.000947,0.523762,0.7
0.953,10.662593,2.017853,31.000648,0.523262,0.7
0.954,10.654986,2.095964,30.999642,0.522761,0.7
0.955,10.657984,2.091738,31.001529,0.522261,0.7
0.956,10.646933,2.041933,31.002764,0.521761,0.7
0.957,10.653692,2.075713,31.00421,0.521261,0.7
0.958,10.648003,2.103901,31.003865,0.52076,0.7
0.959,10.645906,2.140385,31.004092,0.52026,0.7
0.96,10.64351,2.144929,31.005385,0.51976,0.7
0.961,10.634514,2.102193,31.005043,0.51926,0.7
0.962,10.613498,2.143511,31.006622,0.518759,0.7
0.963,10.619975,2.220458,31.007035,0.518259,0.7
0.964,10.632678,2.234563,31.007714,0.517759,0.7
0.965,10.627615,2.300997,31.009204,0.517259,0.7
0.966,10.613673,2.31009,31.00896,0.516758,0.7
0.967,10.614673,2.237598,31.009874,0.516258,0.7
0.968,10.62086,2.256273,31.011095,0.515758,0.7
0.969,10.61642,2.280619,31.011136,0.515258,0.7
0.97,10.59542,2.355706,31.012319,0.514757,0.7
0.971,10.601915,2.341152,31.012082,0.514257,0.7
0.972,10.622883,2.340403,31.012537,0.513757,0.7
0.973,10.599888,2.401499,31.013752,0.513257,0.7
0.974,10.597967,2.424908,31.015778,0.512756,0.7
0.975,10.610499,2.494054,31.016938,0.512256,0.7
0.976,10.59353,2.446999,31.016859,0.511756,0.7
0.977,10.580595,2.564777,31.018277,0.511256,0.7
0.978,10.57826,2.478273,31.017739,0.510755,0.7
0.979,10.568287,2.619794,31.018622,0.510255,0.7
0.98,10.564439,2.679354,31.020463,0.509755,0.7
0.981,10.577915,2.621769,31.021136,0.509255,0.7
0.982,10.570433,2.723522,31.020923,0.508754,0.7
0.983,10.568816,2.731534,31.021682,0.508254,0.7
0.984,10.548027,2.694825,31.023039,0.507754,0.7
0.985,10.552557,2.755106,31.024063,0.507254,0.7
0.986,10.551288,2.825353,31.027635,0.506753,0.7
0.987,10.552586,2.86966,31.028902,0.506253,0.7
0.988,10.536934,2.893029,31.029631,0.505753,0.7
0.989,10.535082,2.930671,31.029246,0.505253,0.7
0.99,10.514683,2.997716,31.030465,0.504752,0.7
0.991,10.522614,2.965706,31.030985,0.504252,0.7
0.992,10.522418,3.018486,31.032233,0.503752,0.7
0.993,10.518653,2.986683,31.0332,0.503252,0.7
0.994,10.522983,3.060746,31.033195,0.502751,0.7
0.995,10.499467,3.109696,31.033622,0.502251,0.7
0.996,10.510936,3.165929,31.03657,0.501751,0.7
0.997,10.485292,3.1828,31.038986,0.501251,0.7
0.998,10.479941,3.313857,31.041105,0.50075,0.7
0.999,10.481639,3.299594,31.040382,0.50025,0.7
1.0,10.480911,3.291965,31.040505,0.49975,0.7
1.001,10.467473,3.374308,31.042633,0.49925,0.7
1.002,10.469779,3.540786,31.046651,0.498749,0.7
1.003,10.458462,3.526485,31.049035,0.498249,0.7
1.004,10.453129,3.542396,31.049768,0.497749,0.7
1.005,10.438541,3.595329,31.052343,0.497249,0.7
1.006,10.467162,3.599622,31.055756,0.496748,0.7
1.007,10.440351,3.616648,31.058189,0.496248,0.7
1.008,10.437391,3.654521,31.060043,0.495748,0.7
1.009,10.432369,3.710204,31.061387,0.495248,0.7
1.01,10.43501,3.801513,31.061567,0.494747,0.7
1.011,10.419834,3.900454,31.064381,0.494247,0.7
1.012,10.418466,3.923374,31.067524,0.493747,0.7
1.013,10.406166,3.829457,31.070428,0.493247,0.7
1.014,10.413062,3.958222,31.071815,0.492746,0.7
1.015,10.399411,3.945885,31.07287,0.492246,0.7
1.016,10.402256,3.969214,31.07494,0.491746,0.7
1.017,10.39101,4.174865,31.075842,0.491246,0.7
1.018,10.392442,4.093745,31.079004,0.490745,0.7
1.019,10.394138,4.214229,31.08205,0.490245,0.7
1.02,10.389324,4.191632,31.084511,0.489745,0.7
1.021,10.389991,4.23501,31.087228,0.489245,0.7
1.022,10.364878,4.316898,31.092002,0.488744,0.7
1.023,10.373169,4.337638,31.094148,0.488244,0.7
1.024,10.381587,4.358255,31.095643,0.487744,0.7
1.025,10.361267,4.428128,31.097558,0.487244,0.7
1.026,10.346897,4.500791,31.102517,0.486743,0.7
1.027,10.348839,4.537821,31.103327,0.486243,0.7
1.028,10.362895,4.476475,31.105991,0.485743,0.7
1.029,10.338999,4.595622,31.109003,0.485243,0.7
1.03,10.323739,4.734306,31.110733,0.484742,0.7
1.031,10.323978,4.814949,31.113983,0.484242,0.7
1.032,10.329869,4.831942,31.115858,0.483742,0.7
1.033,10.321635,4.829104,31.118411,0.483242,0.7
1.034,10.323583,4.70316,31.121248,0.482741,0.7
1.035,10.30273,4.888352,31.124533,0.482241,0.7
1.036,10.29585,5.008396,31.129772,0.481741,0.7
1.037,10.31798,4.887664,31.133286,0.481241,0.7
1.038,10.31047,4.909384,31.136761,0.48074,0.7
1.039,10.279213,5.02764,31.140049,0.48024,0.7
1.04,10.277882,5.141073,31.142712,0.47974,0.7
1.041,10.289657,5.096647,31.146759,0.47924,0.7
1.042,10.285124,5.214545,31.150062,0.478739,0.7
1.043,10.267246,5.207334,31.15364,0.478239,0.7
1.044,10.273169,5.202584,31.156824,0.477739,0.7
1.045,10.250505,5.259568,31.162102,0.477239,0.7
1.046,10.261852,5.307108,31.167719,0.476738,0.7
1.047,10.24521,5.426631,31.171672,0.476238,0.7
1.048,10.241804,5.400516,31.177016,0.475738,0.7
1.049,10.238065,5.437824,31.182166,0.475238,0.7
1.05,10.2264,5.500955,31.18722,0.474737,0.7
1.051,10.22773,5.625464,31.19275,0.474237,0.7
1.052,10.232785,5.628201,31.195972,0.473737,0.7
1.053,10.239083,5.496721,31.201675,0.473237,0.7
1.054,10.233883,5.564207,31.205616,0.472736,0.7
1.055,10.213657,5.647822,31.212237,0.472236,0.7
1.056,10.21187,5.636507,31.217593,0.471736,0.7
1.057,10.224912,5.691118,31.222571,0.471236,0.7
1.058,10.202535,5.814529,31.227962,0.470735,0.7
1.059,10.200967,5.852916,31.234487,0.470235,0.7
1.06,10.199614,5.817244,31.237774,0.469735,0.7
1.061,10.189351,5.805466,31.242058,0.469235,0.7
1.062,10.177072,5.912049,31.247474,0.468734,0.7
1.063,10.183726,5.926675,31.252973,0.468234,0.7
1.064,10.19506,5.960455,31.258478,0.467734,0.7
1.065,10.164045,5.977475,31.262522,0.467234,0.7
1.066,10.17419,6.078961,31.269073,0.466733,0.7
1.067,10.166778,6.110513,31.27655,0.466233,0.7
1.068,10.155524,6.01441,31.28193,0.465733,0.7
1.069,10.163145,6.108746,31.288738,0.465233,0.7
1.07,10.163706,6.118877,31.294314,0.464732,0.7
1.071,10.159826,6.100565,31.300633,0.464232,0.7
1.072,10.150061,6.167074,31.305892,0.463732,0.7
1.073,10.155885,6.144292,31.31077,0.463232,0.7
1.074,10.148717,6.163791,31.315589,0.462731,0.7
1.075,10.151852,6.232064,31.321521,0.462231,0.7
1.076,10.142273,6.18486,31.325675,0.461731,0.7
1.077,10.134008,6.149678,31.332875,0.461231,0.7
1.078,10.147494,6.257254,31.339737,0.46073,0.7
1.079,10.102505,6.396834,31.346804,0.46023,0.7
1.08,10.132492,6.31683,31.352588,0.45973,0.7
1.081,10.120498,6.347973,31.358831,0.45923,0.7
1.082,10.11688,6.429887,31.364956,0.458729,0.7
1.083,10.115985,6.325019,31.369973,0.458229,0.7
1.084,10.123411,6.35263,31.376535,0.457729,0.7
1.085,10.100919,6.494657,31.382986,0.457229,0.7
1.086,10.106988,6.421889,31.387897,0.456728,0.7
1.087,10.113441,6.408855,31.394563,0.456228,0.7
1.088,10.113303,6.454499,31.402462,0.455728,0.7
1.089,10.115336,6.491327,31.409647,0.455228,0.7
1.09,10.096048,6.433091,31.416414,0.454727,0.7
1.091,10.105807,6.438766,31.420329,0.454227,0.7
1.092,10.100807,6.443439,31.426613,0.453727,0.7
1.093,10.09821,6.409959,31.433761,0.453227,0.7
1.094,10.106009,6.402387,31.439253,0.452726,0.7
1.095,10.077838,6.478269,31.445691,0.452226,0.7
1.096,10.068455,6.680913,31.452528,0.451726,0.7
1.097,10.077026,6.455279,31.45901,0.451226,0.7
1.098,10.085505,6.471221,31.464607,0.450725,0.7
1.099,10.060812,6.505525,31.46894,0.450225,0.7
1.1,10.07094,6.553373,31.474694,0.449725,0.7
1.101,10.079741,6.46743,31.480575,0.449225,0.7
1.102,10.083144,6.43871,31.48654,0.448724,0.7
1.103,10.079033,6.405976,31.491863,0.448224,0.7
1.104,10.067331,6.458372,31.499215,0.447724,0.7
1.105,10.068308,6.483819,31.505653,0.447224,0.7
1.106,10.062679,6.454768,31.511834,0.446723,0.7
1.107,10.076185,6.410448,31.51849,0.446223,0.7
1.108,10.062238,6.404425,31.524197,0.445723,0.7
1.109,10.059486,6.536423,31.531156,0.445223,0.7
1.11,10.066469,6.331918,31.53748,0.444722,0.7
1.111,10.069705,6.507004,31.544304,0.444222,0.7
1.112,10.072667,6.50789,31.550631,0.443722,0.7
1.113,10.04857,6.456662,31.558512,0.443222,0.7
1.114,10.063624,6.451136,31.564837,0.442721,0.7
1.115,10.064551,6.446583,31.570227,0.442221,0.7
1.116,10.062508,6.389767,31.576128,0.441721,0.7
1.117,10.070334,6.426653,31.583614,0.441221,0.7
1.118,10.062753,6.302509,31.589127,0.44072,0.7
1.119,10.056517,6.312491,31.596288,0.44022,0.7
1.12,10.055992,6.267321,31.602446,0.43972,0.7
1.121,10.062337,6.390678,31.609181,0.43922,0.7
1.122,10.064204,6.234247,31.61612,0.438719,0.7
1.123,10.063355,6.324245,31.623658,0.438219,0.7
1.124,10.057826,6.281092,31.63033,0.437719,0.7
1.125,10.056822,6.291836,31.635618,0.437219,0.7
1.126,10.045024,6.233224,31.641555,0.436718,0.7
1.127,10.070516,6.113558,31.647715,0.436218,0.7
1.128,10.058664,6.191997,31.653195,0.435718,0.7
1.129,10.056763,6.149077,31.659169,0.435218,0.7
1.13,10.055226,6.117085,31.664581,0.434717,0.7
1.131,10.063545,6.042787,31.669623,0.434217,0.7
1.132,10.061939,6.068813,31.677342,0.433717,0.7
1.133,10.043501,6.053291,31.683416,0.433217,0.7
1.134,10.051231,6.045636,31.689856,0.432716,0.7
1.135,10.068587,5.982563,31.695903,0.432216,0.7
1.136,10.061475,5.93103,31.701421,0.431716,0.7
1.137,10.051812,5.897094,31.707154,0.431216,0.7
1.138,10.063913,5.922922,31.712455,0.430715,0.7
1.139,10.057731,5.823978,31.71663,0.430215,0.7
1.14,10.062328,5.835779,31.721471,0.429715,0.7
1.141,10.066897,5.79507,31.728418,0.429215,0.7
1.142,10.062628,5.663103,31.736112,0.428714,0.7
1.143,10.067605,5.699369,31.741465,0.428214,0.7
1.144,10.06375,5.631754,31.745539,0.427714,0.7
1.145,10.081599,5.551609,31.751891,0.427214,0.7
1.146,10.082696,5.563189,31.757097,0.426713,0.7
1.147,10.066789,5.638684,31.762925,0.426213,0.7
1.148,10.063353,5.549535,31.767948,0.425713,0.7
1.149,10.081671,5.512496,31.773103,0.425213,0.7
1.15,10.073331,5.400692,31.778422,0.424712,0.7
1.151,10.074424,5.390668,31.782974,0.424212,0.7
1.152,10.08405,5.287087,31.788638,0.423712,0.7
1.153,10.083186,5.220039,31.791479,0.423212,0.7
1.154,10.07843,5.301409,31.796085,0.422711,0.7
1.155,10.072128,5.283501,31.798928,0.422211,0.7
1.156,10.074737,5.19953,31.803051,0.421711,0.7
1.157,10.076636,5.163589,31.807234,0.421211,0.7
1.158,10.088406,5.185102,31.811256,0.42071,0.7
1.159,10.066667,5.131314,31.814589,0.42021,0.7
1.16,10.087793,4.891443,31.818637,0.41971,0.7
1.161,10.077461,4.981353,31.822831,0.41921,0.7
1.162,10.100978,4.935347,31.824204,0.418709,0.7
1.163,10.108316,4.954747,31.830418,0.418209,0.7
1.164,10.098575,4.913323,31.833867,0.417709,0.7
1.165,10.094122,4.809516,31.836574,0.417209,0.7
1.166,10.101418,4.678544,31.839443,0.416708,0.7
1.167,10.095073,4.689349,31.843154,0.416208,0.7
1.168,10.092964,4.79638,31.84662,0.415708,0.7
1.169,10.102051,4.655483,31.849599,0.415208,0.7
1.17,10.094109,4.61344,31.853005,0.414707,0.7
1.171,10.093823,4.616428,31.854136,0.414207,0.7
1.172,10.101147,4.523753,31.857229,0.413707,0.7
1.173,10.110978,4.440276,31.859356,0.413207,0.7
1.174,10.096807,4.532198,31.859597,0.412706,0.7
1.175,10.104268,4.403569,31.862357,0.412206,0.7
1.176,10.11934,4.298233,31.864615,0.411706,0.7
1.177,10.121613,4.348703,31.867213,0.411206,0.7
1.178,10.125842,4.155535,31.868021,0.410705,0.7
1.179,10.125747,4.185262,31.870777,0.410205,0.7
1.18,10.117689,4.097312,31.872778,0.409705,0.7
1.181,10.126499,4.080071,31.875386,0.409205,0.7
1.182,10.109559,4.007518,31.878342,0.408704,0.7
1.183,10.120536,4.024035,31.88005,0.408204,0.7
1.184,10.123669,3.981865,31.881521,0.407704,0.7
1.185,10.12424,3.89972,31.882701,0.407204,0.7
1.186,10.129479,3.900743,31.885333,0.406703,0.7
1.187,10.119523,3.785978,31.887816,0.406203,0.7
1.188,10.109555,3.855753,31.890913,0.405703,0.7
1.189,10.148976,3.761191,31.893424,0.405203,0.7
1.19,10.152684,3.614066,31.894735,0.404702,0.7
1.191,10.135752,3.690818,31.897189,0.404202,0.7
1.192,10.132569,3.70948,31.900808,0.403702,0.7
1.193,10.143142,3.562365,31.904154,0.403202,0.7
1.194,10.150621,3.559712,31.905483,0.402701,0.7
1.195,10.151973,3.492758,31.908529,0.402201,0.7
1.196,10.147203,3.508409,31.910612,0.401701,0.7
1.197,10.144598,3.362949,31.911433,0.401201,0.7
1.198,10.134534,3.43032,31.910732,0.4007,0.7
1.199,10.147974,3.348168,31.913057,0.4002,0.7
1.2,10.145927,3.342176,31.914363,0.3997,0.7
1.201,10.153222,3.253009,31.915513,0.3992,0.7
1.202,10.162882,3.189868,31.917408,0.398699,0.7
1.203,10.151587,3.143098,31.919066,0.398199,0.7
1.204,10.163018,3.055599,31.920427,0.397699,0.7
1.205,10.151905,3.093416,31.921446,0.397199,0.7
1.206,10.145666,3.066532,31.922822,0.396698,0.7
1.207,10.160583,3.014581,31.923351,0.396198,0.7
1.208,10.161088,2.995434,31.92535,0.395698,0.7
1.209,10.156819,2.949385,31.926963,0.395198,0.7
1.21,10.155744,2.938764,31.926168,0.394697,0.7
1.211,10.167606,2.897074,31.926744,0.394197,0.7
1.212,10.16303,2.885981,31.926437,0.393697,0.7
1.213,10.16484,2.86621,31.927447,0.393197,0.7
1.214,10.164864,2.816462,31.927927,0.392696,0.7
1.215,10.156413,2.768131,31.929,0.392196,0.7
1.216,10.175202,2.713821,31.930599,0.391696,0.7
1.217,10.155657,2.639777,31.931446,0.391196,0.7
1.218,10.169854,2.767023,31.931768,0.390695,0.7
1.219,10.17196,2.697614,31.932213,0.390195,0.7
1.22,10.155962,2.712497,31.934456,0.389695,0.7
1.221,10.166188,2.460537,31.936152,0.389195,0.7
1.222,10.17623,2.519683,31.938567,0.388694,0.7
1.223,10.174308,2.442608,31.940174,0.388194,0.7
1.224,10.155877,2.52301,31.939632,0.387694,0.7
1.225,10.182184,2.444889,31.940723,0.387194,0.7
1.226,10.169428,2.361031,31.941249,0.386693,0.7
1.227,10.177896,2.293119,31.941271,0.386193,0.7
1.228,10.185292,2.357898,31.943309,0.385693,0.7
1.229,10.165175,2.367511,31.945006,0.385193,0.7
1.23,10.169166,2.243998,31.945438,0.384692,0.7
1.231,10.161172,2.340977,31.94643,0.384192,0.7
1.232,10.181932,2.20525,31.947725,0.383692,0.7
1.233,10.165244,2.312534,31.949471,0.383192,0.7
1.234,10.168647,2.146457,31.949638,0.382691,0.7
1.235,10.174165,2.156432,31.951647,0.382191,0.7
1.236,10.167207,2.180454,31.953769,0.381691,0.7
1.237,10.172864,2.10449,31.953687,0.381191,0.7
1.238,10.164888,2.159403,31.952929,0.38069,0.7
1.239,10.166095,2.127291,31.953287,0.38019,0.7
1.24,10.175201,2.053439,31.954392,0.37969,0.7
1.241,10.16421,2.107497,31.954216,0.37919,0.7
1.242,10.179256,2.069791,31.954383,0.378689,0.7
1.243,10.166154,2.086545,31.954107,0.378189,0.7
1.244,10.168706,2.045085,31.954072,0.377689,0.7
1.245,10.152501,2.017931,31.955346,0.377189,0.7
1.246,10.157414,2.015471,31.955884,0.376688,0.7
1.247,10.155873,2.057383,31.958195,0.376188,0.7
1.248,10.153837,2.09801,31.959153,0.375688,0.7
1.249,10.170101,1.941045,31.959917,0.375188,0.7
1.25,10.16213,1.918121,31.95889,0.374687,0.7
1.251,10.142673,2.054178,31.95785,0.374187,0.7
1.252,10.157317,1.956592,31.958231,0.373687,0.7
1.253,10.156322,1.960716,31.958005,0.373187,0.7
1.254,10.156524,2.0089,31.958613,0.372686,0.7
1.255,10.150814,1.986537,31.958227,0.372186,0.7
1.256,10.144642,2.03847,31.960156,0.371686,0.7
1.257,10.127328,2.092263,31.961362,0.371186,0.7
1.258,10.147677,1.980552,31.961808,0.370685,0.7
1.259,10.15244,1.93729,31.961641,0.370185,0.7
1.26,10.133103,2.074689,31.962417,0.369685,0.7
1.261,10.140555,2.031926,31.963568,0.369185,0.7
1.262,10.132644,2.042249,31.963737,0.368684,0.7
1.263,10.132536,2.049001,31.963571,0.368184,0.7
1.264,10.121123,2.022511,31.963951,0.367684,0.7
1.265,10.130358,2.018286,31.96453,0.367184,0.7
1.266,10.135238,2.071455,31.964623,0.366683,0.7
1.267,10.128045,2.015371,31.964202,0.366183,0.7
1.268,10.115946,2.144851,31.963973,0.365683,0.7
1.269,10.116393,2.031764,31.965441,0.365183,0.7
1.27,10.132445,2.08796,31.962666,0.364682,0.7
1.271,10.090776,2.149897,31.962362,0.364182,0.7
1.272,10.105843,2.096339,31.962234,0.363682,0.7
1.273,10.115877,2.152833,31.963746,0.363182,0.7
1.274,10.105678,2.146866,31.962637,0.362681,0.7
1.275,10.097,2.121001,31.964418,0.362181,0.7
1.276,10.087678,2.222151,31.963511,0.361681,0.7
1.277,10.107835,2.277853,31.963141,0.361181,0.7
1.278,10.094666,2.131968,31.964322,0.36068,0.7
1.279,10.078651,2.259708,31.966734,0.36018,0.7
1.28,10.089637,2.204199,31.967137,0.35968,0.7
1.281,10.100358,2.234876,31.965664,0.35918,0.7
1.282,10.090828,2.285911,31.96446,0.358679,0.7
1.283,10.082657,2.290886,31.966308,0.358179,0.7
1.284,10.062229,2.334947,31.96763,0.357679,0.7
1.285,10.074795,2.311696,31.966501,0.357179,0.7
1.286,10.066437,2.365666,31.966927,0.356678,0.7
1.287,10.063937,2.418742,31.969582,0.356178,0.7
1.288,10.068729,2.38792,31.970419,0.355678,0.7
1.289,10.056092,2.485817,31.971305,0.355178,0.7
1.29,10.040733,2.516051,31.972842,0.354677,0.7
1.291,10.055864,2.437266,31.97441,0.354177,0.7
1.292,10.039858,2.448832,31.974533,0.353677,0.7
1.293,10.043025,2.618727,31.975177,0.353177,0.7
1.294,10.024733,2.613202,31.975983,0.352676,0.7
1.295,10.035023,2.674003,31.978537,0.352176,0.7
1.296,10.027831,2.621485,31.978552,0.351676,0.7
1.297,10.018661,2.70043,31.979826,0.351176,0.7
1.298,10.03937,2.710803,31.981367,0.350675,0.7
1.299,10.013248,2.723922,31.982719,0.350175,0.7
1.3,10.009287,2.75065,31.982428,0.349675,0.7
1.301,9.999205,2.802125,31.981663,0.349175,0.7
1.302,9.994176,2.854161,31.98081,0.348674,0.7
1.303,9.999096,2.942866,31.981368,0.348174,0.7
1.304,9.980333,2.968174,31.982014,0.347674,0.7
1.305,9.997844,2.9564,31.98335,0.347174,0.7
1.306,9.965144,3.047833,31.98422,0.346673,0.7
1.307,9.972713,3.086197,31.985462,0.346173,0.7
1.308,9.980484,3.065632,31.986908,0.345673,0.7
1.309,9.966489,3.058975,31.990581,0.345173,0.7
1.31,9.946419,3.159792,31.992366,0.344672,0.7
1.311,9.965136,3.240586,31.99368,0.344172,0.7
1.312,9.948805,3.347699,31.99757,0.343672,0.7
1.313,9.957524,3.279051,32.00122,0.343172,0.7
1.314,9.934483,3.316082,32.001395,0.342671,0.7
1.315,9.931137,3.349853,32.002401,0.342171,0.7
1.316,9.933677,3.387284,32.003869,0.341671,0.7
1.317,9.920926,3.375209,32.007604,0.341171,0.7
1.318,9.91877,3.546021,32.011236,0.34067,0.7
1.319,9.910254,3.528505,32.014503,0.34017,0.7
1.32,9.920173,3.62973,32.015684,0.33967,0.7
1.321,9.909208,3.586584,32.016887,0.33917,0.7
1.322,9.904731,3.635424,32.018086,0.338669,0.7
1.323,9.896361,3.697715,32.019761,0.338169,0.7
1.324,9.886427,3.871338,32.022548,0.337669,0.7
1.325,9.884233,3.79873,32.023244,0.337169,0.7
1.326,9.887287,3.7662,32.02614,0.336668,0.7
1.327,9.879129,3.820943,32.029429,0.336168,0.7
1.328,9.870644,3.941143,32.031436,0.335668,0.7
1.329,9.861324,3.98535,32.033256,0.335168,0.7
1.33,9.861029,4.063723,32.038426,0.334667,0.7
1.331,9.856267,4.100507,32.039749,0.334167,0.7
1.332,9.872078,4.030843,32.042375,0.333667,0.7
1.333,9.829856,4.130465,32.047769,0.333167,0.7
1.334,9.843277,4.201057,32.05065,0.332666,0.7
1.335,9.834732,4.264844,32.052055,0.332166,0.7
1.336,9.832737,4.32942,32.056191,0.331666,0.7
1.337,9.828301,4.309224,32.059475,0.331166,0.7
1.338,9.833409,4.525434,32.062927,0.330665,0.7
1.339,9.812326,4.371841,32.065606,0.330165,0.7
1.34,9.814414,4.526728,32.069718,0.329665,0.7
1.341,9.80843,4.550519,32.071416,0.329165,0.7
1.342,9.792642,4.494398,32.074671,0.328664,0.7
1.343,9.778555,4.61902,32.078013,0.328164,0.7
1.344,9.783038,4.672177,32.083147,0.327664,0.7
1.345,9.767237,4.795941,32.086337,0.327164,0.7
1.346,9.774103,4.768442,32.088625,0.326663,0.7
1.347,9.7673,4.845109,32.092287,0.326163,0.7
1.348,9.761303,4.770517,32.09609,0.325663,0.7
1.349,9.742925,4.969083,32.099395,0.325163,0.7
1.35,9.752249,4.855886,32.104726,0.324662,0.7
1.351,9.755359,4.961515,32.107831,0.324162,0.7
1.352,9.736856,5.053676,32.10987,0.323662,0.7
1.353,9.753178,5.011999,32.112488,0.323162,0.7
1.354,9.734782,5.11211,32.117754,0.322661,0.7
1.355,9.737121,5.14999,32.123389,0.322161,0.7
1.356,9.735107,5.131268,32.127371,0.321661,0.7
1.357,9.736553,5.191162,32.133797,0.321161,0.7
1.358,9.71345,5.243742,32.140249,0.32066,0.7
1.359,9.702981,5.278124,32.145339,0.32016,0.7
1.36,9.695848,5.278234,32.147483,0.31966,0.7
1.361,9.694073,5.297759,32.150847,0.31916,0.7
1.362,9.695584,5.436957,32.154582,0.318659,0.7
1.363,9.688802,5.470837,32.158651,0.318159,0.7
1.364,9.687127,5.492883,32.162768,0.317659,0.7
1.365,9.683105,5.406746,32.168298,0.317159,0.7
1.366,9.686865,5.449291,32.17329,0.316658,0.7
1.367,9.664439,5.5671,32.1799,0.316158,0.7
1.368,9.659023,5.670964,32.183154,0.315658,0.7
1.369,9.657568,5.696602,32.188954,0.315158,0.7
1.37,9.653256,5.718538,32.194148,0.314657,0.7
1.371,9.645193,5.796328,32.19755,0.314157,0.7
1.372,9.649812,5.733578,32.201468,0.313657,0.7
1.373,9.645965,5.826192,32.207475,0.313157,0.7
1.374,9.636899,5.842343,32.213883,0.312656,0.7
1.375,9.644485,5.875745,32.21855,0.312156,0.7
1.376,9.631205,5.93156,32.224293,0.311656,0.7
1.377,9.613112,5.950717,32.229426,0.311156,0.7
1.378,9.6263,5.931599,32.234724,0.310655,0.7
1.379,9.6148,6.004794,32.240228,0.310155,0.7
1.38,9.617999,6.02572,32.245356,0.309655,0.7
1.381,9.619551,6.027076,32.250679,0.309155,0.7
1.382,9.613008,5.992552,32.256411,0.308654,0.7
1.383,9.602841,6.137061,32.262673,0.308154,0.7
1.384,9.596228,6.083842,32.268636,0.307654,0.7
1.385,9.600047,6.236651,32.275679,0.307154,0.7
1.386,9.589801,6.190036,32.282737,0.306653,0.7
1.387,9.583087,6.246498,32.287892,0.306153,0.7
1.388,9.587988,6.2034,32.292989,0.305653,0.7
1.389,9.584183,6.188233,32.298145,0.305153,0.7
1.39,9.592709,6.253782,32.30532,0.304652,0.7
1.391,9.554199,6.35779,32.313306,0.304152,0.7
1.392,9.577115,6.271135,32.321605,0.303652,0.7
1.393,9.555707,6.316928,32.325915,0.303152,0.7
1.394,9.55595,6.327293,32.331737,0.302651,0.7
1.395,9.565187,6.350506,32.337672,0.302151,0.7
1.396,9.552902,6.432299,32.344071,0.301651,0.7
1.397,9.558214,6.364415,32.350628,0.301151,0.7
1.398,9.547636,6.406077,32.357815,0.30065,0.7
1.399,9.554328,6.290728,32.365161,0.30015,0.7
1.4,9.541665,6.474966,32.370486,0.29965,0.7
1.401,9.54226,6.394339,32.375556,0.29915,0.7
1.402,9.538615,6.474915,32.383405,0.298649,0.7
1.403,9.535851,6.382366,32.390327,0.298149,0.7
1.404,9.519712,6.551141,32.396973,0.297649,0.7
1.405,9.523947,6.429142,32.40248,0.297149,0.7
1.406,9.533645,6.445683,32.407257,0.296648,0.7
1.407,9.531712,6.496574,32.413341,0.296148,0.7
1.408,9.528107,6.603252,32.422189,0.295648,0.7
1.409,9.531102,6.462465,32.428651,0.295148,0.7
1.41,9.523997,6.476865,32.434131,0.294647,0.7
1.411,9.516338,6.47555,32.44116,0.294147,0.7
1.412,9.522622,6.453665,32.446859,0.293647,0.7
1.413,9.514328,6.525365,32.452908,0.293147,0.7
1.414,9.500542,6.543337,32.458966,0.292646,0.7
1.415,9.499019,6.45588,32.464551,0.292146,0.7
1.416,9.513458,6.466684,32.470917,0.291646,0.7
1.417,9.50902,6.543144,32.477508,0.291146,0.7
1.418,9.492741,6.54213,32.484752,0.290645,0.7
1.419,9.51519,6.488025,32.491852,0.290145,0.7
1.42,9.500829,6.38805,32.497509,0.289645,0.7
1.421,9.494342,6.43788,32.502931,0.289145,0.7
1.422,9.510389,6.394183,32.509486,0.288644,0.7
1.423,9.5171,6.441577,32.514287,0.288144,0.7
1.424,9.496268,6.502413,32.519091,0.287644,0.7
1.425,9.498155,6.469405,32.526176,0.287144,0.7
1.426,9.490505,6.415131,32.531895,0.286643,0.7
1.427,9.48365,6.452819,32.53829,0.286143,0.7
1.428,9.491974,6.48253,32.54518,0.285643,0.7
1.429,9.492084,6.453043,32.551585,0.285143,0.7
1.43,9.48939,6.353344,32.558655,0.284642,0.7
1.431,9.483664,6.369986,32.565218,0.284142,0.7
1.432,9.471081,6.435382,32.57149,0.283642,0.7
1.433,9.501628,6.32444,32.577518,0.283142,0.7
1.434,9.490211,6.323222,32.584356,0.282641,0.7
1.435,9.479648,6.340265,32.589188,0.282141,0.7
1.436,9.491021,6.206573,32.596371,0.281641,0.7
1.437,9.508642,6.199057,32.602579,0.281141,0.7
1.438,9.488821,6.148989,32.608818,0.28064,0.7
1.439,9.467472,6.258869,32.616366,0.28014,0.7
1.44,9.486676,6.224655,32.624921,0.27964,0.7
1.441,9.484212,6.145047,32.63273,0.27914,0.7
1.442,9.488345,6.120091,32.63658,0.278639,0.7
1.443,9.473123,6.209984,32.642815,0.278139,0.7
1.444,9.480108,6.146549,32.649625,0.277639,0.7
1.445,9.494122,6.001962,32.655117,0.277139,0.7
1.446,9.482256,6.144847,32.660164,0.276638,0.7
1.447,9.482712,6.071735,32.666302,0.276138,0.7
1.448,9.482681,5.996215,32.672134,0.275638,0.7
1.449,9.501674,5.947888,32.675638,0.275138,0.7
1.45,9.477731,5.942485,32.680679,0.274637,0.7
1.451,9.489668,5.863244,32.684854,0.274137,0.7
1.452,9.485592,5.867513,32.689925,0.273637,0.7
1.453,9.48146,5.887323,32.695605,0.273137,0.7
1.454,9.472219,5.902692,32.70139,0.272636,0.7
1.455,9.4965,5.725859,32.705309,0.272136,0.7
1.456,9.503387,5.76074,32.710723,0.271636,0.7
1.457,9.49385,5.695823,32.713827,0.271136,0.7
1.458,9.48516,5.704273,32.719852,0.270635,0.7
1.459,9.479442,5.644512,32.724433,0.270135,0.7
1.46,9.504033,5.521544,32.728295,0.269635,0.7
1.461,9.480295,5.60545,32.733388,0.269135,0.7
1.462,9.500772,5.539594,32.737209,0.268634,0.7
1.463,9.487244,5.518235,32.742751,0.268134,0.7
1.464,9.486039,5.519584,32.746702,0.267634,0.7
1.465,9.485129,5.348733,32.751858,0.267134,0.7
1.466,9.491967,5.434446,32.755451,0.266633,0.7
1.467,9.501799,5.314722,32.760536,0.266133,0.7
1.468,9.504281,5.244184,32.764695,0.265633,0.7
1.469,9.510239,5.217731,32.769742,0.265133,0.7
1.47,9.502961,5.209957,32.772847,0.264632,0.7
1.471,9.516643,5.202391,32.778022,0.264132,0.7
1.472,9.492216,5.121593,32.782319,0.263632,0.7
1.473,9.502297,5.089657,32.786767,0.263132,0.7
1.474,9.499983,5.055147,32.791201,0.262631,0.7
1.475,9.501892,4.999561,32.794156,0.262131,0.7
1.476,9.509117,4.935442,32.796146,0.261631,0.7
1.477,9.522799,4.935095,32.798366,0.261131,0.7
1.478,9.524044,4.797356,32.802306,0.26063,0.7
1.479,9.501789,4.796624,32.807549,0.26013,0.7
1.48,9.50859,4.822541,32.810553,0.25963,0.7
1.481,9.521454,4.723315,32.812607,0.25913,0.7
1.482,9.52555,4.695474,32.81535,0.258629,0.7
1.483,9.518618,4.677405,32.821482,0.258129,0.7
1.484,9.532118,4.610769,32.825132,0.257629,0.7
1.485,9.516478,4.586332,32.82875,0.257129,0.7
1.486,9.526792,4.585227,32.831954,0.256628,0.7
1.487,9.536351,4.505027,32.834634,0.256128,0.7
1.488,9.533966,4.45832,32.838373,0.255628,0.7
1.489,9.52165,4.413926,32.841683,0.255128,0.7
1.49,9.536256,4.356526,32.844911,0.254627,0.7
1.491,9.533669,4.314826,32.84841,0.254127,0.7
1.492,9.529569,4.290589,32.850054,0.253627,0.7
1.493,9.531692,4.153775,32.854919,0.253127,0.7
1.494,9.54713,4.111333,32.857626,0.252626,0.7
1.495,9.536797,4.193852,32.861116,0.252126,0.7
1.496,9.516134,4.109732,32.864986,0.251626,0.7
1.497,9.554148,4.021295,32.868183,0.251126,0.7
1.498,9.541917,3.890554,32.868784,0.250625,0.7
1.499,9.54923,3.882937,32.872414,0.250125,0.7
1.5,9.530583,3.942471,32.876075,0.249625,0.7
1.501,9.557847,3.902443,32.878763,0.249125,0.7
1.502,9.55203,3.756917,32.880875,0.248624,0.7
1.503,9.535179,3.91354,32.882469,0.248124,0.7
1.504,9.534711,3.751682,32.885165,0.247624,0.7
1.505,9.55284,3.660839,32.885538,0.247124,0.7
1.506,9.553321,3.660577,32.888061,0.246623,0.7
1.507,9.549354,3.572984,32.889443,0.246123,0.7
1.508,9.562194,3.579605,32.891252,0.245623,0.7
1.509,9.543773,3.57733,32.894401,0.245123,0.7
1.51,9.542791,3.505635,32.896882,0.244622,0.7
1.511,9.564605,3.42077,32.899376,0.244122,0.7
1.512,9.552586,3.381015,32.90095,0.243622,0.7
1.513,9.561977,3.352951,32.903138,0.243122,0.7
1.514,9.550675,3.286427,32.905202,0.242621,0.7
1.515,9.55869,3.292082,32.90459,0.242121,0.7
1.516,9.549527,3.209058,32.906557,0.241621,0.7
1.517,9.569012,3.108138,32.908167,0.241121,0.7
1.518,9.558891,3.192342,32.910026,0.24062,0.7
1.519,9.563334,3.112637,32.912541,0.24012,0.7
1.52,9.557007,3.121069,32.913326,0.23962,0.7
1.521,9.563993,3.053359,32.914616,0.23912,0.7
1.522,9.580958,2.916807,32.914507,0.238619,0.7
1.523,9.562562,2.939063,32.914529,0.238119,0.7
1.524,9.555455,3.043722,32.915918,0.237619,0.7
1.525,9.565461,2.963826,32.917129,0.237119,0.7
1.526,9.568469,2.830935,32.919585,0.236618,0.7
1.527,9.562176,2.848683,32.920146,0.236118,0.7
1.528,9.562511,2.84032,32.922916,0.235618,0.7
1.529,9.588227,2.65466,32.924143,0.235118,0.7
1.53,9.576911,2.717908,32.924799,0.234617,0.7
1.531,9.577398,2.716215,32.925002,0.234117,0.7
1.532,9.572167,2.665794,32.924979,0.233617,0.7
1.533,9.57395,2.581311,32.925878,0.233117,0.7
1.534,9.582147,2.536394,32.928443,0.232616,0.7
1.535,9.575774,2.582791,32.931394,0.232116,0.7
1.536,9.572389,2.5313,32.934773,0.231616,0.7
1.537,9.572645,2.560668,32.935552,0.231116,0.7
1.538,9.562006,2.502302,32.936376,0.230615,0.7
1.539,9.573177,2.427182,32.938101,0.230115,0.7
1.54,9.588221,2.343083,32.938475,0.229615,0.7
1.541,9.575674,2.393485,32.939132,0.229115,0.7
1.542,9.571264,2.345148,32.941376,0.228614,0.7
1.543,9.575985,2.336786,32.941896,0.228114,0.7
1.544,9.564958,2.317641,32.941822,0.227614,0.7
1.545,9.581098,2.267647,32.941879,0.227114,0.7
1.546,9.584141,2.222738,32.941283,0.226613,0.7
1.547,9.568466,2.16459,32.941225,0.226113,0.7
1.548,9.579374,2.192304,32.942214,0.225613,0.7
1.549,9.572804,2.205789,32.943277,0.225113,0.7
1.55,9.576231,2.214459,32.945303,0.224612,0.7
1.551,9.573728,2.180264,32.944015,0.224112,0.7
1.552,9.579048,2.185837,32.944309,0.223612,0.7
1.553,9.562004,2.13202,32.944889,0.223112,0.7
1.554,9.577571,1.99329,32.945334,0.222611,0.7
1.555,9.549127,2.202083,32.947109,0.222111,0.7
1.556,9.554351,2.121938,32.947388,0.221611,0.7
1.557,9.538653,2.150649,32.947969,0.221111,0.7
1.558,9.563362,2.094378,32.949337,0.22061,0.7
1.559,9.56332,2.035656,32.949044,0.22011,0.7
1.56,9.565843,2.025228,32.950673,0.21961,0.7
1.561,9.563166,1.988463,32.952255,0.21911,0.7
1.562,9.563321,1.981528,32.952343,0.218609,0.7
1.563,9.560818,2.015986,32.951959,0.218109,0.7
1.564,9.55728,1.972558,32.954889,0.217609,0.7
1.565,9.564937,1.993283,32.956074,0.217109,0.7
1.566,9.535729,2.112288,32.958582,0.216608,0.7
1.567,9.555104,1.982977,32.959905,0.216108,0.7
1.568,9.53583,2.186366,32.960506,0.215608,0.7
1.569,9.54012,1.958311,32.960576,0.215108,0.7
1.57,9.541145,1.986401,32.96139,0.214607,0.7
1.571,9.534134,2.026643,32.96238,0.214107,0.7
1.572,9.538667,2.050532,32.96323,0.213607,0.7
1.573,9.531344,1.971509,32.964545,0.213107,0.7
1.574,9.522326,2.004882,32.963749,0.212606,0.7
1.575,9.535829,2.04666,32.964915,0.212106,0.7
1.576,9.534217,1.991471,32.964911,0.211606,0.7
1.577,9.537412,2.034549,32.963547,0.211106,0.7
1.578,9.516833,1.988462,32.966485,0.210605,0.7
1.579,9.509243,2.058781,32.967104,0.210105,0.7
1.58,9.512564,2.022243,32.966823,0.209605,0.7
1.581,9.515929,1.93726,32.965892,0.209105,0.7
1.582,9.501185,2.141205,32.965783,0.208604,0.7
1.583,9.504424,2.091935,32.96465,0.208104,0.7
1.584,9.507162,2.043152,32.966541,0.207604,0.7
1.585,9.504117,2.105887,32.96609,0.207104,0.7
1.586,9.495736,2.11939,32.966826,0.206603,0.7
1.587,9.505031,2.0611,32.967963,0.206103,0.7
1.588,9.493018,2.058372,32.967676,0.205603,0.7
1.589,9.495505,2.189179,32.966556,0.205103,0.7
1.59,9.484142,2.158977,32.966713,0.204602,0.7
1.591,9.488624,2.209799,32.968198,0.204102,0.7
1.592,9.486209,2.246544,32.968866,0.203602,0.7
1.593,9.478676,2.264046,32.970365,0.203102,0.7
1.594,9.478673,2.178343,32.971109,0.202601,0.7
1.595,9.464092,2.305605,32.971393,0.202101,0.7
1.596,9.462198,2.294297,32.973069,0.201601,0.7
1.597,9.471987,2.268472,32.972606,0.201101,0.7
1.598,9.455966,2.349362,32.974196,0.2006,0.7
1.599,9.45575,2.31868,32.975225,0.2001,0.7
1.6,9.454898,2.423823,32.975481,0.1996,0.7
1.601,9.445908,2.32792,32.975501,0.1991,0.7
1.602,9.442631,2.350445,32.975977,0.198599,0.7
1.603,9.457091,2.46711,32.976558,0.198099,0.7
1.604,9.417301,2.560593,32.97853,0.197599,0.7
1.605,9.422063,2.530274,32.97949,0.197099,0.7
1.606,9.419974,2.552086,32.980026,0.196598,0.7
1.607,9.422229,2.555969,32.980257,0.196098,0.7
1.608,9.416894,2.584373,32.98137,0.195598,0.7
1.609,9.410043,2.646792,32.981571,0.195098,0.7
1.61,9.415207,2.617293,32.98276,0.194597,0.7
1.611,9.40276,2.710973,32.983628,0.194097,0.7
1.612,9.388894,2.748032,32.984483,0.193597,0.7
1.613,9.397442,2.747718,32.985575,0.193097,0.7
1.614,9.380676,2.749384,32.986763,0.192596,0.7
1.615,9.375327,2.83682,32.988484,0.192096,0.7
1.616,9.37275,2.94945,32.989994,0.191596,0.7
1.617,9.390026,2.874911,32.990892,0.191096,0.7
1.618,9.371939,2.920607,32.991441,0.190595,0.7
1.619,9.371467,2.965473,32.993423,0.190095,0.7
1.62,9.361649,2.943434,32.994011,0.189595,0.7
1.621,9.351886,3.116461,32.994337,0.189095,0.7
1.622,9.349535,3.134528,32.994249,0.188594,0.7
1.623,9.343304,3.128253,32.99645,0.188094,0.7
1.624,9.327537,3.141315,32.997083,0.187594,0.7
1.625,9.32963,3.251596,32.998429,0.187094,0.7
1.626,9.323502,3.186803,32.998633,0.186593,0.7
1.627,9.329688,3.259767,32.998002,0.186093,0.7
1.628,9.307682,3.289997,32.998896,0.185593,0.7
1.629,9.31679,3.403215,33.001519,0.185093,0.7
1.63,9.301076,3.39894,33.003819,0.184592,0.7
1.631,9.297075,3.406539,33.006975,0.184092,0.7
1.632,9.308312,3.43679,33.007908,0.183592,0.7
1.633,9.285746,3.542572,33.009531,0.183092,0.7
1.634,9.292439,3.533236,33.01235,0.182591,0.7
1.635,9.267462,3.672907,33.015559,0.182091,0.7
1.636,9.253757,3.698887,33.017822,0.181591,0.7
1.637,9.266059,3.748257,33.019328,0.181091,0.7
1.638,9.260367,3.664236,33.021832,0.18059,0.7
1.639,9.257494,3.721216,33.024259,0.18009,0.7
1.64,9.245022,3.799155,33.025392,0.17959,0.7
1.641,9.238464,3.923366,33.026987,0.17909,0.7
1.642,9.259081,3.829396,33.028504,0.178589,0.7
1.643,9.240475,3.990246,33.030581,0.178089,0.7
1.644,9.221587,3.961714,33.033351,0.177589,0.7
1.645,9.216812,4.103997,33.035953,0.177089,0.7
1.646,9.215033,4.080151,33.039853,0.176588,0.7
1.647,9.207128,4.161596,33.042156,0.176088,0.7
1.648,9.201905,4.16601,33.044901,0.175588,0.7
1.649,9.196614,4.155408,33.046804,0.175088,0.7
1.65,9.18634,4.295101,33.050992,0.174587,0.7
1.651,9.189651,4.292597,33.054491,0.174087,0.7
1.652,9.196046,4.33904,33.057204,0.173587,0.7
1.653,9.174616,4.430182,33.060185,0.173087,0.7
1.654,9.17071,4.429303,33.062809,0.172586,0.7
1.655,9.155716,4.513286,33.066308,0.172086,0.7
1.656,9.167379,4.581705,33.069291,0.171586,0.7
1.657,9.14927,4.60123,33.073964,0.171086,0.7
1.658,9.152861,4.60534,33.079014,0.170585,0.7
1.659,9.126769,4.721004,33.082259,0.170085,0.7
1.66,9.12837,4.737293,33.087898,0.169585,0.7
1.661,9.146938,4.678647,33.091178,0.169085,0.7
1.662,9.13549,4.77311,33.094209,0.168584,0.7
1.663,9.116896,4.970871,33.098474,0.168084,0.7
1.664,9.10381,4.899992,33.100059,0.167584,0.7
1.665,9.115704,4.969841,33.1028,0.167084,0.7
1.666,9.110088,4.970138,33.105234,0.166583,0.7
1.667,9.098816,5.084019,33.109162,0.166083,0.7
1.668,9.089845,5.164593,33.113686,0.165583,0.7
1.669,9.087061,5.09041,33.116983,0.165083,0.7
1.67,9.094487,5.110438,33.119942,0.164582,0.7
1.671,9.069409,5.209329,33.124242,0.164082,0.7
1.672,9.065047,5.237771,33.128895,0.163582,0.7
1.673,9.070703,5.229916,33.130688,0.163082,0.7
1.674,9.06414,5.349444,33.136624,0.162581,0.7
1.675,9.042472,5.387841,33.139568,0.162081,0.7
1.676,9.059956,5.443094,33.142124,0.161581,0.7
1.677,9.046927,5.419038,33.146138,0.161081,0.7
1.678,9.045673,5.475248,33.152602,0.16058,0.7
1.679,9.031205,5.535368,33.157524,0.16008,0.7
1.68,9.034051,5.488597,33.162367,0.15958,0.7
1.681,9.01742,5.569259,33.166689,0.15908,0.7
1.682,9.013982,5.5976,33.170155,0.158579,0.7
1.683,9.024973,5.589346,33.174132,0.158079,0.7
1.684,9.025969,5.648275,33.178232,0.157579,0.7
1.685,9.011179,5.790137,33.183062,0.157079,0.7
1.686,8.989139,5.777685,33.187046,0.156578,0.7
1.687,9.004261,5.82545,33.192784,0.156078,0.7
1.688,8.988979,5.802416,33.197884,0.155578,0.7
1.689,8.977888,5.903781,33.2029,0.155078,0.7
1.69,8.987379,5.915643,33.207987,0.154577,0.7
1.691,8.97415,5.89238,33.214101,0.154077,0.7
1.692,8.965201,5.955998,33.221315,0.153577,0.7
1.693,8.966732,6.004147,33.226793,0.153077,0.7
1.694,8.952818,5.976944,33.233155,0.152576,0.7
1.695,8.956512,6.003203,33.238453,0.152076,0.7
1.696,8.96553,6.033108,33.242826,0.151576,0.7
1.697,8.939855,6.065516,33.247617,0.151076,0.7
1.698,8.956334,6.088249,33.252956,0.150575,0.7
1.699,8.932256,6.150348,33.258546,0.150075,0.7
1.7,8.919253,6.15381,33.26384,0.149575,0.7
1.701,8.92276,6.250775,33.271026,0.149075,0.7
1.702,8.913803,6.260914,33.276471,0.148574,0.7
1.703,8.930558,6.144948,33.284145,0.148074,0.7
1.704,8.915447,6.319465,33.290089,0.147574,0.7
1.705,8.901382,6.37155,33.29689,0.147074,0.7
1.706,8.906221,6.204868,33.301759,0.146573,0.7
1.707,8.912038,6.279869,33.30836,0.146073,0.7
1.708,8.913457,6.276168,33.316672,0.145573,0.7
1.709,8.904919,6.310172,33.323337,0.145073,0.7
1.71,8.877272,6.419225,33.329538,0.144572,0.7
1.711,8.867064,6.478206,33.335581,0.144072,0.7
1.712,8.883114,6.424851,33.343232,0.143572,0.7
1.713,8.897699,6.374168,33.350316,0.143072,0.7
1.714,8.891823,6.397619,33.355793,0.142571,0.7
1.715,8.886474,6.498148,33.364345,0.142071,0.7
1.716,8.877909,6.524526,33.370133,0.141571,0.7
1.717,8.876243,6.52407,33.375925,0.141071,0.7
1.718,8.872169,6.447667,33.38108,0.14057,0.7
1.719,8.880023,6.429885,33.388003,0.14007,0.7
1.72,8.84853,6.594465,33.394606,0.13957,0.7
1.721,8.868657,6.467664,33.400717,0.13907,0.7
1.722,8.859193,6.429347,33.408285,0.138569,0.7
1.723,8.861348,6.461238,33.414566,0.138069,0.7
1.724,8.861376,6.458277,33.421832,0.137569,0.7
1.725,8.84889,6.542605,33.429347,0.137069,0.7
1.726,8.850663,6.435175,33.435474,0.136568,0.7
1.727,8.860612,6.501547,33.441053,0.136068,0.7
1.728,8.842844,6.469134,33.44832,0.135568,0.7
1.729,8.854861,6.519276,33.454615,0.135068,0.7
1.73,8.843098,6.522563,33.459971,0.134567,0.7
1.731,8.835714,6.491727,33.467053,0.134067,0.7
1.732,8.822229,6.599981,33.474243,0.133567,0.7
1.733,8.826971,6.475489,33.480135,0.133067,0.7
1.734,8.833906,6.49968,33.487247,0.132566,0.7
1.735,8.822173,6.471143,33.492538,0.132066,0.7
1.736,8.815288,6.433709,33.498229,0.131566,0.7
1.737,8.810621,6.454961,33.503869,0.131066,0.7
1.738,8.832599,6.446198,33.510083,0.130565,0.7
1.739,8.823116,6.544835,33.516368,0.130065,0.7
1.74,8.813821,6.377693,33.522238,0.129565,0.7
1.741,8.827845,6.382287,33.529871,0.129065,0.7
1.742,8.835616,6.325649,33.53871,0.128564,0.7
1.743,8.807286,6.409109,33.545258,0.128064,0.7
1.744,8.820418,6.388859,33.551122,0.127564,0.7
1.745,8.81027,6.395296,33.556071,0.127064,0.7
1.746,8.807798,6.360311,33.561881,0.126563,0.7
1.747,8.828235,6.283924,33.568198,0.126063,0.7
1.748,8.804091,6.337186,33.573038,0.125563,0.7
1.749,8.810026,6.23322,33.57953,0.125063,0.7
1.75,8.795607,6.327871,33.583311,0.124562,0.7
1.751,8.797844,6.295593,33.589851,0.124062,0.7
1.752,8.806474,6.272099,33.595692,0.123562,0.7
1.753,8.783093,6.332846,33.600299,0.123062,0.7
1.754,8.808572,6.095607,33.605987,0.122561,0.7
1.755,8.815995,6.094533,33.613161,0.122061,0.7
1.756,8.802315,6.177487,33.61592,0.121561,0.7
1.757,8.800992,6.114509,33.622735,0.121061,0.7
1.758,8.81182,6.068821,33.629217,0.12056,0.7
1.759,8.79876,6.115471,33.632516,0.12006,0.7
1.76,8.810857,6.067489,33.638917,0.11956,0.7
1.761,8.783976,6.083452,33.643596,0.11906,0.7
1.762,8.808134,5.974164,33.649441,0.118559,0.7
1.763,8.79608,6.003711,33.655,0.118059,0.7
1.764,8.794232,5.855449,33.660706,0.117559,0.7
1.765,8.804347,5.807897,33.66554,0.117059,0.7
1.766,8.795596,5.946791,33.671933,0.116558,0.7
1.767,8.804463,5.861371,33.677857,0.116058,0.7
1.768,8.800413,5.765391,33.682239,0.115558,0.7
1.769,8.798275,5.813489,33.686774,0.115058,0.7
1.77,8.787122,5.772455,33.691907,0.114557,0.7
1.771,8.796386,5.718125,33.69525,0.114057,0.7
1.772,8.778747,5.740185,33.700342,0.113557,0.7
1.773,8.783443,5.646084,33.706276,0.113057,0.7
1.774,8.803969,5.578343,33.711372,0.112556,0.7
1.775,8.790681,5.546523,33.714607,0.112056,0.7
1.776,8.812386,5.516302,33.719637,0.111556,0.7
1.777,8.794264,5.556647,33.723766,0.111056,0.7
1.778,8.797496,5.464072,33.726531,0.110555,0.7
1.779,8.788959,5.435627,33.729698,0.110055,0.7
1.78,8.80214,5.386891,33.734142,0.109555,0.7
1.781,8.799469,5.348726,33.738145,0.109055,0.7
1.782,8.802469,5.286736,33.742951,0.108554,0.7
1.783,8.786476,5.249916,33.747189,0.108054,0.7
1.784,8.801875,5.213444,33.751009,0.107554,0.7
1.785,8.813955,5.156351,33.754184,0.107054,0.7
1.786,8.788484,5.239091,33.758021,0.106553,0.7
1.787,8.811424,5.136048,33.762816,0.106053,0.7
1.788,8.803121,5.134006,33.766196,0.105553,0.7
1.789,8.783117,5.073093,33.770827,0.105053,0.7
1.79,8.809293,5.008889,33.773992,0.104552,0.7
1.791,8.797124,4.89888,33.777556,0.104052,0.7
1.792,8.80006,4.863945,33.779421,0.103552,0.7
1.793,8.804117,4.837822,33.783333,0.103052,0.7
1.794,8.799293,4.750299,33.786621,0.102551,0.7
1.795,8.819006,4.819642,33.789729,0.102051,0.7
1.796,8.794816,4.689953,33.793478,0.101551,0.7
1.797,8.806369,4.637158,33.796495,0.101051,0.7
1.798,8.80745,4.677246,33.800453,0.10055,0.7
1.799,8.7979,4.666556,33.804484,0.10005,0.7
1.8,8.804201,4.517521,33.80768,0.09955,0.7
1.801,8.812286,4.554458,33.810003,0.09905,0.7
1.802,8.81818,4.392682,33.812808,0.098549,0.7
1.803,8.824048,4.340433,33.815046,0.098049,0.7
1.804,8.825352,4.332977,33.817948,0.097549,0.7
1.805,8.814149,4.360166,33.822219,0.097049,0.7
1.806,8.829634,4.189546,33.825748,0.096548,0.7
1.807,8.814552,4.226258,33.828463,0.096048,0.7
1.808,8.836968,4.082101,33.830755,0.095548,0.7
1.809,8.828227,4.15653,33.832916,0.095048,0.7
1.81,8.820302,4.084051,33.836331,0.094547,0.7
1.811,8.806011,4.03151,33.837332,0.094047,0.7
1.812,8.808876,3.993279,33.837835,0.093547,0.7
1.813,8.825799,3.982979,33.840314,0.093047,0.7
1.814,8.815288,3.93393,33.843359,0.092546,0.7
1.815,8.839555,3.795843,33.844785,0.092046,0.7
1.816,8.816352,3.783898,33.846158,0.091546,0.7
1.817,8.816784,3.734013,33.848042,0.091046,0.7
1.818,8.82065,3.718738,33.850844,0.090545,0.7
1.819,8.815636,3.75337,33.854255,0.090045,0.7
1.82,8.832028,3.55827,33.856878,0.089545,0.7
1.821,8.826946,3.614886,33.858384,0.089045,0.7
1.822,8.827902,3.589131,33.859908,0.088544,0.7
1.823,8.830249,3.553595,33.86085,0.088044,0.7
1.824,8.825372,3.487343,33.862718,0.087544,0.7
1.825,8.82675,3.45141,33.864062,0.087044,0.7
1.826,8.823069,3.344897,33.86796,0.086543,0.7
1.827,8.829809,3.388382,33.869057,0.086043,0.7
1.828,8.83814,3.317371,33.871307,0.085543,0.7
1.829,8.827957,3.218656,33.872419,0.085043,0.7
1.83,8.833498,3.194969,33.873252,0.084542,0.7
1.831,8.834125,3.242118,33.874837,0.084042,0.7
1.832,8.833356,3.112398,33.875114,0.083542,0.7
1.833,8.829208,3.082819,33.876567,0.083042,0.7
1.834,8.832817,3.039825,33.878471,0.082541,0.7
1.835,8.831295,3.028735,33.879769,0.082041,0.7
1.836,8.840577,3.035429,33.880125,0.081541,0.7
1.837,8.825557,2.964683,33.881315,0.081041,0.7
1.838,8.8248,2.905114,33.882722,0.08054,0.7
1.839,8.819312,2.943847,33.883271,0.08004,0.7
1.84,8.827695,2.777702,33.885646,0.07954,0.7
1.841,8.832752,2.907671,33.887302,0.07904,0.7
1.842,8.835353,2.786764,33.888333,0.078539,0.7
1.843,8.813164,2.7524,33.891636,0.078039,0.7
1.844,8.837121,2.730847,33.891973,0.077539,0.7
1.845,8.826364,2.68508,33.891524,0.077039,0.7
1.846,8.831062,2.660923,33.893727,0.076538,0.7
1.847,8.827368,2.645664,33.894217,0.076038,0.7
1.848,8.836175,2.554121,33.896398,0.075538,0.7
1.849,8.816045,2.596253,33.897796,0.075038,0.7
1.85,8.840786,2.461606,33.89745,0.074537,0.7
1.851,8.839264,2.460768,33.898915,0.074037,0.7
1.852,8.826988,2.432873,33.901925,0.073537,0.7
1.853,8.821814,2.435125,33.901715,0.073037,0.7
1.854,8.82221,2.411365,33.903546,0.072536,0.7
1.855,8.823045,2.400908,33.905082,0.072036,0.7
1.856,8.816007,2.403747,33.905743,0.071536,0.7
1.857,8.823775,2.367333,33.907633,0.071036,0.7
1.858,8.814658,2.296247,33.910084,0.070535,0.7
1.859,8.808625,2.32879,33.912113,0.070035,0.7
1.86,8.825752,2.138663,33.91213,0.069535,0.7
1.861,8.826669,2.210483,33.913368,0.069035,0.7
1.862,8.833689,2.203893,33.913704,0.068534,0.7
1.863,8.803418,2.226064,33.917152,0.068034,0.7
1.864,8.804269,2.161129,33.9179,0.067534,0.7
1.865,8.789815,2.266642,33.917716,0.067034,0.7
1.866,8.792306,2.192999,33.919769,0.066533,0.7
1.867,8.804882,2.13491,33.919797,0.066033,0.7
1.868,8.79975,2.099156,33.921254,0.065533,0.7
1.869,8.808258,2.169671,33.922075,0.065033,0.7
1.87,8.795185,2.082533,33.921186,0.064532,0.7
1.871,8.801888,1.998727,33.921822,0.064032,0.7
1.872,8.796685,2.05888,33.924823,0.063532,0.7
1.873,8.79852,2.065394,33.925692,0.063032,0.7
1.874,8.787601,2.021846,33.925898,0.062531,0.7
1.875,8.77773,2.14412,33.928174,0.062031,0.7
1.876,8.786792,2.018497,33.928554,0.061531,0.7
1.877,8.782475,2.013508,33.929031,0.061031,0.7
1.878,8.762867,2.058961,33.932093,0.06053,0.7
1.879,8.760252,2.058102,33.932375,0.06003,0.7
1.88,8.765178,2.025263,33.930879,0.05953,0.7
1.881,8.777122,2.012779,33.931319,0.05903,0.7
1.882,8.767304,2.072649,33.930651,0.058529,0.7
1.883,8.766407,1.929419,33.932651,0.058029,0.7
1.884,8.746948,1.966779,33.932712,0.057529,0.7
1.885,8.760651,2.005202,33.936504,0.057029,0.7
1.886,8.752111,1.995042,33.936391,0.056528,0.7
1.887,8.747161,2.079325,33.937119,0.056028,0.7
1.888,8.754056,1.928391,33.937301,0.055528,0.7
1.889,8.726245,2.026449,33.938467,0.055028,0.7
1.89,8.733885,2.084897,33.937978,0.054527,0.7
1.891,8.724425,2.066264,33.939666,0.054027,0.7
1.892,8.731314,2.097073,33.940672,0.053527,0.7
1.893,8.728399,2.034418,33.942022,0.053027,0.7
1.894,8.727587,2.03722,33.942566,0.052526,0.7
1.895,8.71728,2.030352,33.943364,0.052026,0.7
1.896,8.717136,2.054822,33.943315,0.051526,0.7
1.897,8.716344,2.10148,33.942653,0.051026,0.7
1.898,8.732061,2.03918,33.942092,0.050525,0.7
1.899,8.707333,2.046948,33.943977,0.050025,0.7
1.9,8.687744,2.17464,33.943153,0.049525,0.7
1.901,8.701606,2.08869,33.945614,0.049025,0.7
1.902,8.709482,2.070313,33.946764,0.048524,0.7
1.903,8.692147,2.176821,33.948247,0.048024,0.7
1.904,8.68143,2.213734,33.947968,0.047524,0.7
1.905,8.669532,2.237366,33.948496,0.047024,0.7
1.906,8.680617,2.19041,33.949776,0.046523,0.7
1.907,8.688728,2.176389,33.951947,0.046023,0.7
1.908,8.666098,2.2459,33.951904,0.045523,0.7
1.909,8.662406,2.253687,33.950889,0.045023,0.7
1.91,8.672032,2.318562,33.951267,0.044522,0.7
1.911,8.661629,2.299245,33.951123,0.044022,0.7
1.912,8.653663,2.223352,33.952782,0.043522,0.7
1.913,8.639995,2.312343,33.952282,0.043022,0.7
1.914,8.65105,2.271326,33.95528,0.042521,0.7
1.915,8.629398,2.460313,33.955612,0.042021,0.7
1.916,8.625389,2.480176,33.955452,0.041521,0.7
1.917,8.616349,2.371584,33.956048,0.041021,0.7
1.918,8.617886,2.498959,33.95631,0.04052,0.7
1.919,8.616216,2.50178,33.95753,0.04002,0.7
1.92,8.598676,2.49403,33.956601,0.03952,0.7
1.921,8.602442,2.50955,33.957878,0.03902,0.7
1.922,8.591472,2.680786,33.959559,0.038519,0.7
1.923,8.572841,2.639828,33.958794,0.038019,0.7
1.924,8.566909,2.72693,33.961375,0.037519,0.7
1.925,8.587169,2.635103,33.962833,0.037019,0.7
1.926,8.546487,2.791934,33.964962,0.036518,0.7
1.927,8.571896,2.656928,33.965671,0.036018,0.7
1.928,8.55027,2.833854,33.966135,0.035518,0.7
1.929,8.54436,2.815916,33.967064,0.035018,0.7
1.93,8.535588,2.831348,33.969158,0.034517,0.7
1.931,8.541002,2.863637,33.971179,0.034017,0.7
1.932,8.538429,2.887801,33.972165,0.033517,0.7
1.933,8.530896,2.943962,33.973558,0.033017,0.7
1.934,8.523884,3.002844,33.974808,0.032516,0.7
1.935,8.503858,3.067792,33.97668,0.032016,0.7
1.936,8.508802,3.074411,33.97635,0.031516,0.7
1.937,8.499571,3.13656,33.978398,0.031016,0.7
1.938,8.48374,3.188295,33.979386,0.030515,0.7
1.939,8.478005,3.148169,33.982074,0.030015,0.7
1.94,8.488913,3.23181,33.983153,0.029515,0.7
1.941,8.465468,3.227679,33.986872,0.029015,0.7
1.942,8.473837,3.217519,33.987963,0.028514,0.7
1.943,8.458582,3.224432,33.988695,0.028014,0.7
1.944,8.450498,3.378184,33.989102,0.027514,0.7
1.945,8.436022,3.413856,33.991062,0.027014,0.7
1.946,8.431584,3.502109,33.993951,0.026513,0.7
1.947,8.422466,3.492312,33.996791,0.026013,0.7
1.948,8.410947,3.543737,33.998332,0.025513,0.7
1.949,8.406471,3.598211,34.000606,0.025013,0.7
1.95,8.389593,3.716133,34.003198,0.024512,0.7
1.951,8.393785,3.790041,34.00485,0.024012,0.7
1.952,8.380487,3.766349,34.00644,0.023512,0.7
1.953,8.388538,3.831697,34.008185,0.023012,0.7
1.954,8.387641,3.861815,34.010988,0.022511,0.7
1.955,8.373863,3.778145,34.013289,0.022011,0.7
1.956,8.366036,3.849705,34.015535,0.021511,0.7
1.957,8.348891,3.961911,34.016759,0.021011,0.7
1.958,8.339728,4.007175,34.020088,0.02051,0.7
1.959,8.336,4.094869,34.023599,0.02001,0.7
1.96,8.334397,4.138781,34.026466,0.01951,0.7
1.961,8.332599,4.079135,34.029731,0.01901,0.7
1.962,8.316759,4.149824,34.034421,0.018509,0.7
1.963,8.310441,4.281029,34.037592,0.018009,0.7
1.964,8.309514,4.187405,34.039198,0.017509,0.7
1.965,8.29925,4.307238,34.043656,0.017009,0.7
1.966,8.301177,4.241461,34.04523,0.016508,0.7
1.967,8.273585,4.311924,34.048522,0.016008,0.7
1.968,8.26511,4.448161,34.051905,0.015508,0.7
1.969,8.263936,4.449042,34.054892,0.015008,0.7
1.97,8.252637,4.603361,34.057752,0.014507,0.7
1.971,8.247982,4.62089,34.060692,0.014007,0.7
1.972,8.242136,4.716482,34.06347,0.013507,0.7
1.973,8.234712,4.669115,34.067428,0.013007,0.7
1.974,8.220257,4.756769,34.071507,0.012506,0.7
1.975,8.215598,4.752801,34.075556,0.012006,0.7
1.976,8.191017,4.79172,34.078965,0.011506,0.7
1.977,8.192182,4.798634,34.082405,0.011006,0.7
1.978,8.189477,4.859672,34.084458,0.010505,0.7
1.979,8.150947,5.016785,34.086925,0.010005,0.7
1.98,8.153041,4.961389,34.089272,0.009505,0.7
1.981,8.152991,5.109335,34.091954,0.009005,0.7
1.982,8.153977,5.037654,34.093903,0.008504,0.7
1.983,8.154669,4.988831,34.097287,0.008004,0.7
1.984,8.131308,5.141412,34.101692,0.007504,0.7
1.985,8.124525,5.174471,34.105297,0.007004,0.7
1.986,8.110517,5.25459,34.109638,0.006503,0.7
1.987,8.110495,5.33993,34.113073,0.006003,0.7
1.988,8.103072,5.29437,34.118766,0.005503,0.7
1.989,8.102589,5.301058,34.123904,0.005003,0.7
1.99,8.083145,5.342537,34.128544,0.004502,0.7
1.991,8.075234,5.387362,34.132682,0.004002,0.7
1.992,8.070264,5.418441,34.136091,0.003502,0.7
1.993,8.063823,5.473049,34.139971,0.003002,0.7
1.994,8.036343,5.632528,34.144154,0.002501,0.7
1.995,8.033502,5.610687,34.150569,0.002001,0.7
1.996,8.012934,5.645782,34.155421,0.001501,0.7
1.997,8.01595,5.646701,34.159166,0.001001,0.7
1.998,8.0,5.734759,34.165344,0.0005,0.7
1.999,8.0,5.718622,34.170654,0.0,0.7